event_id,customer_id,user_id,event_type,event_date
1,1,9,dashboard_view,2026-02-27
2,1,5,login,2026-03-10
3,1,10,integration_used,2026-03-01
4,1,14,dashboard_view,2026-03-06
5,1,11,integration_used,2026-02-12
6,1,24,dashboard_view,2026-03-03
7,1,25,export,2026-03-08
8,1,17,export,2026-02-27
9,1,10,login,2026-02-26
10,1,3,integration_used,2026-03-01
11,1,15,dashboard_view,2026-03-06
12,1,19,login,2026-03-02
13,1,2,export,2026-03-04
14,1,20,export,2026-02-13
15,1,10,login,2026-02-24
16,1,4,dashboard_view,2026-02-28
17,1,9,report_created,2026-02-18
18,1,25,report_created,2026-03-01
19,1,2,login,2026-03-01
20,1,19,dashboard_view,2026-02-24
21,1,12,report_created,2026-02-24
22,1,3,integration_used,2026-03-01
23,1,15,integration_used,2026-02-17
24,1,9,integration_used,2026-02-15
25,1,22,login,2026-02-22
26,1,5,export,2026-03-10
27,1,12,report_created,2026-02-16
28,1,18,dashboard_view,2026-03-02
29,1,7,integration_used,2026-02-22
30,1,13,login,2026-02-25
31,1,2,dashboard_view,2026-03-12
32,1,23,export,2026-03-03
33,1,17,dashboard_view,2026-02-27
34,1,20,integration_used,2026-02-13
35,1,5,integration_used,2026-03-03
36,1,11,export,2026-03-08
37,1,20,report_created,2026-02-18
38,1,19,integration_used,2026-03-03
39,1,23,report_created,2026-03-25
40,1,16,login,2026-03-17
41,1,12,login,2026-04-02
42,1,14,report_created,2026-03-25
43,1,24,login,2026-03-16
44,1,20,report_created,2026-03-28
45,1,21,integration_used,2026-03-18
46,1,19,login,2026-04-05
47,1,19,dashboard_view,2026-03-28
48,1,17,integration_used,2026-03-23
49,1,25,export,2026-03-17
50,1,5,dashboard_view,2026-03-17
51,1,2,login,2026-03-25
52,1,7,export,2026-04-12
53,1,11,dashboard_view,2026-03-30
54,1,14,dashboard_view,2026-03-21
55,1,14,integration_used,2026-03-27
56,1,16,login,2026-03-16
57,1,23,integration_used,2026-04-08
58,1,7,report_created,2026-03-26
59,1,22,integration_used,2026-03-28
60,1,13,dashboard_view,2026-04-02
61,1,15,integration_used,2026-03-14
62,1,11,report_created,2026-03-26
63,1,22,report_created,2026-03-19
64,1,20,dashboard_view,2026-03-28
65,1,8,integration_used,2026-04-04
66,1,10,report_created,2026-04-05
67,1,25,dashboard_view,2026-04-03
68,1,23,export,2026-03-21
69,1,11,report_created,2026-03-28
70,1,18,report_created,2026-03-14
71,1,10,integration_used,2026-04-09
72,1,22,export,2026-03-26
73,1,13,report_created,2026-03-17
74,1,25,dashboard_view,2026-03-18
75,1,10,report_created,2026-04-11
76,1,23,report_created,2026-04-10
77,1,15,report_created,2026-03-23
78,1,24,dashboard_view,2026-03-28
79,1,7,integration_used,2026-03-17
80,1,9,integration_used,2026-03-14
81,1,23,dashboard_view,2026-04-04
82,1,4,integration_used,2026-03-24
83,1,8,login,2026-04-05
84,1,22,integration_used,2026-03-15
85,1,8,dashboard_view,2026-03-23
86,1,2,export,2026-04-09
87,1,11,export,2026-03-21
88,1,4,dashboard_view,2026-03-22
89,1,18,dashboard_view,2026-04-13
90,1,14,export,2026-04-22
91,1,16,dashboard_view,2026-04-22
92,1,25,report_created,2026-05-03
93,1,10,login,2026-04-22
94,1,25,integration_used,2026-05-10
95,1,8,login,2026-04-25
96,1,6,dashboard_view,2026-04-29
97,1,2,export,2026-04-16
98,1,16,report_created,2026-05-07
99,1,2,report_created,2026-05-12
100,1,19,login,2026-04-23
101,1,11,export,2026-05-03
102,1,21,integration_used,2026-04-25
103,1,16,dashboard_view,2026-04-14
104,1,17,report_created,2026-04-28
105,1,7,login,2026-04-17
106,1,11,export,2026-05-07
107,1,21,dashboard_view,2026-05-04
108,1,1,report_created,2026-04-19
109,1,10,dashboard_view,2026-04-24
110,1,6,export,2026-04-23
111,1,14,report_created,2026-04-26
112,1,3,login,2026-04-30
113,1,6,export,2026-05-08
114,1,11,dashboard_view,2026-04-13
115,1,1,export,2026-05-04
116,1,8,report_created,2026-04-28
117,1,11,integration_used,2026-05-03
118,1,24,login,2026-04-24
119,1,9,report_created,2026-04-22
120,1,23,login,2026-05-05
121,1,22,export,2026-05-09
122,1,10,export,2026-05-07
123,1,22,report_created,2026-04-26
124,1,23,report_created,2026-05-09
125,1,12,dashboard_view,2026-04-23
126,1,8,export,2026-05-08
127,1,5,integration_used,2026-04-28
128,1,12,integration_used,2026-04-29
129,1,25,dashboard_view,2026-05-25
130,1,25,integration_used,2026-06-04
131,1,3,export,2026-05-26
132,1,17,report_created,2026-05-20
133,1,3,integration_used,2026-05-13
134,1,4,integration_used,2026-06-10
135,1,17,integration_used,2026-06-05
136,1,18,dashboard_view,2026-06-07
137,1,11,integration_used,2026-05-15
138,1,15,dashboard_view,2026-06-08
139,1,23,export,2026-05-24
140,1,3,integration_used,2026-05-14
141,1,15,login,2026-05-17
142,1,15,integration_used,2026-06-07
143,1,14,integration_used,2026-05-28
144,1,2,export,2026-05-25
145,1,22,report_created,2026-05-17
146,1,24,export,2026-06-11
147,1,9,login,2026-05-16
148,1,24,integration_used,2026-06-05
149,1,3,export,2026-06-10
150,1,12,login,2026-05-20
151,1,18,login,2026-06-10
152,1,16,report_created,2026-06-10
153,1,14,dashboard_view,2026-06-06
154,1,25,export,2026-05-22
155,1,12,export,2026-05-14
156,1,15,export,2026-05-15
157,1,13,integration_used,2026-06-09
158,1,5,report_created,2026-05-22
159,1,4,integration_used,2026-06-06
160,1,13,dashboard_view,2026-05-26
161,1,24,login,2026-06-04
162,1,25,report_created,2026-06-11
163,1,15,integration_used,2026-05-21
164,1,14,export,2026-05-25
165,1,8,export,2026-06-04
166,1,12,report_created,2026-06-07
167,1,7,login,2026-05-13
168,1,2,export,2026-05-17
169,1,20,login,2026-05-18
170,1,8,login,2026-06-05
171,1,4,login,2026-05-23
172,1,15,login,2026-05-23
173,1,8,login,2026-05-19
174,1,13,dashboard_view,2026-05-28
175,1,18,login,2026-06-05
176,1,5,report_created,2026-05-26
177,1,8,integration_used,2026-05-16
178,1,11,integration_used,2026-05-24
179,1,25,report_created,2026-05-21
180,1,8,dashboard_view,2026-06-02
181,1,22,dashboard_view,2026-05-26
182,1,14,report_created,2026-06-02
183,1,2,integration_used,2026-05-25
184,1,21,export,2026-06-20
185,1,18,login,2026-06-26
186,1,12,export,2026-06-21
187,1,17,export,2026-07-01
188,1,14,report_created,2026-07-07
189,1,13,integration_used,2026-07-06
190,1,16,dashboard_view,2026-07-04
191,1,10,dashboard_view,2026-06-14
192,1,15,login,2026-06-12
193,1,18,export,2026-06-28
194,1,18,dashboard_view,2026-06-25
195,1,13,report_created,2026-07-04
196,1,7,login,2026-07-01
197,1,15,report_created,2026-06-14
198,1,3,dashboard_view,2026-06-24
199,1,2,export,2026-07-03
200,1,22,integration_used,2026-06-22
201,1,2,login,2026-06-14
202,1,7,integration_used,2026-06-16
203,1,24,integration_used,2026-06-20
204,1,7,dashboard_view,2026-06-26
205,1,11,login,2026-07-02
206,1,7,dashboard_view,2026-06-12
207,1,24,export,2026-07-08
208,1,8,integration_used,2026-06-19
209,1,23,export,2026-07-05
210,1,8,report_created,2026-06-24
211,1,25,export,2026-07-02
212,1,15,report_created,2026-06-24
213,1,10,report_created,2026-07-03
214,1,17,export,2026-06-13
215,1,15,export,2026-07-08
216,1,25,report_created,2026-06-15
217,1,7,report_created,2026-06-30
218,1,14,integration_used,2026-07-10
219,1,8,dashboard_view,2026-06-18
220,1,1,integration_used,2026-07-03
221,1,19,export,2026-06-23
222,1,10,dashboard_view,2026-07-07
223,1,11,export,2026-07-04
224,1,19,dashboard_view,2026-06-15
225,1,16,report_created,2026-06-24
226,1,9,export,2026-06-17
227,1,24,export,2026-06-21
228,1,15,report_created,2026-07-06
229,1,6,integration_used,2026-07-07
230,1,16,integration_used,2026-07-06
231,1,21,integration_used,2026-07-10
232,1,2,login,2026-06-15
233,1,22,login,2026-07-10
234,1,5,dashboard_view,2026-07-15
235,1,3,dashboard_view,2026-07-19
236,1,1,integration_used,2026-08-04
237,1,15,login,2026-07-30
238,1,20,integration_used,2026-07-21
239,1,16,export,2026-07-20
240,1,1,integration_used,2026-08-10
241,1,18,login,2026-07-28
242,1,1,report_created,2026-07-25
243,1,18,login,2026-08-01
244,1,17,export,2026-07-15
245,1,6,login,2026-08-07
246,1,17,dashboard_view,2026-08-06
247,1,7,integration_used,2026-07-22
248,1,9,report_created,2026-07-15
249,1,9,export,2026-07-16
250,1,3,export,2026-07-30
251,1,15,dashboard_view,2026-07-23
252,1,23,report_created,2026-08-03
253,1,22,login,2026-07-15
254,1,21,login,2026-07-14
255,1,3,export,2026-07-29
256,1,13,export,2026-07-24
257,1,2,login,2026-07-21
258,1,23,login,2026-08-05
259,1,16,export,2026-07-14
260,1,21,report_created,2026-07-16
261,1,19,login,2026-07-14
262,1,17,login,2026-07-12
263,1,8,integration_used,2026-08-04
264,1,16,login,2026-08-02
265,1,3,report_created,2026-07-20
266,1,18,login,2026-07-23
267,1,6,report_created,2026-07-12
268,1,1,integration_used,2026-08-04
269,1,5,export,2026-07-17
270,1,3,dashboard_view,2026-08-01
271,1,19,integration_used,2026-08-03
272,1,13,integration_used,2026-07-20
273,1,11,dashboard_view,2026-07-29
274,1,23,login,2026-07-18
275,1,17,report_created,2026-07-18
276,1,2,export,2026-08-07
277,1,8,login,2026-07-15
278,1,11,integration_used,2026-07-22
279,1,20,report_created,2026-07-29
280,1,1,report_created,2026-07-21
281,1,15,dashboard_view,2026-07-26
282,1,12,export,2026-07-24
283,1,14,integration_used,2026-08-05
284,1,22,login,2026-07-29
285,1,25,report_created,2026-07-22
286,1,8,login,2026-07-19
287,1,3,dashboard_view,2026-08-02
288,1,13,dashboard_view,2026-07-19
289,1,24,report_created,2026-07-29
290,1,12,login,2026-08-07
291,1,1,export,2026-08-01
292,2,27,dashboard_view,2026-03-10
293,2,26,export,2026-03-08
294,2,27,integration_used,2026-02-24
295,2,28,login,2026-02-28
296,2,26,report_created,2026-03-11
297,2,28,integration_used,2026-03-11
298,2,28,report_created,2026-02-16
299,2,27,report_created,2026-03-13
300,2,27,login,2026-03-01
301,2,28,integration_used,2026-02-13
302,2,26,integration_used,2026-02-23
303,2,26,export,2026-02-20
304,2,26,report_created,2026-03-09
305,2,27,export,2026-03-05
306,2,26,dashboard_view,2026-03-11
307,2,27,export,2026-03-05
308,2,27,login,2026-02-26
309,2,27,dashboard_view,2026-03-05
310,2,28,export,2026-02-21
311,2,28,dashboard_view,2026-02-22
312,2,27,dashboard_view,2026-03-10
313,2,27,export,2026-03-13
314,2,27,integration_used,2026-02-15
315,2,27,report_created,2026-02-16
316,2,27,export,2026-03-03
317,2,28,dashboard_view,2026-02-22
318,2,27,integration_used,2026-03-03
319,2,28,export,2026-03-07
320,2,27,export,2026-03-08
321,2,27,export,2026-03-04
322,2,28,dashboard_view,2026-02-16
323,2,27,report_created,2026-03-01
324,2,27,login,2026-03-02
325,2,28,integration_used,2026-03-07
326,2,28,integration_used,2026-03-08
327,2,26,export,2026-02-18
328,2,28,export,2026-03-07
329,2,27,login,2026-02-15
330,2,27,export,2026-02-20
331,2,26,report_created,2026-02-21
332,2,26,dashboard_view,2026-03-05
333,2,28,export,2026-02-28
334,2,26,integration_used,2026-02-27
335,2,27,export,2026-02-23
336,2,28,export,2026-02-25
337,2,28,report_created,2026-03-12
338,2,28,integration_used,2026-02-13
339,2,28,login,2026-02-21
340,2,26,dashboard_view,2026-02-17
341,2,28,report_created,2026-02-20
342,2,26,integration_used,2026-02-21
343,2,26,export,2026-02-23
344,2,27,export,2026-02-16
345,2,26,login,2026-03-13
346,2,27,integration_used,2026-03-06
347,2,28,integration_used,2026-02-25
348,2,27,export,2026-04-01
349,2,27,integration_used,2026-03-19
350,2,28,dashboard_view,2026-03-27
351,2,27,export,2026-04-12
352,2,26,export,2026-04-03
353,2,26,dashboard_view,2026-04-09
354,2,27,report_created,2026-04-03
355,2,27,dashboard_view,2026-03-18
356,2,28,report_created,2026-03-28
357,2,27,export,2026-04-09
358,2,28,export,2026-03-21
359,2,27,report_created,2026-04-10
360,2,26,login,2026-03-18
361,2,26,report_created,2026-03-16
362,2,28,dashboard_view,2026-04-09
363,2,28,integration_used,2026-04-05
364,2,26,dashboard_view,2026-03-26
365,2,27,export,2026-03-26
366,2,27,export,2026-04-05
367,2,28,dashboard_view,2026-04-07
368,2,28,export,2026-03-22
369,2,27,integration_used,2026-04-12
370,2,26,integration_used,2026-03-29
371,2,27,login,2026-03-31
372,2,28,dashboard_view,2026-04-06
373,2,27,login,2026-03-19
374,2,28,integration_used,2026-04-09
375,2,26,report_created,2026-04-01
376,2,26,login,2026-03-29
377,2,27,export,2026-03-22
378,2,28,report_created,2026-03-23
379,2,28,integration_used,2026-03-31
380,2,27,login,2026-03-25
381,2,27,export,2026-04-01
382,2,28,report_created,2026-04-07
383,2,28,login,2026-03-25
384,2,28,report_created,2026-04-08
385,2,26,report_created,2026-04-05
386,2,26,report_created,2026-04-07
387,2,28,integration_used,2026-04-08
388,2,27,integration_used,2026-03-30
389,2,26,export,2026-03-25
390,2,27,export,2026-04-07
391,2,28,dashboard_view,2026-03-26
392,2,28,export,2026-04-07
393,2,27,dashboard_view,2026-04-08
394,2,27,export,2026-03-17
395,2,27,export,2026-05-12
396,2,26,export,2026-05-06
397,2,28,export,2026-04-26
398,2,27,export,2026-04-21
399,2,27,export,2026-04-20
400,2,27,login,2026-05-07
401,2,28,dashboard_view,2026-05-12
402,2,27,report_created,2026-05-11
403,2,26,report_created,2026-04-25
404,2,26,export,2026-04-18
405,2,28,export,2026-04-19
406,2,28,login,2026-04-26
407,2,28,report_created,2026-05-09
408,2,28,report_created,2026-04-16
409,2,28,login,2026-04-16
410,2,28,integration_used,2026-04-28
411,2,26,login,2026-04-29
412,2,28,dashboard_view,2026-04-16
413,2,27,login,2026-04-15
414,2,27,report_created,2026-05-04
415,2,26,login,2026-04-28
416,2,26,integration_used,2026-05-06
417,2,28,integration_used,2026-05-01
418,2,28,dashboard_view,2026-04-29
419,2,28,dashboard_view,2026-05-08
420,2,26,login,2026-04-17
421,2,28,integration_used,2026-05-01
422,2,27,integration_used,2026-04-23
423,2,26,report_created,2026-05-02
424,2,27,report_created,2026-04-24
425,2,28,login,2026-04-14
426,2,26,export,2026-04-18
427,2,26,dashboard_view,2026-05-04
428,2,28,dashboard_view,2026-04-15
429,2,26,report_created,2026-05-08
430,2,26,export,2026-04-18
431,2,26,report_created,2026-05-24
432,2,28,export,2026-05-29
433,2,27,login,2026-06-09
434,2,27,report_created,2026-05-26
435,2,28,report_created,2026-05-13
436,2,27,report_created,2026-05-27
437,2,28,login,2026-06-11
438,2,28,report_created,2026-05-28
439,2,26,integration_used,2026-05-17
440,2,27,export,2026-06-05
441,2,26,report_created,2026-05-27
442,2,27,report_created,2026-05-16
443,2,27,integration_used,2026-05-25
444,2,26,export,2026-05-24
445,2,27,login,2026-05-14
446,2,26,export,2026-06-08
447,2,26,dashboard_view,2026-06-08
448,2,27,login,2026-05-28
449,2,27,dashboard_view,2026-06-05
450,2,28,dashboard_view,2026-06-02
451,2,27,report_created,2026-06-09
452,2,27,report_created,2026-06-09
453,2,28,dashboard_view,2026-05-14
454,2,26,report_created,2026-05-30
455,2,28,dashboard_view,2026-05-20
456,2,27,login,2026-05-22
457,2,28,login,2026-06-08
458,2,26,login,2026-05-27
459,2,26,dashboard_view,2026-05-24
460,2,28,export,2026-05-21
461,2,26,report_created,2026-06-11
462,2,26,export,2026-05-15
463,2,28,export,2026-06-07
464,2,26,export,2026-06-04
465,2,26,login,2026-05-19
466,2,26,report_created,2026-06-01
467,2,27,export,2026-06-07
468,2,26,dashboard_view,2026-05-22
469,2,26,integration_used,2026-05-26
470,2,26,dashboard_view,2026-05-23
471,2,27,dashboard_view,2026-05-31
472,2,28,dashboard_view,2026-05-19
473,2,27,export,2026-05-23
474,2,26,login,2026-06-09
475,2,26,login,2026-05-18
476,2,27,report_created,2026-06-28
477,2,26,report_created,2026-07-04
478,2,28,dashboard_view,2026-07-09
479,2,28,integration_used,2026-06-22
480,2,28,report_created,2026-06-22
481,2,28,report_created,2026-07-11
482,2,26,integration_used,2026-06-25
483,2,28,export,2026-07-05
484,2,27,login,2026-06-21
485,2,26,export,2026-06-26
486,2,26,export,2026-07-04
487,2,28,login,2026-06-22
488,2,28,login,2026-06-13
489,2,27,report_created,2026-06-12
490,2,26,integration_used,2026-06-29
491,2,27,integration_used,2026-06-30
492,2,28,export,2026-07-06
493,2,26,integration_used,2026-07-11
494,2,26,report_created,2026-07-11
495,2,26,login,2026-07-10
496,2,27,report_created,2026-06-25
497,2,28,integration_used,2026-06-19
498,2,27,export,2026-06-28
499,2,26,integration_used,2026-06-21
500,2,28,dashboard_view,2026-06-22
501,2,27,report_created,2026-07-09
502,2,26,dashboard_view,2026-06-25
503,2,26,report_created,2026-06-24
504,2,27,login,2026-06-23
505,2,27,export,2026-06-19
506,2,28,dashboard_view,2026-06-14
507,2,26,login,2026-07-04
508,2,27,export,2026-07-08
509,2,28,login,2026-06-22
510,2,27,dashboard_view,2026-06-20
511,2,26,dashboard_view,2026-07-11
512,2,28,dashboard_view,2026-07-11
513,2,27,integration_used,2026-07-25
514,2,28,dashboard_view,2026-08-02
515,2,27,report_created,2026-08-06
516,2,28,login,2026-07-13
517,2,26,export,2026-07-31
518,2,27,login,2026-07-25
519,2,27,integration_used,2026-07-19
520,2,28,export,2026-08-08
521,2,27,report_created,2026-07-25
522,2,26,integration_used,2026-07-26
523,2,26,dashboard_view,2026-07-30
524,2,27,login,2026-07-17
525,2,28,login,2026-07-20
526,2,26,integration_used,2026-07-18
527,2,26,login,2026-08-09
528,2,26,export,2026-08-09
529,2,27,dashboard_view,2026-07-29
530,2,26,login,2026-07-12
531,2,28,export,2026-07-16
532,2,26,dashboard_view,2026-07-31
533,2,27,report_created,2026-07-12
534,2,27,login,2026-07-15
535,2,28,login,2026-07-30
536,2,28,login,2026-07-20
537,2,26,integration_used,2026-08-03
538,2,26,login,2026-07-29
539,2,27,report_created,2026-07-14
540,2,27,login,2026-07-31
541,2,28,login,2026-07-27
542,2,27,report_created,2026-08-04
543,2,28,report_created,2026-07-16
544,2,28,dashboard_view,2026-07-22
545,2,27,integration_used,2026-07-30
546,2,27,dashboard_view,2026-07-17
547,2,28,integration_used,2026-07-13
548,3,33,export,2026-03-13
549,3,29,integration_used,2026-03-06
550,3,40,login,2026-02-21
551,3,39,export,2026-03-13
552,3,52,report_created,2026-02-18
553,3,32,integration_used,2026-03-07
554,3,36,export,2026-02-28
555,3,30,report_created,2026-03-09
556,3,31,dashboard_view,2026-03-12
557,3,45,report_created,2026-02-28
558,3,43,login,2026-02-18
559,3,47,integration_used,2026-03-10
560,3,33,export,2026-02-21
561,3,31,integration_used,2026-02-23
562,3,30,dashboard_view,2026-02-28
563,3,36,report_created,2026-03-04
564,3,39,export,2026-02-12
565,3,51,report_created,2026-02-15
566,3,39,report_created,2026-02-27
567,3,36,dashboard_view,2026-03-11
568,3,33,integration_used,2026-02-17
569,3,32,login,2026-03-09
570,3,34,export,2026-02-27
571,3,39,login,2026-02-28
572,3,46,dashboard_view,2026-03-02
573,3,43,export,2026-03-04
574,3,37,login,2026-02-14
575,3,31,report_created,2026-03-08
576,3,55,integration_used,2026-02-19
577,3,30,report_created,2026-03-07
578,3,33,dashboard_view,2026-03-11
579,3,40,integration_used,2026-03-01
580,3,30,report_created,2026-02-20
581,3,37,dashboard_view,2026-02-15
582,3,29,export,2026-03-01
583,3,46,integration_used,2026-02-18
584,3,36,export,2026-03-10
585,3,32,dashboard_view,2026-02-16
586,3,32,login,2026-03-13
587,3,55,dashboard_view,2026-02-17
588,3,33,export,2026-03-07
589,3,40,login,2026-02-20
590,3,55,login,2026-04-10
591,3,31,export,2026-04-06
592,3,54,login,2026-04-08
593,3,55,report_created,2026-03-18
594,3,32,export,2026-04-11
595,3,30,integration_used,2026-04-07
596,3,42,export,2026-03-17
597,3,44,export,2026-04-12
598,3,50,dashboard_view,2026-03-30
599,3,40,dashboard_view,2026-04-06
600,3,37,export,2026-04-04
601,3,33,integration_used,2026-04-11
602,3,48,dashboard_view,2026-03-24
603,3,49,export,2026-04-03
604,3,42,integration_used,2026-03-15
605,3,44,login,2026-04-11
606,3,37,dashboard_view,2026-03-31
607,3,42,integration_used,2026-04-06
608,3,36,integration_used,2026-03-23
609,3,54,export,2026-04-12
610,3,54,report_created,2026-03-21
611,3,44,export,2026-03-26
612,3,40,integration_used,2026-03-14
613,3,45,export,2026-04-02
614,3,37,login,2026-04-07
615,3,39,dashboard_view,2026-03-24
616,3,29,report_created,2026-03-15
617,3,30,export,2026-03-18
618,3,45,integration_used,2026-04-01
619,3,36,login,2026-04-07
620,3,36,dashboard_view,2026-03-22
621,3,37,login,2026-03-26
622,3,53,integration_used,2026-04-05
623,3,54,report_created,2026-03-31
624,3,55,dashboard_view,2026-03-16
625,3,34,integration_used,2026-04-05
626,3,39,report_created,2026-03-18
627,3,47,report_created,2026-04-12
628,3,47,dashboard_view,2026-03-25
629,3,47,export,2026-04-06
630,3,46,dashboard_view,2026-04-03
631,3,44,login,2026-04-11
632,3,30,integration_used,2026-04-05
633,3,29,export,2026-04-26
634,3,29,integration_used,2026-05-02
635,3,35,dashboard_view,2026-04-17
636,3,39,dashboard_view,2026-04-20
637,3,54,report_created,2026-04-15
638,3,30,dashboard_view,2026-05-12
639,3,47,dashboard_view,2026-04-20
640,3,53,integration_used,2026-05-09
641,3,40,report_created,2026-05-10
642,3,51,export,2026-04-21
643,3,47,report_created,2026-05-09
644,3,38,dashboard_view,2026-05-02
645,3,34,export,2026-04-19
646,3,54,export,2026-04-22
647,3,49,dashboard_view,2026-05-02
648,3,51,integration_used,2026-04-25
649,3,54,dashboard_view,2026-05-01
650,3,50,dashboard_view,2026-04-24
651,3,41,report_created,2026-05-03
652,3,33,login,2026-05-07
653,3,51,export,2026-04-24
654,3,53,login,2026-04-24
655,3,34,report_created,2026-04-23
656,3,54,dashboard_view,2026-04-23
657,3,49,login,2026-04-24
658,3,44,report_created,2026-05-08
659,3,52,dashboard_view,2026-05-10
660,3,40,dashboard_view,2026-05-02
661,3,49,login,2026-04-14
662,3,55,report_created,2026-04-20
663,3,43,report_created,2026-05-12
664,3,35,login,2026-05-05
665,3,40,login,2026-05-04
666,3,52,login,2026-05-12
667,3,41,export,2026-04-28
668,3,34,export,2026-04-14
669,3,44,export,2026-04-14
670,3,40,export,2026-04-25
671,3,32,export,2026-04-16
672,3,54,integration_used,2026-04-15
673,3,49,dashboard_view,2026-04-18
674,3,34,login,2026-04-28
675,3,54,login,2026-04-15
676,3,38,report_created,2026-05-12
677,3,37,login,2026-05-09
678,3,39,export,2026-05-07
679,3,34,login,2026-04-19
680,3,39,integration_used,2026-05-23
681,3,44,login,2026-05-20
682,3,42,dashboard_view,2026-05-22
683,3,48,export,2026-05-14
684,3,34,login,2026-06-10
685,3,39,dashboard_view,2026-06-05
686,3,42,integration_used,2026-05-20
687,3,52,integration_used,2026-05-13
688,3,37,report_created,2026-05-21
689,3,38,login,2026-06-04
690,3,30,integration_used,2026-05-30
691,3,46,export,2026-05-16
692,3,33,report_created,2026-06-10
693,3,29,login,2026-05-29
694,3,38,integration_used,2026-05-16
695,3,44,login,2026-06-05
696,3,29,dashboard_view,2026-06-05
697,3,49,login,2026-06-02
698,3,44,login,2026-05-15
699,3,38,export,2026-05-17
700,3,44,report_created,2026-05-27
701,3,31,integration_used,2026-05-22
702,3,41,report_created,2026-06-06
703,3,41,dashboard_view,2026-05-31
704,3,43,report_created,2026-06-10
705,3,43,report_created,2026-05-28
706,3,36,report_created,2026-05-16
707,3,47,dashboard_view,2026-06-10
708,3,53,login,2026-05-20
709,3,31,report_created,2026-05-21
710,3,54,export,2026-05-25
711,3,53,dashboard_view,2026-05-24
712,3,46,export,2026-06-10
713,3,55,export,2026-05-26
714,3,46,export,2026-05-21
715,3,47,dashboard_view,2026-05-14
716,3,44,login,2026-06-02
717,3,41,login,2026-05-14
718,3,45,integration_used,2026-05-24
719,3,54,integration_used,2026-05-24
720,3,33,export,2026-06-08
721,3,34,dashboard_view,2026-06-06
722,3,33,export,2026-07-10
723,3,31,export,2026-06-20
724,3,35,dashboard_view,2026-06-15
725,3,55,report_created,2026-06-22
726,3,39,login,2026-06-12
727,3,31,integration_used,2026-06-29
728,3,41,report_created,2026-06-24
729,3,37,export,2026-06-25
730,3,29,integration_used,2026-06-16
731,3,47,export,2026-06-25
732,3,32,dashboard_view,2026-06-28
733,3,33,integration_used,2026-06-23
734,3,47,login,2026-06-17
735,3,32,login,2026-06-23
736,3,54,integration_used,2026-07-02
737,3,40,export,2026-06-13
738,3,37,export,2026-06-29
739,3,47,export,2026-06-22
740,3,30,report_created,2026-07-06
741,3,41,integration_used,2026-07-07
742,3,48,export,2026-06-20
743,3,30,report_created,2026-06-29
744,3,51,login,2026-07-04
745,3,52,report_created,2026-06-26
746,3,40,report_created,2026-07-11
747,3,55,report_created,2026-06-16
748,3,38,export,2026-07-03
749,3,51,login,2026-06-20
750,3,36,report_created,2026-07-07
751,3,52,report_created,2026-06-27
752,3,37,export,2026-06-18
753,3,48,login,2026-06-21
754,3,35,dashboard_view,2026-06-27
755,3,55,export,2026-06-28
756,3,53,report_created,2026-06-25
757,3,55,integration_used,2026-07-10
758,3,54,login,2026-07-06
759,3,38,integration_used,2026-06-19
760,3,41,integration_used,2026-07-07
761,3,47,dashboard_view,2026-07-11
762,3,35,dashboard_view,2026-06-13
763,3,55,dashboard_view,2026-07-10
764,3,30,login,2026-06-27
765,3,40,dashboard_view,2026-06-19
766,3,37,export,2026-06-30
767,3,45,login,2026-06-29
768,3,50,dashboard_view,2026-07-11
769,3,40,integration_used,2026-06-26
770,3,43,export,2026-07-06
771,3,47,report_created,2026-06-24
772,3,40,report_created,2026-07-06
773,3,38,export,2026-08-10
774,3,30,integration_used,2026-08-05
775,3,53,dashboard_view,2026-08-04
776,3,49,dashboard_view,2026-08-03
777,3,37,export,2026-07-21
778,3,45,login,2026-08-10
779,3,44,dashboard_view,2026-07-12
780,3,49,integration_used,2026-08-05
781,3,54,dashboard_view,2026-08-10
782,3,37,report_created,2026-07-22
783,3,51,report_created,2026-07-19
784,3,42,export,2026-07-13
785,3,40,report_created,2026-07-27
786,3,35,report_created,2026-07-27
787,3,50,integration_used,2026-07-25
788,3,41,login,2026-07-23
789,3,29,report_created,2026-07-25
790,3,46,integration_used,2026-07-21
791,3,48,report_created,2026-08-01
792,3,50,export,2026-08-07
793,3,31,report_created,2026-07-31
794,3,49,report_created,2026-07-31
795,3,37,report_created,2026-07-21
796,3,35,integration_used,2026-08-06
797,3,53,login,2026-08-03
798,3,54,integration_used,2026-07-14
799,3,41,report_created,2026-07-20
800,3,50,login,2026-08-06
801,3,49,report_created,2026-07-26
802,3,37,export,2026-07-12
803,3,41,login,2026-07-29
804,3,47,integration_used,2026-07-19
805,3,55,report_created,2026-08-04
806,3,52,dashboard_view,2026-07-19
807,3,50,export,2026-07-24
808,3,50,integration_used,2026-07-30
809,3,38,dashboard_view,2026-07-14
810,3,55,integration_used,2026-07-20
811,3,34,login,2026-08-01
812,3,44,report_created,2026-08-06
813,3,52,integration_used,2026-07-16
814,3,53,dashboard_view,2026-07-12
815,3,50,report_created,2026-07-13
816,3,49,dashboard_view,2026-08-08
817,3,40,report_created,2026-08-03
818,3,42,report_created,2026-07-16
819,3,40,integration_used,2026-08-02
820,4,57,login,2026-02-14
821,4,57,integration_used,2026-03-12
822,4,58,login,2026-02-22
823,4,57,dashboard_view,2026-02-13
824,4,58,export,2026-03-10
825,4,58,export,2026-03-04
826,4,56,dashboard_view,2026-02-14
827,4,56,report_created,2026-03-07
828,4,57,export,2026-02-23
829,4,56,dashboard_view,2026-03-03
830,4,56,report_created,2026-02-26
831,4,58,report_created,2026-03-08
832,4,58,login,2026-03-12
833,4,57,dashboard_view,2026-03-05
834,4,56,dashboard_view,2026-02-23
835,4,57,login,2026-02-16
836,4,56,export,2026-02-22
837,4,58,export,2026-02-28
838,4,57,export,2026-02-26
839,4,56,integration_used,2026-03-12
840,4,56,report_created,2026-02-18
841,4,56,report_created,2026-02-13
842,4,58,login,2026-03-07
843,4,58,dashboard_view,2026-03-13
844,4,56,report_created,2026-02-19
845,4,57,login,2026-03-09
846,4,57,integration_used,2026-02-25
847,4,57,login,2026-03-08
848,4,56,report_created,2026-03-04
849,4,57,integration_used,2026-02-18
850,4,58,report_created,2026-02-25
851,4,57,dashboard_view,2026-02-13
852,4,57,export,2026-02-13
853,4,57,dashboard_view,2026-02-17
854,4,56,export,2026-02-12
855,4,56,dashboard_view,2026-03-06
856,4,58,dashboard_view,2026-03-09
857,4,58,integration_used,2026-03-13
858,4,58,login,2026-03-08
859,4,57,login,2026-02-19
860,4,57,report_created,2026-02-13
861,4,58,login,2026-02-22
862,4,58,login,2026-03-12
863,4,58,login,2026-02-15
864,4,58,export,2026-04-09
865,4,57,login,2026-03-31
866,4,58,export,2026-04-04
867,4,58,dashboard_view,2026-04-08
868,4,58,login,2026-03-22
869,4,57,login,2026-03-30
870,4,58,report_created,2026-03-27
871,4,58,dashboard_view,2026-03-24
872,4,57,login,2026-03-17
873,4,58,integration_used,2026-03-20
874,4,56,login,2026-04-03
875,4,56,dashboard_view,2026-03-28
876,4,58,report_created,2026-04-06
877,4,58,report_created,2026-04-06
878,4,58,report_created,2026-03-30
879,4,56,integration_used,2026-04-11
880,4,57,dashboard_view,2026-03-14
881,4,58,export,2026-03-14
882,4,57,login,2026-04-05
883,4,56,login,2026-03-22
884,4,56,integration_used,2026-03-17
885,4,58,dashboard_view,2026-03-28
886,4,56,integration_used,2026-03-19
887,4,56,login,2026-03-20
888,4,57,dashboard_view,2026-03-23
889,4,57,report_created,2026-04-03
890,4,57,login,2026-04-11
891,4,56,login,2026-03-16
892,4,57,report_created,2026-04-01
893,4,57,login,2026-03-20
894,4,56,login,2026-03-16
895,4,56,dashboard_view,2026-03-16
896,4,58,dashboard_view,2026-03-23
897,4,57,export,2026-04-01
898,4,58,login,2026-04-04
899,4,57,report_created,2026-03-17
900,4,56,export,2026-04-30
901,4,57,export,2026-05-04
902,4,58,export,2026-04-15
903,4,57,dashboard_view,2026-04-22
904,4,56,login,2026-05-08
905,4,56,export,2026-05-09
906,4,58,integration_used,2026-04-27
907,4,58,dashboard_view,2026-04-28
908,4,58,report_created,2026-04-30
909,4,58,dashboard_view,2026-05-12
910,4,57,export,2026-04-13
911,4,56,export,2026-04-14
912,4,57,login,2026-05-11
913,4,57,report_created,2026-04-22
914,4,56,integration_used,2026-04-20
915,4,58,integration_used,2026-04-24
916,4,56,report_created,2026-04-21
917,4,58,integration_used,2026-04-26
918,4,56,dashboard_view,2026-04-29
919,4,57,export,2026-05-01
920,4,56,integration_used,2026-04-16
921,4,58,login,2026-05-11
922,4,58,dashboard_view,2026-04-13
923,4,58,export,2026-04-15
924,4,57,dashboard_view,2026-04-15
925,4,56,export,2026-04-18
926,4,57,report_created,2026-05-05
927,4,57,integration_used,2026-05-11
928,4,56,export,2026-04-25
929,4,57,dashboard_view,2026-04-16
930,4,56,export,2026-04-28
931,4,58,login,2026-04-28
932,4,57,report_created,2026-04-28
933,4,56,login,2026-04-27
934,4,56,export,2026-04-30
935,4,56,integration_used,2026-04-25
936,4,56,login,2026-04-16
937,4,58,report_created,2026-04-23
938,4,58,dashboard_view,2026-04-25
939,4,58,export,2026-04-21
940,4,57,login,2026-05-01
941,4,56,export,2026-04-15
942,4,57,integration_used,2026-04-25
943,4,58,report_created,2026-04-27
944,4,58,login,2026-04-28
945,4,58,login,2026-06-04
946,4,57,report_created,2026-05-31
947,4,58,report_created,2026-05-26
948,4,58,login,2026-06-08
949,4,56,dashboard_view,2026-05-27
950,4,58,export,2026-05-19
951,4,56,integration_used,2026-06-03
952,4,56,login,2026-06-05
953,4,57,export,2026-06-05
954,4,56,report_created,2026-05-20
955,4,56,export,2026-05-18
956,4,56,integration_used,2026-05-13
957,4,56,export,2026-05-18
958,4,57,integration_used,2026-05-21
959,4,58,export,2026-06-07
960,4,56,login,2026-05-26
961,4,58,export,2026-05-13
962,4,58,integration_used,2026-05-27
963,4,56,integration_used,2026-05-20
964,4,56,dashboard_view,2026-05-19
965,4,56,integration_used,2026-05-30
966,4,58,report_created,2026-05-14
967,4,58,export,2026-05-14
968,4,57,dashboard_view,2026-05-23
969,4,57,report_created,2026-05-30
970,4,57,dashboard_view,2026-05-28
971,4,56,integration_used,2026-05-29
972,4,58,integration_used,2026-05-14
973,4,57,integration_used,2026-05-16
974,4,57,integration_used,2026-05-20
975,4,58,dashboard_view,2026-06-05
976,4,56,report_created,2026-05-23
977,4,58,dashboard_view,2026-05-31
978,4,58,dashboard_view,2026-05-22
979,4,58,report_created,2026-05-25
980,4,58,report_created,2026-06-08
981,4,58,integration_used,2026-05-27
982,4,58,export,2026-05-21
983,4,58,integration_used,2026-05-19
984,4,57,export,2026-05-14
985,4,56,login,2026-05-26
986,4,56,dashboard_view,2026-05-30
987,4,56,login,2026-05-21
988,4,57,dashboard_view,2026-06-17
989,4,57,report_created,2026-06-20
990,4,56,login,2026-06-15
991,4,58,report_created,2026-06-16
992,4,56,integration_used,2026-06-17
993,4,56,export,2026-06-30
994,4,56,integration_used,2026-06-22
995,4,56,integration_used,2026-06-18
996,4,57,integration_used,2026-07-04
997,4,58,login,2026-07-02
998,4,57,export,2026-06-29
999,4,58,integration_used,2026-07-01
1000,4,56,report_created,2026-07-11
1001,4,56,export,2026-06-22
1002,4,56,report_created,2026-06-12
1003,4,58,integration_used,2026-06-24
1004,4,56,dashboard_view,2026-06-17
1005,4,57,dashboard_view,2026-06-27
1006,4,58,dashboard_view,2026-07-09
1007,4,56,integration_used,2026-06-18
1008,4,56,login,2026-06-29
1009,4,57,integration_used,2026-07-03
1010,4,57,dashboard_view,2026-07-07
1011,4,58,report_created,2026-06-14
1012,4,56,export,2026-07-01
1013,4,58,dashboard_view,2026-06-12
1014,4,56,report_created,2026-07-07
1015,4,58,integration_used,2026-07-10
1016,4,58,export,2026-07-02
1017,4,58,report_created,2026-06-24
1018,4,56,report_created,2026-06-16
1019,4,58,dashboard_view,2026-07-04
1020,4,58,integration_used,2026-07-09
1021,4,56,integration_used,2026-06-28
1022,4,58,login,2026-06-29
1023,4,57,dashboard_view,2026-07-04
1024,4,58,report_created,2026-07-01
1025,4,57,dashboard_view,2026-07-02
1026,4,58,export,2026-06-25
1027,4,58,login,2026-06-15
1028,4,56,report_created,2026-06-20
1029,4,57,integration_used,2026-07-04
1030,4,58,login,2026-07-04
1031,4,58,report_created,2026-06-13
1032,4,57,login,2026-06-12
1033,4,57,integration_used,2026-07-03
1034,4,58,login,2026-07-02
1035,4,58,report_created,2026-06-15
1036,4,58,integration_used,2026-06-16
1037,4,57,login,2026-06-26
1038,4,57,dashboard_view,2026-06-13
1039,4,58,login,2026-08-08
1040,4,56,integration_used,2026-07-17
1041,4,58,login,2026-08-10
1042,4,56,dashboard_view,2026-07-20
1043,4,58,login,2026-07-28
1044,4,56,export,2026-07-24
1045,4,58,login,2026-07-15
1046,4,58,dashboard_view,2026-07-20
1047,4,56,report_created,2026-07-27
1048,4,56,login,2026-08-08
1049,4,56,report_created,2026-08-05
1050,4,58,integration_used,2026-08-08
1051,4,56,report_created,2026-07-12
1052,4,57,export,2026-07-29
1053,4,58,export,2026-07-29
1054,4,57,export,2026-08-10
1055,4,58,integration_used,2026-08-07
1056,4,56,integration_used,2026-07-21
1057,4,56,integration_used,2026-07-17
1058,4,56,login,2026-07-19
1059,4,57,integration_used,2026-07-12
1060,4,56,report_created,2026-08-01
1061,4,58,report_created,2026-08-08
1062,4,57,export,2026-07-29
1063,4,58,export,2026-08-10
1064,4,56,dashboard_view,2026-07-24
1065,4,56,export,2026-07-18
1066,4,58,dashboard_view,2026-08-01
1067,4,57,report_created,2026-07-20
1068,4,56,integration_used,2026-07-24
1069,4,56,login,2026-08-07
1070,4,56,integration_used,2026-07-23
1071,4,57,integration_used,2026-07-24
1072,4,56,dashboard_view,2026-08-01
1073,4,58,report_created,2026-07-18
1074,4,56,integration_used,2026-07-28
1075,4,56,dashboard_view,2026-08-05
1076,4,56,report_created,2026-07-22
1077,4,56,dashboard_view,2026-08-07
1078,4,58,integration_used,2026-07-16
1079,4,56,integration_used,2026-07-14
1080,4,57,integration_used,2026-07-21
1081,4,56,login,2026-08-01
1082,4,57,dashboard_view,2026-08-07
1083,4,58,export,2026-07-23
1084,4,57,dashboard_view,2026-07-30
1085,4,58,dashboard_view,2026-07-21
1086,4,56,integration_used,2026-08-01
1087,4,56,dashboard_view,2026-07-13
1088,4,57,export,2026-07-26
1089,4,57,report_created,2026-07-22
1090,4,58,dashboard_view,2026-07-23
1091,4,58,report_created,2026-07-23
1092,4,57,dashboard_view,2026-07-28
1093,4,56,dashboard_view,2026-07-31
1094,5,69,report_created,2026-02-28
1095,5,64,report_created,2026-03-09
1096,5,66,export,2026-02-27
1097,5,64,report_created,2026-02-17
1098,5,66,login,2026-02-24
1099,5,61,integration_used,2026-02-21
1100,5,60,report_created,2026-02-15
1101,5,61,integration_used,2026-02-13
1102,5,62,login,2026-03-05
1103,5,60,login,2026-02-13
1104,5,67,login,2026-02-21
1105,5,68,export,2026-02-23
1106,5,68,login,2026-03-07
1107,5,67,integration_used,2026-03-05
1108,5,67,dashboard_view,2026-02-26
1109,5,64,dashboard_view,2026-03-01
1110,5,68,report_created,2026-02-18
1111,5,61,integration_used,2026-02-27
1112,5,67,export,2026-03-11
1113,5,64,login,2026-02-25
1114,5,69,integration_used,2026-03-06
1115,5,69,integration_used,2026-03-08
1116,5,61,dashboard_view,2026-02-27
1117,5,61,integration_used,2026-02-23
1118,5,69,dashboard_view,2026-02-14
1119,5,66,login,2026-03-02
1120,5,62,export,2026-02-17
1121,5,62,report_created,2026-03-11
1122,5,64,login,2026-03-06
1123,5,69,integration_used,2026-03-07
1124,5,64,export,2026-03-01
1125,5,66,login,2026-02-13
1126,5,59,report_created,2026-02-21
1127,5,60,integration_used,2026-02-19
1128,5,69,report_created,2026-02-15
1129,5,63,integration_used,2026-02-23
1130,5,68,export,2026-03-08
1131,5,69,report_created,2026-03-01
1132,5,68,login,2026-02-21
1133,5,67,export,2026-03-05
1134,5,62,export,2026-02-25
1135,5,64,report_created,2026-02-15
1136,5,66,export,2026-02-16
1137,5,68,integration_used,2026-03-13
1138,5,61,dashboard_view,2026-02-27
1139,5,62,integration_used,2026-03-11
1140,5,69,dashboard_view,2026-03-05
1141,5,61,dashboard_view,2026-03-08
1142,5,64,login,2026-02-22
1143,5,69,export,2026-03-06
1144,5,64,login,2026-02-18
1145,5,66,export,2026-02-20
1146,5,66,integration_used,2026-03-07
1147,5,61,export,2026-02-21
1148,5,59,login,2026-03-06
1149,5,61,integration_used,2026-02-23
1150,5,61,integration_used,2026-03-09
1151,5,59,integration_used,2026-02-13
1152,5,61,dashboard_view,2026-03-12
1153,5,63,dashboard_view,2026-02-12
1154,5,67,integration_used,2026-03-01
1155,5,68,login,2026-02-21
1156,5,69,report_created,2026-02-15
1157,5,60,export,2026-03-07
1158,5,68,export,2026-02-26
1159,5,61,export,2026-03-06
1160,5,68,integration_used,2026-03-09
1161,5,68,integration_used,2026-03-22
1162,5,63,report_created,2026-04-07
1163,5,66,integration_used,2026-03-24
1164,5,60,export,2026-04-05
1165,5,65,login,2026-04-08
1166,5,59,integration_used,2026-04-06
1167,5,67,export,2026-03-22
1168,5,61,login,2026-03-24
1169,5,61,integration_used,2026-03-28
1170,5,68,integration_used,2026-04-11
1171,5,67,login,2026-03-19
1172,5,60,dashboard_view,2026-03-28
1173,5,68,login,2026-03-26
1174,5,69,export,2026-03-23
1175,5,67,report_created,2026-03-30
1176,5,59,integration_used,2026-03-21
1177,5,65,export,2026-04-05
1178,5,65,integration_used,2026-04-01
1179,5,68,export,2026-04-09
1180,5,61,export,2026-04-04
1181,5,62,login,2026-03-14
1182,5,63,integration_used,2026-03-24
1183,5,65,dashboard_view,2026-04-04
1184,5,59,login,2026-03-21
1185,5,68,login,2026-03-27
1186,5,67,export,2026-04-12
1187,5,69,report_created,2026-04-06
1188,5,65,login,2026-04-01
1189,5,61,integration_used,2026-03-30
1190,5,63,integration_used,2026-04-04
1191,5,65,report_created,2026-03-25
1192,5,68,export,2026-04-04
1193,5,62,integration_used,2026-03-30
1194,5,67,dashboard_view,2026-03-28
1195,5,64,integration_used,2026-03-26
1196,5,66,report_created,2026-04-04
1197,5,68,export,2026-04-01
1198,5,61,login,2026-03-16
1199,5,62,dashboard_view,2026-03-29
1200,5,60,integration_used,2026-04-06
1201,5,65,report_created,2026-03-18
1202,5,67,login,2026-03-24
1203,5,61,login,2026-03-31
1204,5,60,dashboard_view,2026-03-17
1205,5,66,integration_used,2026-03-14
1206,5,65,login,2026-04-10
1207,5,63,report_created,2026-04-05
1208,5,60,login,2026-03-24
1209,5,65,export,2026-03-14
1210,5,68,integration_used,2026-03-23
1211,5,63,integration_used,2026-03-21
1212,5,59,dashboard_view,2026-03-19
1213,5,69,export,2026-03-28
1214,5,59,integration_used,2026-04-06
1215,5,63,login,2026-04-06
1216,5,68,integration_used,2026-03-27
1217,5,62,dashboard_view,2026-03-24
1218,5,69,report_created,2026-04-11
1219,5,62,login,2026-03-23
1220,5,61,report_created,2026-04-10
1221,5,64,export,2026-04-21
1222,5,65,dashboard_view,2026-04-24
1223,5,67,login,2026-05-12
1224,5,60,report_created,2026-04-25
1225,5,67,integration_used,2026-04-13
1226,5,64,report_created,2026-05-01
1227,5,62,dashboard_view,2026-04-23
1228,5,66,export,2026-04-13
1229,5,68,report_created,2026-05-12
1230,5,61,integration_used,2026-04-29
1231,5,60,login,2026-04-25
1232,5,67,report_created,2026-05-03
1233,5,60,integration_used,2026-04-17
1234,5,63,integration_used,2026-04-14
1235,5,68,export,2026-05-04
1236,5,65,export,2026-04-24
1237,5,62,report_created,2026-04-18
1238,5,66,export,2026-04-21
1239,5,68,login,2026-04-15
1240,5,66,report_created,2026-05-09
1241,5,60,dashboard_view,2026-04-30
1242,5,69,dashboard_view,2026-04-20
1243,5,64,report_created,2026-04-29
1244,5,67,login,2026-04-25
1245,5,63,report_created,2026-05-05
1246,5,60,report_created,2026-04-30
1247,5,60,dashboard_view,2026-04-25
1248,5,66,report_created,2026-05-02
1249,5,62,integration_used,2026-04-14
1250,5,63,dashboard_view,2026-05-07
1251,5,66,dashboard_view,2026-04-19
1252,5,62,dashboard_view,2026-04-19
1253,5,63,dashboard_view,2026-05-06
1254,5,62,dashboard_view,2026-04-16
1255,5,68,dashboard_view,2026-05-01
1256,5,60,login,2026-05-09
1257,5,69,export,2026-04-21
1258,5,68,integration_used,2026-05-12
1259,5,59,export,2026-04-15
1260,5,64,report_created,2026-04-23
1261,5,66,integration_used,2026-04-14
1262,5,63,dashboard_view,2026-04-27
1263,5,67,export,2026-05-04
1264,5,62,integration_used,2026-04-18
1265,5,61,integration_used,2026-05-11
1266,5,65,integration_used,2026-04-27
1267,5,59,report_created,2026-04-26
1268,5,65,dashboard_view,2026-04-15
1269,5,66,integration_used,2026-05-09
1270,5,66,login,2026-05-02
1271,5,59,dashboard_view,2026-04-21
1272,5,65,login,2026-04-24
1273,5,64,report_created,2026-05-23
1274,5,61,report_created,2026-05-25
1275,5,62,export,2026-06-03
1276,5,68,report_created,2026-06-01
1277,5,61,export,2026-05-27
1278,5,62,report_created,2026-05-29
1279,5,64,export,2026-05-15
1280,5,63,dashboard_view,2026-05-28
1281,5,68,integration_used,2026-06-07
1282,5,69,login,2026-06-04
1283,5,63,dashboard_view,2026-05-17
1284,5,67,export,2026-05-29
1285,5,62,dashboard_view,2026-06-07
1286,5,66,login,2026-05-17
1287,5,61,export,2026-05-29
1288,5,61,integration_used,2026-05-14
1289,5,67,report_created,2026-05-19
1290,5,66,report_created,2026-06-02
1291,5,67,integration_used,2026-05-15
1292,5,59,login,2026-05-30
1293,5,61,dashboard_view,2026-06-10
1294,5,63,login,2026-05-27
1295,5,66,report_created,2026-05-19
1296,5,63,report_created,2026-05-31
1297,5,67,report_created,2026-05-25
1298,5,64,export,2026-06-11
1299,5,60,integration_used,2026-05-31
1300,5,62,integration_used,2026-05-24
1301,5,69,integration_used,2026-05-22
1302,5,61,report_created,2026-05-18
1303,5,64,integration_used,2026-06-01
1304,5,66,export,2026-05-18
1305,5,60,integration_used,2026-05-30
1306,5,63,dashboard_view,2026-05-28
1307,5,61,report_created,2026-05-22
1308,5,69,integration_used,2026-06-22
1309,5,65,login,2026-06-14
1310,5,60,report_created,2026-07-06
1311,5,62,report_created,2026-07-01
1312,5,69,report_created,2026-07-02
1313,5,68,export,2026-06-21
1314,5,63,export,2026-06-13
1315,5,64,integration_used,2026-06-18
1316,5,67,export,2026-06-27
1317,5,61,login,2026-07-06
1318,5,61,dashboard_view,2026-06-18
1319,5,69,login,2026-07-03
1320,5,62,export,2026-07-06
1321,5,60,login,2026-07-08
1322,5,66,login,2026-06-24
1323,5,59,export,2026-06-17
1324,5,67,login,2026-06-17
1325,5,60,integration_used,2026-07-03
1326,5,61,export,2026-07-09
1327,5,63,dashboard_view,2026-07-04
1328,5,63,dashboard_view,2026-06-27
1329,5,61,dashboard_view,2026-06-25
1330,5,59,report_created,2026-07-10
1331,5,64,export,2026-06-14
1332,5,66,integration_used,2026-06-14
1333,5,63,export,2026-06-24
1334,5,61,integration_used,2026-06-19
1335,5,61,integration_used,2026-06-23
1336,5,69,integration_used,2026-07-18
1337,5,65,integration_used,2026-07-25
1338,5,63,report_created,2026-07-12
1339,5,66,dashboard_view,2026-07-24
1340,5,60,report_created,2026-07-27
1341,5,64,report_created,2026-07-28
1342,5,61,login,2026-08-01
1343,5,59,dashboard_view,2026-07-25
1344,5,64,export,2026-08-01
1345,5,67,export,2026-08-10
1346,5,66,login,2026-08-01
1347,5,65,report_created,2026-07-16
1348,6,95,integration_used,2026-03-13
1349,6,81,export,2026-03-07
1350,6,87,export,2026-02-28
1351,6,77,export,2026-03-08
1352,6,96,dashboard_view,2026-03-01
1353,6,78,export,2026-03-11
1354,6,90,integration_used,2026-03-06
1355,6,94,integration_used,2026-02-16
1356,6,95,report_created,2026-02-19
1357,6,79,integration_used,2026-02-21
1358,6,95,export,2026-03-05
1359,6,76,login,2026-02-14
1360,6,75,report_created,2026-03-09
1361,6,73,export,2026-02-21
1362,6,89,report_created,2026-02-27
1363,6,92,export,2026-02-22
1364,6,76,login,2026-03-03
1365,6,74,integration_used,2026-03-12
1366,6,70,login,2026-03-08
1367,6,79,dashboard_view,2026-03-05
1368,6,92,login,2026-02-27
1369,6,77,dashboard_view,2026-03-11
1370,6,70,dashboard_view,2026-02-26
1371,6,80,report_created,2026-02-28
1372,6,95,export,2026-02-16
1373,6,81,login,2026-02-27
1374,6,80,dashboard_view,2026-03-11
1375,6,71,export,2026-03-05
1376,6,72,export,2026-02-24
1377,6,75,report_created,2026-03-07
1378,6,96,login,2026-03-01
1379,6,73,dashboard_view,2026-02-17
1380,6,82,export,2026-02-17
1381,6,77,login,2026-02-18
1382,6,76,login,2026-02-27
1383,6,86,dashboard_view,2026-02-20
1384,6,85,report_created,2026-03-01
1385,6,80,login,2026-03-08
1386,6,93,integration_used,2026-02-12
1387,6,86,report_created,2026-03-10
1388,6,85,report_created,2026-02-21
1389,6,76,login,2026-03-02
1390,6,73,export,2026-04-05
1391,6,80,dashboard_view,2026-04-12
1392,6,95,integration_used,2026-04-04
1393,6,73,dashboard_view,2026-03-31
1394,6,70,integration_used,2026-04-11
1395,6,95,export,2026-03-21
1396,6,92,dashboard_view,2026-03-24
1397,6,81,login,2026-03-19
1398,6,77,export,2026-04-07
1399,6,72,integration_used,2026-03-22
1400,6,80,login,2026-03-14
1401,6,71,dashboard_view,2026-04-01
1402,6,92,login,2026-03-26
1403,6,74,dashboard_view,2026-03-28
1404,6,80,report_created,2026-03-26
1405,6,95,export,2026-03-15
1406,6,93,login,2026-04-06
1407,6,92,report_created,2026-03-31
1408,6,93,report_created,2026-04-08
1409,6,71,export,2026-03-28
1410,6,87,integration_used,2026-04-03
1411,6,92,dashboard_view,2026-03-28
1412,6,88,integration_used,2026-04-07
1413,6,81,export,2026-04-02
1414,6,78,integration_used,2026-03-16
1415,6,87,login,2026-04-07
1416,6,86,export,2026-04-08
1417,6,79,report_created,2026-03-17
1418,6,87,export,2026-04-01
1419,6,70,integration_used,2026-03-19
1420,6,82,dashboard_view,2026-03-20
1421,6,70,report_created,2026-03-24
1422,6,94,dashboard_view,2026-03-24
1423,6,80,login,2026-03-20
1424,6,91,export,2026-03-26
1425,6,76,export,2026-03-27
1426,6,94,dashboard_view,2026-03-26
1427,6,89,report_created,2026-04-03
1428,6,83,report_created,2026-03-23
1429,6,73,integration_used,2026-04-09
1430,6,91,login,2026-04-10
1431,6,75,login,2026-04-15
1432,6,76,export,2026-05-09
1433,6,76,login,2026-05-09
1434,6,88,export,2026-04-22
1435,6,91,integration_used,2026-04-27
1436,6,89,integration_used,2026-04-20
1437,6,78,report_created,2026-05-11
1438,6,77,login,2026-04-23
1439,6,70,dashboard_view,2026-04-13
1440,6,90,login,2026-04-27
1441,6,84,login,2026-04-17
1442,6,81,export,2026-04-25
1443,6,96,login,2026-05-01
1444,6,96,report_created,2026-04-23
1445,6,86,login,2026-05-11
1446,6,96,login,2026-05-03
1447,6,76,login,2026-04-26
1448,6,73,dashboard_view,2026-04-19
1449,6,87,dashboard_view,2026-04-30
1450,6,76,dashboard_view,2026-04-26
1451,6,88,dashboard_view,2026-04-22
1452,6,87,integration_used,2026-04-19
1453,6,83,login,2026-04-19
1454,6,94,integration_used,2026-04-22
1455,6,81,export,2026-04-21
1456,6,92,export,2026-04-21
1457,6,73,dashboard_view,2026-05-07
1458,6,87,integration_used,2026-04-30
1459,6,80,dashboard_view,2026-04-21
1460,6,87,export,2026-04-23
1461,6,81,report_created,2026-04-14
1462,6,87,report_created,2026-05-02
1463,6,83,export,2026-04-18
1464,6,96,report_created,2026-04-19
1465,6,89,integration_used,2026-05-05
1466,6,87,export,2026-05-06
1467,6,94,report_created,2026-04-25
1468,6,81,export,2026-04-28
1469,6,82,login,2026-05-12
1470,6,79,login,2026-04-23
1471,6,86,report_created,2026-05-08
1472,6,70,dashboard_view,2026-05-03
1473,6,76,report_created,2026-04-15
1474,6,70,report_created,2026-04-18
1475,6,73,export,2026-06-10
1476,6,81,dashboard_view,2026-06-07
1477,6,78,integration_used,2026-05-31
1478,6,77,report_created,2026-06-04
1479,6,95,login,2026-06-02
1480,6,88,integration_used,2026-05-30
1481,6,76,login,2026-05-19
1482,6,93,export,2026-06-01
1483,6,75,integration_used,2026-05-27
1484,6,96,login,2026-05-13
1485,6,89,report_created,2026-05-22
1486,6,71,integration_used,2026-05-19
1487,6,82,login,2026-06-09
1488,6,94,report_created,2026-06-01
1489,6,96,export,2026-05-29
1490,6,73,dashboard_view,2026-05-15
1491,6,93,integration_used,2026-05-22
1492,6,70,export,2026-05-22
1493,6,71,integration_used,2026-06-02
1494,6,71,integration_used,2026-06-01
1495,6,88,report_created,2026-06-07
1496,6,86,dashboard_view,2026-05-20
1497,6,74,export,2026-06-10
1498,6,84,integration_used,2026-05-18
1499,6,88,login,2026-05-26
1500,6,77,report_created,2026-05-29
1501,6,95,dashboard_view,2026-05-30
1502,6,74,login,2026-06-01
1503,6,85,login,2026-05-24
1504,6,87,report_created,2026-05-30
1505,6,72,integration_used,2026-05-30
1506,6,83,dashboard_view,2026-05-18
1507,6,94,export,2026-06-07
1508,6,87,export,2026-06-05
1509,6,82,integration_used,2026-05-22
1510,6,76,integration_used,2026-05-25
1511,6,93,dashboard_view,2026-05-26
1512,6,77,report_created,2026-06-09
1513,6,94,report_created,2026-05-29
1514,6,91,integration_used,2026-05-13
1515,6,72,export,2026-06-08
1516,6,83,report_created,2026-05-31
1517,6,76,report_created,2026-06-01
1518,6,89,login,2026-05-22
1519,6,75,integration_used,2026-06-30
1520,6,96,export,2026-06-16
1521,6,89,export,2026-07-07
1522,6,71,dashboard_view,2026-06-12
1523,6,76,report_created,2026-06-20
1524,6,74,login,2026-06-17
1525,6,73,login,2026-06-18
1526,6,77,dashboard_view,2026-06-22
1527,6,96,report_created,2026-06-15
1528,6,70,login,2026-07-01
1529,6,79,export,2026-06-27
1530,6,70,dashboard_view,2026-07-01
1531,6,93,dashboard_view,2026-06-24
1532,6,76,integration_used,2026-06-24
1533,6,94,integration_used,2026-07-03
1534,6,85,dashboard_view,2026-06-22
1535,6,92,login,2026-06-19
1536,6,82,integration_used,2026-06-23
1537,6,71,dashboard_view,2026-07-03
1538,6,71,dashboard_view,2026-07-02
1539,6,95,integration_used,2026-06-19
1540,6,78,export,2026-07-10
1541,6,90,login,2026-07-11
1542,6,82,report_created,2026-06-20
1543,6,91,report_created,2026-06-14
1544,6,73,report_created,2026-07-11
1545,6,90,dashboard_view,2026-06-29
1546,6,82,login,2026-06-25
1547,6,80,integration_used,2026-06-26
1548,6,87,dashboard_view,2026-07-09
1549,6,76,export,2026-06-25
1550,6,87,login,2026-06-12
1551,6,71,integration_used,2026-07-04
1552,6,79,export,2026-07-01
1553,6,82,dashboard_view,2026-06-18
1554,6,70,report_created,2026-06-30
1555,6,81,report_created,2026-06-21
1556,6,77,report_created,2026-06-25
1557,6,95,report_created,2026-07-10
1558,6,82,login,2026-06-13
1559,6,87,dashboard_view,2026-07-03
1560,6,74,export,2026-07-01
1561,6,91,login,2026-07-07
1562,6,93,integration_used,2026-06-29
1563,6,91,dashboard_view,2026-06-22
1564,6,83,integration_used,2026-07-04
1565,6,74,report_created,2026-06-28
1566,6,89,export,2026-07-01
1567,6,87,dashboard_view,2026-07-07
1568,6,90,integration_used,2026-07-07
1569,6,87,dashboard_view,2026-06-20
1570,6,74,integration_used,2026-07-02
1571,6,74,dashboard_view,2026-06-28
1572,6,90,integration_used,2026-06-12
1573,6,80,integration_used,2026-08-08
1574,6,87,login,2026-07-18
1575,6,75,dashboard_view,2026-07-31
1576,6,93,report_created,2026-08-10
1577,6,83,report_created,2026-07-28
1578,6,84,report_created,2026-07-18
1579,6,74,dashboard_view,2026-07-17
1580,6,73,dashboard_view,2026-08-06
1581,6,70,integration_used,2026-07-17
1582,6,89,integration_used,2026-08-02
1583,6,88,dashboard_view,2026-07-22
1584,6,89,dashboard_view,2026-08-03
1585,6,91,report_created,2026-08-10
1586,6,72,export,2026-07-19
1587,6,74,integration_used,2026-07-25
1588,6,85,report_created,2026-07-19
1589,6,75,export,2026-07-14
1590,6,85,dashboard_view,2026-07-26
1591,6,75,dashboard_view,2026-08-04
1592,6,71,login,2026-07-28
1593,6,78,dashboard_view,2026-07-28
1594,6,93,dashboard_view,2026-07-20
1595,6,94,login,2026-08-04
1596,6,75,export,2026-07-12
1597,6,89,report_created,2026-07-26
1598,6,84,dashboard_view,2026-07-13
1599,6,83,login,2026-07-29
1600,6,89,export,2026-07-18
1601,6,93,export,2026-07-31
1602,6,89,integration_used,2026-07-18
1603,6,89,integration_used,2026-07-24
1604,6,90,login,2026-07-13
1605,6,86,export,2026-08-07
1606,6,84,login,2026-07-15
1607,6,77,integration_used,2026-07-25
1608,6,82,login,2026-07-18
1609,6,87,integration_used,2026-07-29
1610,6,94,login,2026-07-21
1611,6,76,export,2026-08-01
1612,6,82,report_created,2026-07-13
1613,6,94,report_created,2026-07-15
1614,6,84,export,2026-08-05
1615,6,79,login,2026-07-22
1616,6,92,dashboard_view,2026-07-25
1617,6,84,export,2026-07-15
1618,6,72,integration_used,2026-07-18
1619,6,73,integration_used,2026-08-05
1620,6,92,dashboard_view,2026-07-24
1621,6,82,report_created,2026-07-28
1622,6,84,dashboard_view,2026-08-10
1623,7,122,export,2026-02-13
1624,7,108,report_created,2026-03-05
1625,7,117,login,2026-02-19
1626,7,108,export,2026-03-10
1627,7,143,integration_used,2026-03-11
1628,7,146,integration_used,2026-02-18
1629,7,117,integration_used,2026-03-01
1630,7,145,dashboard_view,2026-03-12
1631,7,139,dashboard_view,2026-02-23
1632,7,117,dashboard_view,2026-02-14
1633,7,119,login,2026-02-17
1634,7,150,report_created,2026-03-04
1635,7,154,dashboard_view,2026-03-04
1636,7,112,dashboard_view,2026-02-13
1637,7,122,integration_used,2026-03-13
1638,7,129,export,2026-03-13
1639,7,160,export,2026-02-14
1640,7,166,login,2026-02-16
1641,7,160,dashboard_view,2026-03-06
1642,7,157,export,2026-02-27
1643,7,153,integration_used,2026-03-11
1644,7,97,integration_used,2026-03-06
1645,7,132,integration_used,2026-02-22
1646,7,123,dashboard_view,2026-03-12
1647,7,115,report_created,2026-03-12
1648,7,101,login,2026-03-09
1649,7,170,integration_used,2026-02-15
1650,7,135,login,2026-03-03
1651,7,103,export,2026-03-10
1652,7,119,report_created,2026-03-08
1653,7,170,integration_used,2026-02-16
1654,7,119,integration_used,2026-02-27
1655,7,143,login,2026-02-12
1656,7,108,report_created,2026-02-17
1657,7,138,export,2026-03-02
1658,7,105,export,2026-02-17
1659,7,167,report_created,2026-03-11
1660,7,157,login,2026-03-09
1661,7,132,integration_used,2026-03-03
1662,7,149,dashboard_view,2026-02-25
1663,7,123,login,2026-02-22
1664,7,110,integration_used,2026-02-23
1665,7,108,integration_used,2026-02-26
1666,7,133,integration_used,2026-02-28
1667,7,137,integration_used,2026-03-05
1668,7,170,report_created,2026-02-22
1669,7,113,integration_used,2026-02-22
1670,7,160,export,2026-02-25
1671,7,160,dashboard_view,2026-02-16
1672,7,126,report_created,2026-02-19
1673,7,121,login,2026-03-13
1674,7,100,login,2026-02-27
1675,7,123,integration_used,2026-02-16
1676,7,150,login,2026-02-28
1677,7,139,integration_used,2026-03-02
1678,7,124,dashboard_view,2026-03-13
1679,7,133,login,2026-03-05
1680,7,136,integration_used,2026-03-04
1681,7,167,login,2026-03-03
1682,7,139,export,2026-04-02
1683,7,169,login,2026-03-24
1684,7,119,report_created,2026-04-06
1685,7,140,export,2026-03-14
1686,7,157,login,2026-03-18
1687,7,114,dashboard_view,2026-03-28
1688,7,155,integration_used,2026-03-15
1689,7,139,export,2026-03-29
1690,7,104,integration_used,2026-03-17
1691,7,135,report_created,2026-03-25
1692,7,168,login,2026-03-26
1693,7,123,report_created,2026-03-25
1694,7,142,dashboard_view,2026-04-10
1695,7,132,login,2026-03-17
1696,7,140,integration_used,2026-03-31
1697,7,118,integration_used,2026-03-25
1698,7,146,integration_used,2026-04-07
1699,7,111,report_created,2026-03-16
1700,7,137,login,2026-03-21
1701,7,131,login,2026-03-30
1702,7,160,dashboard_view,2026-03-15
1703,7,144,report_created,2026-03-29
1704,7,124,report_created,2026-03-27
1705,7,119,report_created,2026-04-09
1706,7,101,dashboard_view,2026-03-19
1707,7,108,integration_used,2026-03-29
1708,7,100,export,2026-03-18
1709,7,161,dashboard_view,2026-04-08
1710,7,140,export,2026-03-14
1711,7,164,report_created,2026-04-03
1712,7,115,login,2026-03-19
1713,7,163,dashboard_view,2026-03-22
1714,7,123,login,2026-03-20
1715,7,155,integration_used,2026-03-31
1716,7,111,report_created,2026-04-12
1717,7,102,integration_used,2026-03-22
1718,7,108,export,2026-04-02
1719,7,102,integration_used,2026-04-09
1720,7,136,integration_used,2026-04-12
1721,7,136,dashboard_view,2026-03-23
1722,7,138,dashboard_view,2026-04-06
1723,7,133,integration_used,2026-04-04
1724,7,137,export,2026-03-19
1725,7,131,dashboard_view,2026-05-08
1726,7,132,login,2026-05-09
1727,7,168,login,2026-04-26
1728,7,123,report_created,2026-04-25
1729,7,167,report_created,2026-05-02
1730,7,115,report_created,2026-04-20
1731,7,170,dashboard_view,2026-05-05
1732,7,106,integration_used,2026-05-03
1733,7,140,export,2026-04-25
1734,7,103,login,2026-05-08
1735,7,157,login,2026-04-14
1736,7,110,login,2026-04-30
1737,7,108,export,2026-04-29
1738,7,119,integration_used,2026-04-20
1739,7,154,report_created,2026-04-23
1740,7,136,dashboard_view,2026-05-02
1741,7,165,export,2026-05-10
1742,7,169,login,2026-05-08
1743,7,156,export,2026-05-09
1744,7,136,export,2026-04-21
1745,7,157,dashboard_view,2026-05-05
1746,7,115,integration_used,2026-04-15
1747,7,130,report_created,2026-04-13
1748,7,147,report_created,2026-05-07
1749,7,138,export,2026-04-28
1750,7,100,export,2026-05-10
1751,7,111,export,2026-05-01
1752,7,156,dashboard_view,2026-04-15
1753,7,133,report_created,2026-04-18
1754,7,170,integration_used,2026-05-08
1755,7,110,login,2026-04-30
1756,7,138,login,2026-04-25
1757,7,135,export,2026-04-25
1758,7,148,export,2026-04-24
1759,7,127,dashboard_view,2026-04-23
1760,7,167,export,2026-05-07
1761,7,146,report_created,2026-05-10
1762,7,123,integration_used,2026-04-16
1763,7,152,report_created,2026-05-24
1764,7,166,dashboard_view,2026-05-20
1765,7,119,login,2026-05-21
1766,7,170,export,2026-05-16
1767,7,111,integration_used,2026-05-24
1768,7,156,integration_used,2026-06-01
1769,7,109,export,2026-05-16
1770,7,119,export,2026-06-02
1771,7,105,login,2026-05-23
1772,7,145,export,2026-06-01
1773,7,104,dashboard_view,2026-06-09
1774,7,114,integration_used,2026-05-14
1775,7,97,dashboard_view,2026-05-18
1776,7,116,integration_used,2026-05-28
1777,7,134,integration_used,2026-05-30
1778,7,170,dashboard_view,2026-05-28
1779,7,123,report_created,2026-05-21
1780,7,135,report_created,2026-05-24
1781,7,152,report_created,2026-05-20
1782,7,108,login,2026-05-24
1783,7,162,dashboard_view,2026-05-30
1784,7,134,report_created,2026-06-10
1785,7,167,login,2026-06-10
1786,7,168,report_created,2026-05-16
1787,7,111,report_created,2026-05-15
1788,7,100,export,2026-06-04
1789,7,147,report_created,2026-05-22
1790,7,145,export,2026-05-30
1791,7,152,dashboard_view,2026-05-25
1792,7,119,dashboard_view,2026-05-27
1793,7,121,export,2026-05-25
1794,7,143,export,2026-05-16
1795,7,116,dashboard_view,2026-06-02
1796,7,114,login,2026-06-11
1797,7,99,export,2026-06-07
1798,7,152,login,2026-06-07
1799,7,114,export,2026-05-22
1800,7,155,integration_used,2026-05-14
1801,7,151,dashboard_view,2026-05-23
1802,7,155,export,2026-05-26
1803,7,167,export,2026-05-16
1804,7,146,dashboard_view,2026-05-31
1805,7,120,integration_used,2026-05-29
1806,7,170,dashboard_view,2026-06-26
1807,7,161,export,2026-07-03
1808,7,166,report_created,2026-06-23
1809,7,101,integration_used,2026-07-10
1810,7,158,report_created,2026-06-19
1811,7,111,export,2026-06-23
1812,7,107,integration_used,2026-07-07
1813,7,132,integration_used,2026-06-27
1814,7,107,integration_used,2026-06-25
1815,7,108,export,2026-07-04
1816,7,106,integration_used,2026-06-20
1817,7,171,integration_used,2026-07-02
1818,7,103,report_created,2026-06-13
1819,7,165,login,2026-06-17
1820,7,157,integration_used,2026-06-27
1821,7,157,report_created,2026-06-23
1822,7,150,report_created,2026-06-30
1823,7,134,login,2026-07-06
1824,7,135,integration_used,2026-06-18
1825,7,130,export,2026-07-10
1826,7,171,integration_used,2026-07-06
1827,7,103,report_created,2026-06-20
1828,7,100,export,2026-07-02
1829,7,107,integration_used,2026-07-07
1830,7,106,report_created,2026-06-14
1831,7,113,report_created,2026-07-22
1832,7,132,report_created,2026-07-14
1833,7,98,login,2026-07-18
1834,7,119,integration_used,2026-07-12
1835,7,116,export,2026-07-20
1836,7,144,dashboard_view,2026-07-16
1837,7,130,dashboard_view,2026-07-16
1838,7,159,integration_used,2026-08-05
1839,7,101,login,2026-07-31
1840,7,115,dashboard_view,2026-07-22
1841,7,160,export,2026-07-17
1842,7,146,export,2026-08-03
1843,7,118,integration_used,2026-08-04
1844,7,141,report_created,2026-08-09
1845,7,111,dashboard_view,2026-08-09
1846,7,156,export,2026-07-29
1847,7,135,integration_used,2026-07-26
1848,7,126,export,2026-07-29
1849,7,157,dashboard_view,2026-08-02
1850,7,164,export,2026-07-14
1851,7,98,export,2026-08-01
1852,7,145,report_created,2026-07-20
1853,7,164,login,2026-07-20
1854,7,109,integration_used,2026-07-12
1855,7,142,export,2026-07-14
1856,7,131,report_created,2026-07-31
1857,7,131,login,2026-07-16
1858,7,129,integration_used,2026-07-21
1859,8,175,dashboard_view,2026-02-17
1860,8,177,integration_used,2026-02-20
1861,8,173,report_created,2026-02-25
1862,8,177,dashboard_view,2026-02-19
1863,8,174,login,2026-02-24
1864,8,177,login,2026-03-13
1865,8,172,login,2026-02-28
1866,8,176,export,2026-03-10
1867,8,174,report_created,2026-03-06
1868,8,174,login,2026-03-07
1869,8,172,login,2026-02-22
1870,8,172,dashboard_view,2026-02-22
1871,8,176,login,2026-02-21
1872,8,177,login,2026-03-10
1873,8,176,export,2026-03-09
1874,8,177,integration_used,2026-02-17
1875,8,173,login,2026-02-13
1876,8,177,report_created,2026-03-08
1877,8,174,login,2026-02-27
1878,8,177,report_created,2026-02-27
1879,8,175,report_created,2026-02-19
1880,8,174,login,2026-03-08
1881,8,174,login,2026-02-17
1882,8,175,report_created,2026-03-01
1883,8,172,report_created,2026-03-05
1884,8,173,login,2026-02-27
1885,8,175,dashboard_view,2026-02-12
1886,8,176,dashboard_view,2026-03-01
1887,8,177,login,2026-02-26
1888,8,173,export,2026-02-24
1889,8,173,login,2026-02-22
1890,8,175,report_created,2026-02-19
1891,8,172,login,2026-03-12
1892,8,172,report_created,2026-02-23
1893,8,175,export,2026-03-13
1894,8,173,login,2026-02-21
1895,8,172,export,2026-02-20
1896,8,174,report_created,2026-03-09
1897,8,175,login,2026-02-23
1898,8,176,export,2026-02-19
1899,8,175,export,2026-02-28
1900,8,177,login,2026-02-17
1901,8,176,login,2026-03-06
1902,8,175,export,2026-02-19
1903,8,172,integration_used,2026-02-23
1904,8,174,report_created,2026-03-03
1905,8,175,login,2026-03-12
1906,8,174,report_created,2026-02-24
1907,8,172,export,2026-02-15
1908,8,174,dashboard_view,2026-02-21
1909,8,173,login,2026-02-24
1910,8,175,dashboard_view,2026-02-20
1911,8,174,export,2026-02-19
1912,8,172,report_created,2026-02-21
1913,8,175,export,2026-03-11
1914,8,177,dashboard_view,2026-03-07
1915,8,172,login,2026-03-07
1916,8,175,login,2026-03-31
1917,8,176,report_created,2026-03-23
1918,8,175,export,2026-03-26
1919,8,172,report_created,2026-04-11
1920,8,172,login,2026-04-02
1921,8,175,dashboard_view,2026-04-09
1922,8,177,integration_used,2026-03-22
1923,8,175,integration_used,2026-03-22
1924,8,173,integration_used,2026-03-20
1925,8,173,login,2026-03-14
1926,8,172,dashboard_view,2026-03-20
1927,8,175,login,2026-03-23
1928,8,175,integration_used,2026-03-14
1929,8,172,dashboard_view,2026-04-05
1930,8,172,login,2026-04-07
1931,8,174,login,2026-03-17
1932,8,175,dashboard_view,2026-03-24
1933,8,176,login,2026-04-10
1934,8,172,integration_used,2026-03-28
1935,8,176,login,2026-04-05
1936,8,173,report_created,2026-03-30
1937,8,177,export,2026-03-22
1938,8,174,integration_used,2026-04-09
1939,8,176,report_created,2026-04-08
1940,8,173,login,2026-03-19
1941,8,176,report_created,2026-04-07
1942,8,172,report_created,2026-04-09
1943,8,173,export,2026-03-19
1944,8,173,report_created,2026-03-21
1945,8,176,export,2026-04-07
1946,8,173,integration_used,2026-03-14
1947,8,172,login,2026-04-08
1948,8,177,export,2026-03-24
1949,8,173,export,2026-04-12
1950,8,172,login,2026-04-12
1951,8,173,login,2026-03-14
1952,8,177,integration_used,2026-03-23
1953,8,174,export,2026-03-30
1954,8,177,dashboard_view,2026-04-08
1955,8,173,report_created,2026-03-23
1956,8,176,export,2026-03-29
1957,8,173,integration_used,2026-04-07
1958,8,177,integration_used,2026-04-11
1959,8,173,export,2026-03-21
1960,8,176,report_created,2026-04-10
1961,8,174,login,2026-03-30
1962,8,176,dashboard_view,2026-04-05
1963,8,176,integration_used,2026-05-09
1964,8,174,integration_used,2026-04-15
1965,8,176,export,2026-05-05
1966,8,177,dashboard_view,2026-04-21
1967,8,174,dashboard_view,2026-05-11
1968,8,172,dashboard_view,2026-04-17
1969,8,177,export,2026-04-15
1970,8,175,dashboard_view,2026-05-07
1971,8,177,login,2026-04-13
1972,8,172,report_created,2026-04-22
1973,8,174,export,2026-05-06
1974,8,174,integration_used,2026-05-02
1975,8,175,login,2026-05-11
1976,8,177,integration_used,2026-05-11
1977,8,173,login,2026-05-07
1978,8,175,login,2026-04-26
1979,8,172,dashboard_view,2026-04-14
1980,8,177,integration_used,2026-04-28
1981,8,176,export,2026-05-02
1982,8,173,report_created,2026-04-19
1983,8,173,login,2026-04-18
1984,8,174,login,2026-05-05
1985,8,173,export,2026-04-19
1986,8,173,dashboard_view,2026-04-30
1987,8,172,integration_used,2026-04-27
1988,8,175,export,2026-05-11
1989,8,173,integration_used,2026-05-06
1990,8,175,export,2026-05-07
1991,8,174,export,2026-05-08
1992,8,177,report_created,2026-05-06
1993,8,174,report_created,2026-05-06
1994,8,173,integration_used,2026-05-11
1995,8,172,dashboard_view,2026-05-04
1996,8,172,export,2026-04-15
1997,8,175,dashboard_view,2026-04-29
1998,8,174,report_created,2026-05-05
1999,8,176,integration_used,2026-05-07
2000,8,173,integration_used,2026-04-24
2001,8,172,integration_used,2026-05-29
2002,8,175,dashboard_view,2026-05-15
2003,8,176,export,2026-05-27
2004,8,174,export,2026-06-11
2005,8,177,dashboard_view,2026-05-15
2006,8,173,export,2026-06-01
2007,8,176,integration_used,2026-06-04
2008,8,173,integration_used,2026-05-13
2009,8,172,login,2026-05-29
2010,8,172,integration_used,2026-05-27
2011,8,172,integration_used,2026-05-29
2012,8,175,login,2026-05-27
2013,8,175,dashboard_view,2026-05-27
2014,8,172,login,2026-05-25
2015,8,177,export,2026-05-19
2016,8,173,report_created,2026-06-07
2017,8,174,login,2026-06-04
2018,8,172,report_created,2026-05-27
2019,8,173,export,2026-05-20
2020,8,176,integration_used,2026-05-19
2021,8,172,export,2026-05-28
2022,8,173,export,2026-05-15
2023,8,173,report_created,2026-05-17
2024,8,177,login,2026-05-28
2025,8,177,export,2026-06-09
2026,8,177,integration_used,2026-06-01
2027,8,172,export,2026-06-02
2028,8,174,integration_used,2026-05-20
2029,8,176,dashboard_view,2026-05-24
2030,8,177,integration_used,2026-06-09
2031,8,174,login,2026-05-19
2032,8,176,report_created,2026-05-13
2033,8,172,export,2026-06-08
2034,8,174,integration_used,2026-05-28
2035,8,172,report_created,2026-05-31
2036,8,173,integration_used,2026-05-22
2037,8,177,integration_used,2026-06-09
2038,8,173,dashboard_view,2026-07-01
2039,8,176,export,2026-07-08
2040,8,177,integration_used,2026-06-17
2041,8,177,dashboard_view,2026-07-05
2042,8,174,report_created,2026-06-30
2043,8,176,export,2026-06-20
2044,8,174,login,2026-07-10
2045,8,174,export,2026-06-30
2046,8,175,integration_used,2026-06-25
2047,8,172,integration_used,2026-06-26
2048,8,177,integration_used,2026-06-15
2049,8,174,integration_used,2026-06-27
2050,8,174,login,2026-06-16
2051,8,173,export,2026-06-13
2052,8,172,export,2026-07-09
2053,8,173,login,2026-07-02
2054,8,172,report_created,2026-07-06
2055,8,172,dashboard_view,2026-06-19
2056,8,175,dashboard_view,2026-07-07
2057,8,176,login,2026-06-21
2058,8,174,integration_used,2026-06-28
2059,8,173,report_created,2026-06-26
2060,8,175,login,2026-06-27
2061,8,174,login,2026-07-05
2062,8,172,dashboard_view,2026-06-14
2063,8,176,report_created,2026-06-21
2064,8,175,report_created,2026-06-23
2065,8,177,report_created,2026-06-21
2066,8,175,integration_used,2026-06-23
2067,8,176,export,2026-06-27
2068,8,174,dashboard_view,2026-06-23
2069,8,173,report_created,2026-07-16
2070,8,173,report_created,2026-07-26
2071,8,174,login,2026-07-17
2072,8,173,report_created,2026-07-30
2073,8,175,integration_used,2026-08-05
2074,8,173,integration_used,2026-07-19
2075,8,174,dashboard_view,2026-08-05
2076,8,177,dashboard_view,2026-07-19
2077,8,173,login,2026-08-03
2078,8,172,integration_used,2026-07-31
2079,8,173,report_created,2026-07-27
2080,8,174,dashboard_view,2026-08-05
2081,8,176,login,2026-07-19
2082,8,177,report_created,2026-07-31
2083,8,173,export,2026-07-30
2084,8,176,integration_used,2026-08-05
2085,8,174,login,2026-08-07
2086,8,175,export,2026-07-12
2087,8,173,report_created,2026-07-27
2088,8,173,integration_used,2026-08-10
2089,8,176,report_created,2026-07-31
2090,8,175,report_created,2026-07-13
2091,8,176,dashboard_view,2026-07-20
2092,8,176,export,2026-07-18
2093,8,174,login,2026-07-19
2094,8,177,login,2026-07-26
2095,8,173,integration_used,2026-07-20
2096,8,172,login,2026-08-01
2097,8,175,dashboard_view,2026-07-22
2098,9,180,report_created,2026-03-11
2099,9,178,dashboard_view,2026-02-22
2100,9,182,dashboard_view,2026-02-25
2101,9,180,login,2026-03-07
2102,9,178,export,2026-02-24
2103,9,183,login,2026-02-20
2104,9,182,dashboard_view,2026-03-01
2105,9,181,integration_used,2026-03-03
2106,9,182,login,2026-02-25
2107,9,183,export,2026-03-02
2108,9,179,export,2026-02-19
2109,9,180,report_created,2026-03-01
2110,9,178,report_created,2026-03-04
2111,9,180,export,2026-03-04
2112,9,182,dashboard_view,2026-03-11
2113,9,183,export,2026-02-13
2114,9,183,export,2026-02-28
2115,9,180,export,2026-03-08
2116,9,183,export,2026-02-13
2117,9,179,integration_used,2026-02-15
2118,9,182,dashboard_view,2026-03-11
2119,9,179,export,2026-03-04
2120,9,182,login,2026-03-03
2121,9,182,export,2026-02-17
2122,9,178,export,2026-03-13
2123,9,183,report_created,2026-02-12
2124,9,181,integration_used,2026-03-08
2125,9,181,integration_used,2026-02-19
2126,9,179,dashboard_view,2026-03-07
2127,9,181,integration_used,2026-03-04
2128,9,181,report_created,2026-03-12
2129,9,182,export,2026-03-04
2130,9,182,export,2026-02-18
2131,9,179,login,2026-03-13
2132,9,179,report_created,2026-03-05
2133,9,183,export,2026-02-15
2134,9,178,report_created,2026-02-21
2135,9,181,export,2026-03-08
2136,9,183,dashboard_view,2026-02-21
2137,9,178,report_created,2026-03-10
2138,9,181,integration_used,2026-03-11
2139,9,183,integration_used,2026-03-02
2140,9,181,export,2026-02-23
2141,9,180,export,2026-02-21
2142,9,183,login,2026-02-15
2143,9,180,integration_used,2026-02-25
2144,9,178,report_created,2026-02-14
2145,9,179,login,2026-02-23
2146,9,179,export,2026-03-03
2147,9,180,login,2026-04-07
2148,9,180,export,2026-04-01
2149,9,183,report_created,2026-03-14
2150,9,178,report_created,2026-04-03
2151,9,182,login,2026-03-23
2152,9,182,dashboard_view,2026-04-06
2153,9,178,dashboard_view,2026-03-24
2154,9,182,report_created,2026-04-02
2155,9,183,report_created,2026-03-18
2156,9,180,report_created,2026-03-22
2157,9,178,integration_used,2026-03-26
2158,9,180,dashboard_view,2026-03-17
2159,9,178,integration_used,2026-04-08
2160,9,180,export,2026-04-01
2161,9,181,dashboard_view,2026-04-02
2162,9,178,dashboard_view,2026-04-06
2163,9,182,dashboard_view,2026-04-05
2164,9,182,integration_used,2026-03-24
2165,9,182,integration_used,2026-03-21
2166,9,183,login,2026-03-19
2167,9,181,login,2026-03-29
2168,9,178,dashboard_view,2026-03-17
2169,9,178,report_created,2026-03-28
2170,9,180,report_created,2026-03-21
2171,9,179,export,2026-03-17
2172,9,182,report_created,2026-03-27
2173,9,179,report_created,2026-03-21
2174,9,178,login,2026-03-20
2175,9,179,dashboard_view,2026-04-08
2176,9,183,report_created,2026-04-05
2177,9,179,dashboard_view,2026-04-06
2178,9,178,login,2026-03-30
2179,9,178,export,2026-04-12
2180,9,181,dashboard_view,2026-04-11
2181,9,178,integration_used,2026-04-11
2182,9,182,export,2026-04-11
2183,9,178,report_created,2026-03-14
2184,9,178,report_created,2026-04-10
2185,9,183,login,2026-04-12
2186,9,182,integration_used,2026-05-06
2187,9,179,report_created,2026-05-07
2188,9,178,dashboard_view,2026-05-10
2189,9,183,integration_used,2026-05-04
2190,9,180,dashboard_view,2026-05-01
2191,9,182,integration_used,2026-04-18
2192,9,179,integration_used,2026-04-26
2193,9,178,integration_used,2026-05-09
2194,9,178,dashboard_view,2026-04-26
2195,9,183,report_created,2026-05-06
2196,9,179,integration_used,2026-04-14
2197,9,178,login,2026-04-19
2198,9,179,integration_used,2026-04-13
2199,9,183,report_created,2026-04-27
2200,9,183,dashboard_view,2026-04-24
2201,9,181,login,2026-04-21
2202,9,179,report_created,2026-04-16
2203,9,181,dashboard_view,2026-04-29
2204,9,182,export,2026-05-05
2205,9,178,report_created,2026-04-18
2206,9,178,login,2026-04-28
2207,9,182,export,2026-05-08
2208,9,180,report_created,2026-04-20
2209,9,182,login,2026-04-19
2210,9,178,export,2026-05-02
2211,9,178,report_created,2026-04-30
2212,9,181,report_created,2026-04-23
2213,9,183,export,2026-04-16
2214,9,179,export,2026-04-25
2215,9,180,export,2026-04-15
2216,9,179,login,2026-04-15
2217,9,181,report_created,2026-04-21
2218,9,179,export,2026-05-12
2219,9,183,export,2026-05-09
2220,9,181,login,2026-04-26
2221,9,178,export,2026-05-08
2222,9,181,integration_used,2026-04-20
2223,9,178,dashboard_view,2026-04-19
2224,9,178,dashboard_view,2026-05-01
2225,9,180,integration_used,2026-05-06
2226,9,181,dashboard_view,2026-05-09
2227,9,181,export,2026-04-19
2228,9,180,integration_used,2026-04-18
2229,9,183,report_created,2026-05-30
2230,9,181,integration_used,2026-05-21
2231,9,181,integration_used,2026-05-27
2232,9,180,export,2026-06-07
2233,9,178,report_created,2026-06-08
2234,9,181,dashboard_view,2026-05-27
2235,9,183,login,2026-06-07
2236,9,178,login,2026-05-19
2237,9,178,login,2026-05-27
2238,9,179,integration_used,2026-05-30
2239,9,183,dashboard_view,2026-06-01
2240,9,180,integration_used,2026-05-23
2241,9,178,login,2026-05-18
2242,9,183,integration_used,2026-05-18
2243,9,181,export,2026-05-17
2244,9,179,export,2026-06-02
2245,9,181,report_created,2026-05-26
2246,9,182,integration_used,2026-06-01
2247,9,182,login,2026-06-11
2248,9,181,login,2026-05-14
2249,9,181,report_created,2026-05-28
2250,9,181,export,2026-05-28
2251,9,178,dashboard_view,2026-06-10
2252,9,182,report_created,2026-05-21
2253,9,183,export,2026-06-06
2254,9,181,report_created,2026-06-07
2255,9,183,export,2026-05-30
2256,9,178,export,2026-05-24
2257,9,183,integration_used,2026-05-25
2258,9,182,export,2026-05-27
2259,9,182,dashboard_view,2026-05-15
2260,9,182,export,2026-06-10
2261,9,180,integration_used,2026-05-27
2262,9,181,report_created,2026-05-23
2263,9,180,login,2026-06-01
2264,9,178,login,2026-05-24
2265,9,179,report_created,2026-05-16
2266,9,180,integration_used,2026-05-17
2267,9,178,report_created,2026-05-18
2268,9,181,export,2026-06-08
2269,9,180,export,2026-05-31
2270,9,180,dashboard_view,2026-06-10
2271,9,179,report_created,2026-06-04
2272,9,182,login,2026-06-09
2273,9,180,report_created,2026-06-08
2274,9,179,integration_used,2026-06-11
2275,9,180,export,2026-06-10
2276,9,183,export,2026-05-15
2277,9,180,export,2026-07-11
2278,9,182,report_created,2026-07-11
2279,9,181,export,2026-06-23
2280,9,180,login,2026-06-23
2281,9,181,dashboard_view,2026-07-08
2282,9,180,integration_used,2026-06-26
2283,9,183,dashboard_view,2026-07-01
2284,9,182,report_created,2026-07-02
2285,9,181,export,2026-07-05
2286,9,183,login,2026-06-14
2287,9,182,report_created,2026-07-05
2288,9,180,report_created,2026-07-10
2289,9,182,dashboard_view,2026-06-29
2290,9,182,login,2026-06-18
2291,9,183,integration_used,2026-06-14
2292,9,178,report_created,2026-06-23
2293,9,180,integration_used,2026-07-09
2294,9,182,export,2026-06-26
2295,9,179,login,2026-06-30
2296,9,183,report_created,2026-06-15
2297,9,182,report_created,2026-06-16
2298,9,181,integration_used,2026-06-20
2299,9,180,export,2026-07-05
2300,9,181,integration_used,2026-07-03
2301,9,182,integration_used,2026-06-27
2302,9,179,login,2026-06-13
2303,9,183,integration_used,2026-06-19
2304,9,179,export,2026-06-23
2305,9,179,export,2026-06-20
2306,9,180,integration_used,2026-06-12
2307,9,182,export,2026-06-14
2308,9,182,login,2026-06-18
2309,9,182,report_created,2026-07-05
2310,9,181,dashboard_view,2026-07-07
2311,9,179,report_created,2026-06-18
2312,9,181,report_created,2026-06-28
2313,9,178,dashboard_view,2026-06-21
2314,9,181,report_created,2026-07-03
2315,9,183,report_created,2026-07-06
2316,9,183,dashboard_view,2026-06-22
2317,9,181,login,2026-07-04
2318,9,179,login,2026-07-05
2319,9,179,report_created,2026-06-16
2320,9,181,integration_used,2026-06-26
2321,9,181,login,2026-06-28
2322,9,179,report_created,2026-07-06
2323,9,179,report_created,2026-07-11
2324,9,180,integration_used,2026-06-20
2325,9,179,login,2026-06-21
2326,9,183,login,2026-06-26
2327,9,178,login,2026-06-14
2328,9,180,report_created,2026-06-22
2329,9,178,export,2026-06-13
2330,9,180,login,2026-06-20
2331,9,181,dashboard_view,2026-06-15
2332,9,179,integration_used,2026-07-08
2333,9,183,login,2026-06-25
2334,9,182,integration_used,2026-06-20
2335,9,181,login,2026-07-13
2336,9,179,login,2026-07-22
2337,9,180,integration_used,2026-07-31
2338,9,183,dashboard_view,2026-07-29
2339,9,181,dashboard_view,2026-08-04
2340,9,178,dashboard_view,2026-08-05
2341,9,180,export,2026-07-27
2342,9,180,integration_used,2026-07-14
2343,9,178,integration_used,2026-07-26
2344,9,180,login,2026-07-19
2345,9,180,export,2026-07-24
2346,9,181,dashboard_view,2026-07-20
2347,9,180,dashboard_view,2026-07-13
2348,9,180,report_created,2026-07-26
2349,9,180,integration_used,2026-08-10
2350,9,178,login,2026-07-15
2351,9,183,dashboard_view,2026-07-12
2352,9,180,export,2026-07-24
2353,9,180,report_created,2026-07-21
2354,9,183,integration_used,2026-08-07
2355,9,179,export,2026-07-14
2356,9,181,export,2026-08-10
2357,9,180,login,2026-08-01
2358,9,179,dashboard_view,2026-08-01
2359,9,179,export,2026-07-12
2360,9,183,export,2026-07-31
2361,9,178,login,2026-08-02
2362,9,181,export,2026-07-26
2363,9,180,export,2026-07-19
2364,9,178,dashboard_view,2026-07-15
2365,9,183,integration_used,2026-08-02
2366,9,178,export,2026-07-30
2367,9,182,integration_used,2026-07-18
2368,9,183,export,2026-07-31
2369,9,183,login,2026-08-10
2370,9,183,dashboard_view,2026-07-21
2371,9,183,dashboard_view,2026-07-27
2372,9,178,dashboard_view,2026-07-29
2373,9,183,report_created,2026-08-01
2374,9,182,login,2026-08-08
2375,9,179,integration_used,2026-08-03
2376,9,183,dashboard_view,2026-07-17
2377,9,182,export,2026-07-20
2378,9,180,export,2026-07-27
2379,9,183,report_created,2026-08-06
2380,9,179,integration_used,2026-07-20
2381,9,180,report_created,2026-07-16
2382,9,179,export,2026-08-08
2383,9,180,export,2026-08-05
2384,9,181,integration_used,2026-07-15
2385,9,179,login,2026-08-10
2386,9,182,integration_used,2026-07-21
2387,9,183,login,2026-08-03
2388,10,190,dashboard_view,2026-03-05
2389,10,185,integration_used,2026-03-01
2390,10,197,report_created,2026-02-22
2391,10,188,report_created,2026-03-11
2392,10,189,login,2026-02-23
2393,10,184,integration_used,2026-02-19
2394,10,197,export,2026-02-17
2395,10,205,login,2026-02-26
2396,10,191,dashboard_view,2026-02-19
2397,10,190,report_created,2026-02-14
2398,10,193,export,2026-02-18
2399,10,196,export,2026-03-09
2400,10,190,dashboard_view,2026-02-22
2401,10,193,dashboard_view,2026-02-18
2402,10,197,export,2026-03-08
2403,10,188,report_created,2026-03-13
2404,10,192,integration_used,2026-03-06
2405,10,198,dashboard_view,2026-02-12
2406,10,195,export,2026-02-23
2407,10,186,export,2026-03-13
2408,10,188,report_created,2026-02-14
2409,10,206,dashboard_view,2026-03-01
2410,10,206,export,2026-03-01
2411,10,207,report_created,2026-02-22
2412,10,186,integration_used,2026-03-10
2413,10,185,report_created,2026-03-12
2414,10,191,report_created,2026-02-26
2415,10,203,integration_used,2026-02-20
2416,10,206,login,2026-02-18
2417,10,184,integration_used,2026-03-05
2418,10,203,report_created,2026-03-01
2419,10,196,report_created,2026-02-20
2420,10,188,integration_used,2026-02-13
2421,10,185,dashboard_view,2026-02-23
2422,10,192,integration_used,2026-03-08
2423,10,199,report_created,2026-02-12
2424,10,198,login,2026-03-09
2425,10,194,integration_used,2026-02-19
2426,10,197,report_created,2026-03-09
2427,10,187,login,2026-03-03
2428,10,188,report_created,2026-02-26
2429,10,207,export,2026-03-02
2430,10,193,report_created,2026-02-13
2431,10,203,report_created,2026-02-15
2432,10,200,export,2026-03-03
2433,10,189,export,2026-03-03
2434,10,208,integration_used,2026-03-09
2435,10,205,export,2026-02-21
2436,10,185,dashboard_view,2026-03-07
2437,10,185,dashboard_view,2026-03-06
2438,10,185,report_created,2026-02-26
2439,10,189,export,2026-02-19
2440,10,197,export,2026-03-10
2441,10,185,report_created,2026-02-27
2442,10,206,export,2026-02-24
2443,10,198,login,2026-02-26
2444,10,207,dashboard_view,2026-02-14
2445,10,187,login,2026-03-02
2446,10,190,report_created,2026-02-14
2447,10,189,integration_used,2026-03-20
2448,10,192,integration_used,2026-03-25
2449,10,190,login,2026-03-25
2450,10,200,integration_used,2026-03-19
2451,10,189,login,2026-03-30
2452,10,191,export,2026-03-19
2453,10,205,report_created,2026-04-09
2454,10,184,login,2026-04-03
2455,10,196,integration_used,2026-04-01
2456,10,187,report_created,2026-03-17
2457,10,188,login,2026-04-12
2458,10,198,export,2026-03-17
2459,10,198,report_created,2026-03-23
2460,10,203,login,2026-03-22
2461,10,194,integration_used,2026-04-11
2462,10,198,integration_used,2026-04-02
2463,10,188,login,2026-04-06
2464,10,204,report_created,2026-04-03
2465,10,185,login,2026-03-20
2466,10,201,export,2026-03-24
2467,10,186,report_created,2026-03-31
2468,10,189,export,2026-04-05
2469,10,186,dashboard_view,2026-04-12
2470,10,189,export,2026-03-31
2471,10,193,dashboard_view,2026-03-23
2472,10,187,export,2026-04-03
2473,10,197,report_created,2026-03-20
2474,10,205,dashboard_view,2026-03-24
2475,10,195,login,2026-03-22
2476,10,195,dashboard_view,2026-03-27
2477,10,199,export,2026-03-29
2478,10,199,integration_used,2026-04-04
2479,10,203,login,2026-03-30
2480,10,208,report_created,2026-03-30
2481,10,203,export,2026-04-07
2482,10,204,login,2026-03-30
2483,10,185,report_created,2026-03-27
2484,10,198,dashboard_view,2026-03-22
2485,10,204,dashboard_view,2026-03-22
2486,10,199,integration_used,2026-03-27
2487,10,186,export,2026-04-03
2488,10,197,export,2026-04-10
2489,10,193,dashboard_view,2026-04-08
2490,10,205,report_created,2026-03-15
2491,10,191,export,2026-03-27
2492,10,202,integration_used,2026-05-11
2493,10,186,login,2026-04-13
2494,10,200,integration_used,2026-05-09
2495,10,197,login,2026-04-29
2496,10,198,integration_used,2026-04-21
2497,10,192,report_created,2026-05-01
2498,10,202,integration_used,2026-05-10
2499,10,184,export,2026-05-09
2500,10,189,dashboard_view,2026-04-17
2501,10,196,login,2026-05-11
2502,10,197,report_created,2026-04-14
2503,10,194,export,2026-04-24
2504,10,208,export,2026-04-21
2505,10,203,report_created,2026-04-17
2506,10,194,dashboard_view,2026-04-13
2507,10,190,login,2026-05-07
2508,10,207,report_created,2026-04-23
2509,10,205,export,2026-05-09
2510,10,201,login,2026-05-12
2511,10,196,login,2026-05-09
2512,10,189,export,2026-04-22
2513,10,198,export,2026-04-20
2514,10,205,integration_used,2026-04-19
2515,10,207,report_created,2026-04-27
2516,10,203,integration_used,2026-04-16
2517,10,195,export,2026-04-20
2518,10,193,dashboard_view,2026-05-10
2519,10,188,dashboard_view,2026-05-12
2520,10,187,login,2026-04-16
2521,10,206,login,2026-05-06
2522,10,190,dashboard_view,2026-04-27
2523,10,204,export,2026-05-05
2524,10,204,integration_used,2026-04-15
2525,10,190,report_created,2026-05-10
2526,10,208,dashboard_view,2026-04-28
2527,10,199,login,2026-04-29
2528,10,187,dashboard_view,2026-05-07
2529,10,207,export,2026-04-20
2530,10,199,login,2026-04-27
2531,10,198,dashboard_view,2026-04-24
2532,10,190,integration_used,2026-05-03
2533,10,196,report_created,2026-05-11
2534,10,184,export,2026-05-09
2535,10,197,export,2026-04-15
2536,10,185,export,2026-05-27
2537,10,199,integration_used,2026-05-26
2538,10,207,export,2026-05-23
2539,10,191,login,2026-05-20
2540,10,200,export,2026-06-11
2541,10,202,integration_used,2026-06-01
2542,10,186,export,2026-06-03
2543,10,199,export,2026-06-08
2544,10,203,report_created,2026-05-22
2545,10,198,export,2026-05-20
2546,10,184,report_created,2026-06-06
2547,10,207,export,2026-06-05
2548,10,195,dashboard_view,2026-05-28
2549,10,200,integration_used,2026-06-04
2550,10,205,integration_used,2026-06-01
2551,10,206,export,2026-05-21
2552,10,188,report_created,2026-05-14
2553,10,207,export,2026-05-20
2554,10,197,report_created,2026-05-16
2555,10,199,dashboard_view,2026-05-17
2556,10,203,report_created,2026-06-05
2557,10,206,login,2026-05-19
2558,10,205,dashboard_view,2026-05-27
2559,10,189,dashboard_view,2026-06-05
2560,10,203,login,2026-05-27
2561,10,197,report_created,2026-05-27
2562,10,191,integration_used,2026-06-05
2563,10,185,report_created,2026-06-11
2564,10,192,dashboard_view,2026-05-31
2565,10,189,integration_used,2026-05-16
2566,10,185,login,2026-05-17
2567,10,194,login,2026-05-29
2568,10,203,login,2026-06-04
2569,10,201,export,2026-06-04
2570,10,192,report_created,2026-06-01
2571,10,208,integration_used,2026-06-10
2572,10,192,dashboard_view,2026-05-14
2573,10,206,integration_used,2026-05-15
2574,10,203,login,2026-05-21
2575,10,198,export,2026-06-16
2576,10,208,login,2026-07-08
2577,10,203,login,2026-06-22
2578,10,201,integration_used,2026-07-10
2579,10,187,login,2026-07-06
2580,10,190,report_created,2026-06-12
2581,10,189,report_created,2026-06-18
2582,10,206,integration_used,2026-06-27
2583,10,199,login,2026-06-18
2584,10,188,report_created,2026-06-21
2585,10,194,dashboard_view,2026-06-15
2586,10,187,dashboard_view,2026-06-14
2587,10,198,login,2026-06-28
2588,10,191,export,2026-06-15
2589,10,194,integration_used,2026-07-02
2590,10,189,report_created,2026-07-09
2591,10,195,export,2026-06-19
2592,10,195,dashboard_view,2026-06-21
2593,10,188,integration_used,2026-06-17
2594,10,197,dashboard_view,2026-06-16
2595,10,188,export,2026-06-16
2596,10,197,export,2026-06-12
2597,10,198,integration_used,2026-06-14
2598,10,205,login,2026-06-30
2599,10,198,login,2026-07-07
2600,10,206,integration_used,2026-06-16
2601,10,186,report_created,2026-07-31
2602,10,196,dashboard_view,2026-07-17
2603,10,197,export,2026-08-09
2604,10,208,dashboard_view,2026-08-09
2605,10,202,integration_used,2026-08-09
2606,10,193,export,2026-07-28
2607,10,205,integration_used,2026-07-19
2608,10,193,report_created,2026-07-18
2609,10,195,report_created,2026-08-10
2610,10,200,dashboard_view,2026-07-22
2611,10,206,export,2026-07-29
2612,10,204,integration_used,2026-08-04
2613,10,203,integration_used,2026-07-16
2614,10,204,report_created,2026-07-27
2615,10,204,dashboard_view,2026-07-29
2616,10,193,login,2026-08-08
2617,10,201,export,2026-07-31
2618,10,207,dashboard_view,2026-07-18
2619,10,200,report_created,2026-07-24
2620,10,190,integration_used,2026-08-08
2621,10,201,integration_used,2026-08-01
2622,10,194,dashboard_view,2026-07-17
2623,11,212,integration_used,2026-02-13
2624,11,242,report_created,2026-03-06
2625,11,263,login,2026-02-25
2626,11,216,report_created,2026-02-15
2627,11,242,integration_used,2026-02-21
2628,11,254,login,2026-03-10
2629,11,224,report_created,2026-02-27
2630,11,282,login,2026-02-18
2631,11,267,dashboard_view,2026-03-03
2632,11,281,integration_used,2026-02-19
2633,11,238,report_created,2026-03-02
2634,11,245,integration_used,2026-02-20
2635,11,226,export,2026-02-19
2636,11,275,dashboard_view,2026-02-18
2637,11,222,integration_used,2026-03-03
2638,11,233,report_created,2026-02-15
2639,11,267,dashboard_view,2026-03-10
2640,11,263,export,2026-02-15
2641,11,219,login,2026-03-11
2642,11,263,dashboard_view,2026-02-13
2643,11,269,export,2026-03-07
2644,11,218,integration_used,2026-03-02
2645,11,260,integration_used,2026-02-23
2646,11,275,export,2026-02-17
2647,11,242,export,2026-02-23
2648,11,263,export,2026-02-27
2649,11,262,dashboard_view,2026-02-15
2650,11,227,dashboard_view,2026-02-25
2651,11,271,export,2026-02-19
2652,11,225,integration_used,2026-02-19
2653,11,276,dashboard_view,2026-03-10
2654,11,267,login,2026-02-26
2655,11,229,report_created,2026-02-24
2656,11,224,export,2026-02-22
2657,11,223,report_created,2026-03-10
2658,11,282,login,2026-03-04
2659,11,275,login,2026-03-09
2660,11,256,report_created,2026-03-04
2661,11,247,export,2026-03-04
2662,11,212,dashboard_view,2026-02-16
2663,11,227,integration_used,2026-02-16
2664,11,262,report_created,2026-03-12
2665,11,245,dashboard_view,2026-03-07
2666,11,271,login,2026-03-13
2667,11,279,login,2026-03-02
2668,11,262,integration_used,2026-03-28
2669,11,248,export,2026-03-25
2670,11,252,export,2026-03-18
2671,11,269,integration_used,2026-03-17
2672,11,225,dashboard_view,2026-03-19
2673,11,273,export,2026-03-23
2674,11,266,export,2026-03-22
2675,11,228,report_created,2026-03-16
2676,11,220,integration_used,2026-03-18
2677,11,261,dashboard_view,2026-03-31
2678,11,259,integration_used,2026-04-02
2679,11,214,export,2026-03-22
2680,11,244,login,2026-03-23
2681,11,230,login,2026-03-21
2682,11,282,report_created,2026-03-23
2683,11,280,login,2026-03-23
2684,11,280,dashboard_view,2026-04-10
2685,11,278,login,2026-03-25
2686,11,281,dashboard_view,2026-03-27
2687,11,269,login,2026-03-27
2688,11,224,integration_used,2026-03-22
2689,11,232,report_created,2026-04-12
2690,11,235,integration_used,2026-04-05
2691,11,265,integration_used,2026-04-10
2692,11,250,integration_used,2026-03-31
2693,11,214,login,2026-03-28
2694,11,252,dashboard_view,2026-03-30
2695,11,262,integration_used,2026-04-12
2696,11,249,report_created,2026-03-31
2697,11,220,login,2026-04-09
2698,11,278,report_created,2026-04-07
2699,11,227,report_created,2026-04-07
2700,11,220,report_created,2026-04-08
2701,11,261,dashboard_view,2026-03-22
2702,11,216,report_created,2026-03-24
2703,11,232,login,2026-04-12
2704,11,247,login,2026-03-31
2705,11,249,export,2026-04-08
2706,11,250,export,2026-04-04
2707,11,224,dashboard_view,2026-04-11
2708,11,239,integration_used,2026-03-19
2709,11,272,integration_used,2026-04-26
2710,11,258,report_created,2026-05-09
2711,11,216,export,2026-05-02
2712,11,279,login,2026-04-29
2713,11,270,export,2026-05-12
2714,11,238,login,2026-04-13
2715,11,243,integration_used,2026-04-25
2716,11,221,integration_used,2026-05-05
2717,11,225,integration_used,2026-05-03
2718,11,261,login,2026-04-28
2719,11,273,dashboard_view,2026-05-06
2720,11,256,dashboard_view,2026-04-25
2721,11,240,export,2026-04-25
2722,11,280,login,2026-04-28
2723,11,209,export,2026-04-16
2724,11,246,dashboard_view,2026-04-22
2725,11,209,export,2026-05-11
2726,11,243,report_created,2026-04-23
2727,11,257,dashboard_view,2026-05-01
2728,11,274,login,2026-05-03
2729,11,229,integration_used,2026-04-19
2730,11,281,report_created,2026-05-10
2731,11,220,login,2026-04-30
2732,11,226,integration_used,2026-04-19
2733,11,244,export,2026-04-14
2734,11,235,integration_used,2026-04-23
2735,11,249,report_created,2026-04-14
2736,11,242,export,2026-04-18
2737,11,243,report_created,2026-05-05
2738,11,252,export,2026-05-06
2739,11,251,dashboard_view,2026-05-12
2740,11,209,export,2026-04-23
2741,11,209,login,2026-04-14
2742,11,231,integration_used,2026-04-29
2743,11,271,export,2026-04-18
2744,11,277,login,2026-05-10
2745,11,277,export,2026-05-12
2746,11,224,export,2026-05-01
2747,11,254,dashboard_view,2026-04-30
2748,11,210,export,2026-05-09
2749,11,256,dashboard_view,2026-04-13
2750,11,265,dashboard_view,2026-05-12
2751,11,244,report_created,2026-05-21
2752,11,233,integration_used,2026-06-09
2753,11,247,dashboard_view,2026-05-17
2754,11,238,report_created,2026-05-27
2755,11,213,export,2026-06-03
2756,11,235,dashboard_view,2026-06-11
2757,11,259,report_created,2026-06-08
2758,11,281,export,2026-05-26
2759,11,230,dashboard_view,2026-05-25
2760,11,281,integration_used,2026-05-21
2761,11,281,login,2026-06-06
2762,11,225,login,2026-05-19
2763,11,225,integration_used,2026-06-03
2764,11,238,integration_used,2026-05-14
2765,11,244,login,2026-06-05
2766,11,277,report_created,2026-05-23
2767,11,280,export,2026-05-14
2768,11,209,login,2026-05-29
2769,11,250,export,2026-05-29
2770,11,244,integration_used,2026-06-08
2771,11,268,report_created,2026-05-27
2772,11,275,login,2026-05-18
2773,11,237,report_created,2026-06-10
2774,11,262,export,2026-05-25
2775,11,249,export,2026-06-11
2776,11,233,login,2026-06-01
2777,11,282,login,2026-05-17
2778,11,237,export,2026-05-20
2779,11,218,dashboard_view,2026-05-13
2780,11,234,report_created,2026-06-06
2781,11,217,login,2026-06-21
2782,11,212,export,2026-06-26
2783,11,212,report_created,2026-06-23
2784,11,241,login,2026-07-04
2785,11,269,report_created,2026-07-04
2786,11,215,report_created,2026-06-15
2787,11,275,dashboard_view,2026-06-16
2788,11,218,integration_used,2026-06-17
2789,11,265,login,2026-06-17
2790,11,266,login,2026-06-23
2791,11,219,login,2026-07-10
2792,11,257,login,2026-07-01
2793,11,225,export,2026-07-10
2794,11,216,integration_used,2026-07-02
2795,11,264,login,2026-07-09
2796,11,216,login,2026-06-24
2797,11,246,export,2026-06-14
2798,11,260,integration_used,2026-07-08
2799,11,261,integration_used,2026-07-04
2800,11,210,export,2026-06-27
2801,11,268,export,2026-06-16
2802,11,221,login,2026-07-01
2803,11,267,report_created,2026-06-25
2804,11,233,login,2026-07-08
2805,11,210,login,2026-06-22
2806,11,233,integration_used,2026-06-13
2807,11,225,integration_used,2026-06-21
2808,11,241,export,2026-06-30
2809,11,270,integration_used,2026-06-18
2810,11,265,dashboard_view,2026-07-06
2811,11,226,login,2026-06-16
2812,11,216,report_created,2026-07-07
2813,11,264,report_created,2026-06-25
2814,11,248,integration_used,2026-06-23
2815,11,227,report_created,2026-07-26
2816,11,252,report_created,2026-08-01
2817,11,210,integration_used,2026-07-25
2818,11,227,dashboard_view,2026-08-09
2819,11,273,integration_used,2026-07-15
2820,11,215,report_created,2026-07-28
2821,11,234,dashboard_view,2026-08-04
2822,11,217,dashboard_view,2026-07-31
2823,11,269,export,2026-07-19
2824,11,251,integration_used,2026-07-14
2825,11,281,integration_used,2026-07-31
2826,11,247,report_created,2026-07-28
2827,11,229,export,2026-08-07
2828,11,214,dashboard_view,2026-07-26
2829,11,209,dashboard_view,2026-07-21
2830,11,238,integration_used,2026-07-27
2831,11,236,export,2026-08-03
2832,11,251,export,2026-07-16
2833,11,235,dashboard_view,2026-07-29
2834,11,209,login,2026-07-30
2835,11,218,login,2026-07-30
2836,11,280,dashboard_view,2026-08-07
2837,11,246,dashboard_view,2026-07-27
2838,11,255,login,2026-08-09
2839,12,308,dashboard_view,2026-03-04
2840,12,311,report_created,2026-02-13
2841,12,305,integration_used,2026-03-03
2842,12,314,dashboard_view,2026-03-08
2843,12,285,report_created,2026-03-08
2844,12,295,dashboard_view,2026-03-13
2845,12,331,login,2026-02-21
2846,12,326,dashboard_view,2026-02-12
2847,12,322,dashboard_view,2026-02-27
2848,12,330,report_created,2026-02-16
2849,12,304,integration_used,2026-02-25
2850,12,338,login,2026-02-13
2851,12,298,dashboard_view,2026-03-09
2852,12,307,integration_used,2026-03-07
2853,12,331,report_created,2026-02-19
2854,12,323,export,2026-02-22
2855,12,314,login,2026-02-12
2856,12,307,integration_used,2026-02-14
2857,12,320,dashboard_view,2026-02-16
2858,12,324,login,2026-03-06
2859,12,318,dashboard_view,2026-02-14
2860,12,348,export,2026-02-23
2861,12,309,login,2026-02-18
2862,12,343,integration_used,2026-02-16
2863,12,291,integration_used,2026-03-08
2864,12,332,integration_used,2026-02-17
2865,12,330,integration_used,2026-02-26
2866,12,342,report_created,2026-03-08
2867,12,330,export,2026-02-25
2868,12,346,report_created,2026-02-26
2869,12,334,integration_used,2026-02-21
2870,12,287,dashboard_view,2026-03-07
2871,12,308,dashboard_view,2026-02-27
2872,12,333,report_created,2026-03-07
2873,12,337,export,2026-02-13
2874,12,303,report_created,2026-02-12
2875,12,315,login,2026-02-24
2876,12,300,login,2026-02-17
2877,12,320,integration_used,2026-02-27
2878,12,328,integration_used,2026-03-06
2879,12,288,integration_used,2026-02-27
2880,12,337,export,2026-03-29
2881,12,338,report_created,2026-03-30
2882,12,346,report_created,2026-04-02
2883,12,331,dashboard_view,2026-04-12
2884,12,339,report_created,2026-04-05
2885,12,292,login,2026-04-01
2886,12,320,integration_used,2026-03-17
2887,12,348,login,2026-03-26
2888,12,318,dashboard_view,2026-03-14
2889,12,295,login,2026-04-09
2890,12,329,integration_used,2026-04-11
2891,12,308,dashboard_view,2026-04-02
2892,12,325,report_created,2026-04-04
2893,12,318,integration_used,2026-04-06
2894,12,300,integration_used,2026-03-16
2895,12,316,report_created,2026-04-12
2896,12,319,report_created,2026-03-17
2897,12,334,integration_used,2026-03-31
2898,12,284,integration_used,2026-03-28
2899,12,302,export,2026-03-16
2900,12,312,dashboard_view,2026-04-05
2901,12,343,integration_used,2026-04-05
2902,12,342,export,2026-03-20
2903,12,326,login,2026-03-18
2904,12,323,dashboard_view,2026-03-16
2905,12,337,export,2026-03-19
2906,12,309,export,2026-03-29
2907,12,286,dashboard_view,2026-04-01
2908,12,299,login,2026-04-03
2909,12,346,report_created,2026-03-18
2910,12,326,export,2026-04-05
2911,12,337,export,2026-03-22
2912,12,321,integration_used,2026-04-02
2913,12,285,login,2026-03-25
2914,12,300,report_created,2026-04-08
2915,12,333,dashboard_view,2026-03-31
2916,12,333,integration_used,2026-04-10
2917,12,332,export,2026-04-06
2918,12,296,integration_used,2026-04-02
2919,12,340,report_created,2026-03-23
2920,12,294,login,2026-04-07
2921,12,305,integration_used,2026-04-11
2922,12,345,dashboard_view,2026-04-12
2923,12,308,export,2026-04-10
2924,12,319,dashboard_view,2026-04-06
2925,12,291,login,2026-04-28
2926,12,330,login,2026-04-26
2927,12,304,export,2026-05-02
2928,12,333,login,2026-05-07
2929,12,299,export,2026-04-25
2930,12,344,login,2026-04-19
2931,12,332,dashboard_view,2026-04-14
2932,12,299,dashboard_view,2026-04-15
2933,12,322,export,2026-04-29
2934,12,303,integration_used,2026-04-23
2935,12,322,dashboard_view,2026-04-24
2936,12,347,export,2026-04-20
2937,12,318,login,2026-05-06
2938,12,301,login,2026-04-28
2939,12,334,dashboard_view,2026-04-23
2940,12,325,integration_used,2026-04-13
2941,12,345,export,2026-04-28
2942,12,288,login,2026-04-19
2943,12,319,export,2026-04-22
2944,12,327,report_created,2026-04-20
2945,12,333,dashboard_view,2026-04-23
2946,12,336,dashboard_view,2026-05-05
2947,12,338,export,2026-04-28
2948,12,306,integration_used,2026-04-20
2949,12,295,login,2026-04-30
2950,12,313,dashboard_view,2026-04-14
2951,12,318,integration_used,2026-04-14
2952,12,320,login,2026-04-21
2953,12,310,export,2026-04-13
2954,12,335,integration_used,2026-04-18
2955,12,298,login,2026-05-01
2956,12,296,report_created,2026-04-26
2957,12,335,dashboard_view,2026-04-28
2958,12,315,integration_used,2026-05-06
2959,12,288,login,2026-04-28
2960,12,292,export,2026-04-22
2961,12,331,export,2026-05-02
2962,12,307,login,2026-04-30
2963,12,284,login,2026-05-04
2964,12,300,export,2026-05-02
2965,12,345,login,2026-04-28
2966,12,293,dashboard_view,2026-04-25
2967,12,339,export,2026-05-08
2968,12,318,dashboard_view,2026-04-16
2969,12,304,login,2026-04-16
2970,12,295,report_created,2026-05-07
2971,12,298,export,2026-04-25
2972,12,304,login,2026-05-10
2973,12,317,export,2026-05-08
2974,12,305,login,2026-06-05
2975,12,310,login,2026-05-28
2976,12,296,report_created,2026-05-30
2977,12,339,integration_used,2026-06-10
2978,12,283,export,2026-06-10
2979,12,308,dashboard_view,2026-05-13
2980,12,330,dashboard_view,2026-05-13
2981,12,308,login,2026-06-09
2982,12,336,login,2026-06-11
2983,12,326,dashboard_view,2026-05-16
2984,12,291,login,2026-06-04
2985,12,304,dashboard_view,2026-05-19
2986,12,288,integration_used,2026-05-29
2987,12,296,report_created,2026-05-16
2988,12,324,dashboard_view,2026-05-25
2989,12,309,integration_used,2026-05-13
2990,12,333,login,2026-05-29
2991,12,312,login,2026-06-05
2992,12,328,dashboard_view,2026-06-01
2993,12,284,report_created,2026-05-30
2994,12,284,dashboard_view,2026-05-30
2995,12,341,login,2026-06-04
2996,12,318,integration_used,2026-05-22
2997,12,330,login,2026-06-10
2998,12,310,report_created,2026-05-29
2999,12,346,integration_used,2026-06-08
3000,12,304,login,2026-06-03
3001,12,324,export,2026-05-22
3002,12,300,dashboard_view,2026-06-01
3003,12,323,export,2026-05-15
3004,12,291,login,2026-06-01
3005,12,340,integration_used,2026-05-30
3006,12,312,integration_used,2026-05-26
3007,12,284,login,2026-06-04
3008,12,298,dashboard_view,2026-06-02
3009,12,337,dashboard_view,2026-05-18
3010,12,293,dashboard_view,2026-06-10
3011,12,330,report_created,2026-05-27
3012,12,308,export,2026-06-07
3013,12,309,login,2026-05-22
3014,12,313,integration_used,2026-05-13
3015,12,339,report_created,2026-05-19
3016,12,300,report_created,2026-06-03
3017,12,288,export,2026-05-26
3018,12,319,login,2026-05-18
3019,12,312,report_created,2026-05-15
3020,12,326,dashboard_view,2026-06-04
3021,12,289,dashboard_view,2026-05-13
3022,12,311,export,2026-05-23
3023,12,324,export,2026-06-06
3024,12,283,export,2026-06-09
3025,12,307,dashboard_view,2026-07-10
3026,12,309,login,2026-07-07
3027,12,305,integration_used,2026-06-23
3028,12,309,integration_used,2026-07-04
3029,12,293,export,2026-06-28
3030,12,322,dashboard_view,2026-07-06
3031,12,314,dashboard_view,2026-06-28
3032,12,314,report_created,2026-07-02
3033,12,340,dashboard_view,2026-06-21
3034,12,317,export,2026-06-14
3035,12,293,export,2026-06-30
3036,12,331,export,2026-07-06
3037,12,339,integration_used,2026-06-28
3038,12,338,dashboard_view,2026-06-17
3039,12,344,export,2026-07-11
3040,12,337,login,2026-06-14
3041,12,321,integration_used,2026-06-22
3042,12,302,dashboard_view,2026-06-24
3043,12,315,export,2026-06-29
3044,12,322,report_created,2026-06-27
3045,12,331,integration_used,2026-06-24
3046,12,344,report_created,2026-07-09
3047,12,300,export,2026-06-19
3048,12,308,dashboard_view,2026-07-07
3049,12,283,integration_used,2026-07-11
3050,12,330,export,2026-06-26
3051,12,336,report_created,2026-06-29
3052,12,332,report_created,2026-06-26
3053,12,292,login,2026-06-28
3054,12,298,integration_used,2026-06-29
3055,12,303,export,2026-07-05
3056,12,315,report_created,2026-06-17
3057,12,348,export,2026-06-19
3058,12,330,login,2026-06-19
3059,12,332,export,2026-06-12
3060,12,314,export,2026-07-04
3061,12,287,report_created,2026-06-12
3062,12,286,dashboard_view,2026-06-19
3063,12,316,export,2026-06-22
3064,12,301,dashboard_view,2026-07-03
3065,12,303,login,2026-07-11
3066,12,294,export,2026-06-21
3067,12,333,integration_used,2026-06-19
3068,12,293,dashboard_view,2026-06-25
3069,12,337,export,2026-07-06
3070,12,315,report_created,2026-06-19
3071,12,347,export,2026-06-24
3072,12,335,login,2026-07-17
3073,12,296,integration_used,2026-07-21
3074,12,327,dashboard_view,2026-07-15
3075,12,317,dashboard_view,2026-07-18
3076,12,333,report_created,2026-07-19
3077,12,283,export,2026-08-05
3078,12,283,login,2026-08-07
3079,12,336,export,2026-07-25
3080,12,319,export,2026-07-18
3081,12,304,report_created,2026-08-05
3082,12,306,dashboard_view,2026-07-19
3083,12,308,dashboard_view,2026-07-26
3084,12,347,export,2026-08-07
3085,12,310,dashboard_view,2026-08-05
3086,12,290,dashboard_view,2026-07-18
3087,12,307,export,2026-08-02
3088,12,339,integration_used,2026-07-21
3089,12,296,dashboard_view,2026-07-14
3090,12,293,login,2026-08-01
3091,12,331,report_created,2026-08-07
3092,12,291,login,2026-07-31
3093,12,313,export,2026-07-26
3094,12,295,login,2026-08-10
3095,12,317,login,2026-07-17
3096,12,288,dashboard_view,2026-08-07
3097,12,283,integration_used,2026-07-29
3098,12,317,export,2026-07-12
3099,12,343,report_created,2026-07-17
3100,12,337,report_created,2026-07-31
3101,12,326,dashboard_view,2026-07-31
3102,12,329,export,2026-07-20
3103,12,331,login,2026-07-22
3104,12,328,report_created,2026-07-14
3105,12,295,export,2026-08-10
3106,12,334,dashboard_view,2026-07-18
3107,12,286,login,2026-07-22
3108,12,318,dashboard_view,2026-07-19
3109,12,330,integration_used,2026-07-27
3110,12,343,export,2026-07-25
3111,12,307,report_created,2026-08-10
3112,12,285,report_created,2026-07-21
3113,12,288,report_created,2026-07-16
3114,12,339,integration_used,2026-08-03
3115,12,345,integration_used,2026-07-29
3116,12,293,export,2026-07-30
3117,12,343,login,2026-07-20
3118,12,332,integration_used,2026-08-01
3119,12,307,dashboard_view,2026-07-19
3120,12,347,dashboard_view,2026-08-09
3121,12,346,login,2026-07-16
3122,12,321,integration_used,2026-07-15
3123,12,342,export,2026-08-05
3124,12,297,integration_used,2026-07-26
3125,12,313,dashboard_view,2026-08-03
3126,13,351,export,2026-03-10
3127,13,349,report_created,2026-03-08
3128,13,361,report_created,2026-02-17
3129,13,356,report_created,2026-02-18
3130,13,364,login,2026-02-13
3131,13,353,integration_used,2026-02-12
3132,13,369,export,2026-02-18
3133,13,351,report_created,2026-02-16
3134,13,356,integration_used,2026-02-12
3135,13,368,report_created,2026-03-11
3136,13,361,export,2026-02-12
3137,13,369,integration_used,2026-02-21
3138,13,362,dashboard_view,2026-02-16
3139,13,356,login,2026-03-05
3140,13,358,login,2026-03-11
3141,13,351,integration_used,2026-03-03
3142,13,355,login,2026-02-18
3143,13,367,dashboard_view,2026-03-02
3144,13,359,integration_used,2026-03-01
3145,13,349,login,2026-03-04
3146,13,367,dashboard_view,2026-02-24
3147,13,361,report_created,2026-02-28
3148,13,360,dashboard_view,2026-02-16
3149,13,365,integration_used,2026-02-20
3150,13,367,login,2026-03-06
3151,13,361,integration_used,2026-03-13
3152,13,363,dashboard_view,2026-03-03
3153,13,358,dashboard_view,2026-02-15
3154,13,364,export,2026-02-20
3155,13,353,report_created,2026-02-22
3156,13,353,login,2026-02-18
3157,13,368,report_created,2026-03-03
3158,13,365,login,2026-02-19
3159,13,357,integration_used,2026-02-14
3160,13,364,dashboard_view,2026-02-21
3161,13,364,export,2026-03-04
3162,13,350,report_created,2026-02-16
3163,13,353,dashboard_view,2026-02-15
3164,13,356,login,2026-02-19
3165,13,354,export,2026-02-14
3166,13,358,dashboard_view,2026-03-17
3167,13,349,export,2026-03-26
3168,13,359,export,2026-03-30
3169,13,360,export,2026-03-19
3170,13,361,integration_used,2026-04-10
3171,13,358,dashboard_view,2026-04-03
3172,13,366,login,2026-03-31
3173,13,353,integration_used,2026-04-02
3174,13,350,report_created,2026-03-16
3175,13,363,dashboard_view,2026-03-23
3176,13,367,export,2026-04-08
3177,13,364,dashboard_view,2026-04-03
3178,13,355,dashboard_view,2026-04-06
3179,13,369,report_created,2026-04-12
3180,13,367,dashboard_view,2026-04-09
3181,13,361,dashboard_view,2026-03-30
3182,13,350,report_created,2026-04-09
3183,13,364,login,2026-04-07
3184,13,352,report_created,2026-03-27
3185,13,367,dashboard_view,2026-03-30
3186,13,369,export,2026-03-20
3187,13,356,login,2026-04-11
3188,13,356,export,2026-03-31
3189,13,358,integration_used,2026-03-21
3190,13,354,export,2026-03-23
3191,13,351,export,2026-03-19
3192,13,369,report_created,2026-03-31
3193,13,369,export,2026-03-23
3194,13,360,login,2026-04-12
3195,13,352,login,2026-04-10
3196,13,364,integration_used,2026-03-23
3197,13,356,integration_used,2026-04-12
3198,13,367,export,2026-03-25
3199,13,357,login,2026-03-21
3200,13,367,export,2026-04-07
3201,13,364,export,2026-03-23
3202,13,358,dashboard_view,2026-03-25
3203,13,352,login,2026-04-02
3204,13,366,export,2026-04-07
3205,13,349,integration_used,2026-03-31
3206,13,366,integration_used,2026-03-18
3207,13,364,integration_used,2026-04-10
3208,13,367,login,2026-03-26
3209,13,355,login,2026-03-22
3210,13,354,integration_used,2026-03-16
3211,13,354,integration_used,2026-04-12
3212,13,363,report_created,2026-03-18
3213,13,350,integration_used,2026-05-08
3214,13,355,dashboard_view,2026-04-22
3215,13,351,report_created,2026-04-25
3216,13,350,login,2026-05-10
3217,13,365,report_created,2026-05-03
3218,13,366,export,2026-05-07
3219,13,349,report_created,2026-05-05
3220,13,350,report_created,2026-04-26
3221,13,366,dashboard_view,2026-04-28
3222,13,367,report_created,2026-04-27
3223,13,365,report_created,2026-04-13
3224,13,368,integration_used,2026-04-25
3225,13,355,login,2026-04-20
3226,13,350,login,2026-05-05
3227,13,355,report_created,2026-05-08
3228,13,355,integration_used,2026-05-08
3229,13,366,integration_used,2026-05-06
3230,13,360,dashboard_view,2026-05-04
3231,13,368,login,2026-04-29
3232,13,366,report_created,2026-05-04
3233,13,361,dashboard_view,2026-04-22
3234,13,361,login,2026-04-28
3235,13,357,export,2026-04-21
3236,13,353,dashboard_view,2026-04-25
3237,13,351,report_created,2026-04-22
3238,13,369,dashboard_view,2026-04-20
3239,13,360,integration_used,2026-04-24
3240,13,368,export,2026-05-07
3241,13,353,export,2026-05-02
3242,13,361,integration_used,2026-05-12
3243,13,356,report_created,2026-05-10
3244,13,352,login,2026-04-25
3245,13,366,login,2026-04-29
3246,13,359,login,2026-04-22
3247,13,360,report_created,2026-04-13
3248,13,357,dashboard_view,2026-05-08
3249,13,357,login,2026-05-12
3250,13,361,export,2026-05-05
3251,13,352,login,2026-04-17
3252,13,354,report_created,2026-04-26
3253,13,367,export,2026-04-16
3254,13,352,report_created,2026-04-26
3255,13,367,report_created,2026-04-15
3256,13,368,login,2026-06-08
3257,13,354,export,2026-06-01
3258,13,354,integration_used,2026-05-31
3259,13,366,export,2026-05-23
3260,13,364,dashboard_view,2026-05-24
3261,13,357,integration_used,2026-06-11
3262,13,353,dashboard_view,2026-05-21
3263,13,353,integration_used,2026-05-30
3264,13,357,report_created,2026-06-10
3265,13,356,integration_used,2026-05-21
3266,13,362,export,2026-05-20
3267,13,354,report_created,2026-05-28
3268,13,363,report_created,2026-05-26
3269,13,357,integration_used,2026-05-29
3270,13,356,login,2026-06-02
3271,13,358,report_created,2026-05-29
3272,13,351,login,2026-05-22
3273,13,351,dashboard_view,2026-05-19
3274,13,351,integration_used,2026-06-06
3275,13,350,report_created,2026-06-09
3276,13,366,export,2026-05-13
3277,13,349,integration_used,2026-05-29
3278,13,353,export,2026-05-27
3279,13,365,integration_used,2026-05-21
3280,13,352,login,2026-05-30
3281,13,368,login,2026-06-05
3282,13,362,integration_used,2026-05-20
3283,13,360,integration_used,2026-06-04
3284,13,368,integration_used,2026-06-10
3285,13,363,integration_used,2026-06-06
3286,13,356,login,2026-06-06
3287,13,360,dashboard_view,2026-05-16
3288,13,365,login,2026-05-31
3289,13,362,export,2026-05-27
3290,13,354,login,2026-05-31
3291,13,359,dashboard_view,2026-05-13
3292,13,366,login,2026-05-15
3293,13,358,export,2026-06-02
3294,13,358,dashboard_view,2026-06-03
3295,13,349,integration_used,2026-05-19
3296,13,361,report_created,2026-06-05
3297,13,369,login,2026-05-26
3298,13,363,integration_used,2026-05-14
3299,13,364,report_created,2026-06-10
3300,13,349,export,2026-05-23
3301,13,359,report_created,2026-06-02
3302,13,352,report_created,2026-06-11
3303,13,354,report_created,2026-05-30
3304,13,352,export,2026-06-28
3305,13,355,integration_used,2026-07-09
3306,13,365,dashboard_view,2026-06-13
3307,13,362,export,2026-07-08
3308,13,349,report_created,2026-07-07
3309,13,356,export,2026-06-26
3310,13,360,report_created,2026-07-02
3311,13,362,dashboard_view,2026-06-13
3312,13,366,report_created,2026-06-16
3313,13,352,export,2026-06-27
3314,13,354,report_created,2026-07-07
3315,13,362,report_created,2026-07-11
3316,13,355,dashboard_view,2026-07-08
3317,13,358,dashboard_view,2026-07-10
3318,13,361,report_created,2026-06-28
3319,13,350,dashboard_view,2026-07-06
3320,13,364,report_created,2026-06-20
3321,13,352,export,2026-06-28
3322,13,366,dashboard_view,2026-06-26
3323,13,359,export,2026-06-17
3324,13,365,export,2026-06-18
3325,13,353,login,2026-07-08
3326,13,349,dashboard_view,2026-07-07
3327,13,360,login,2026-06-25
3328,13,356,report_created,2026-07-10
3329,13,362,login,2026-06-22
3330,13,362,report_created,2026-06-26
3331,13,358,login,2026-06-26
3332,13,362,integration_used,2026-07-04
3333,13,353,integration_used,2026-06-18
3334,13,354,report_created,2026-07-04
3335,13,352,report_created,2026-06-14
3336,13,356,export,2026-06-20
3337,13,355,login,2026-06-26
3338,13,365,dashboard_view,2026-06-22
3339,13,355,integration_used,2026-06-14
3340,13,369,dashboard_view,2026-06-21
3341,13,356,dashboard_view,2026-07-08
3342,13,361,report_created,2026-07-10
3343,13,355,dashboard_view,2026-06-12
3344,13,362,integration_used,2026-07-11
3345,13,355,login,2026-07-09
3346,13,361,integration_used,2026-06-28
3347,13,358,dashboard_view,2026-06-19
3348,13,356,export,2026-07-01
3349,13,350,export,2026-07-25
3350,13,369,report_created,2026-08-09
3351,13,352,report_created,2026-08-02
3352,13,357,export,2026-07-30
3353,13,356,login,2026-07-31
3354,13,354,login,2026-08-09
3355,13,350,report_created,2026-07-20
3356,13,355,export,2026-08-01
3357,13,357,integration_used,2026-07-12
3358,13,352,dashboard_view,2026-07-28
3359,13,357,report_created,2026-07-26
3360,13,359,login,2026-08-01
3361,13,352,login,2026-07-20
3362,13,366,dashboard_view,2026-07-17
3363,13,359,report_created,2026-07-30
3364,13,367,integration_used,2026-07-25
3365,13,360,report_created,2026-08-03
3366,13,355,export,2026-07-23
3367,13,351,login,2026-07-13
3368,13,353,integration_used,2026-07-21
3369,13,352,integration_used,2026-08-09
3370,13,369,dashboard_view,2026-07-15
3371,13,355,export,2026-07-19
3372,13,352,integration_used,2026-08-08
3373,13,368,report_created,2026-07-31
3374,13,364,dashboard_view,2026-07-17
3375,13,366,dashboard_view,2026-07-18
3376,13,350,dashboard_view,2026-08-06
3377,13,362,report_created,2026-07-24
3378,13,366,report_created,2026-07-30
3379,13,363,login,2026-07-21
3380,13,362,export,2026-08-08
3381,13,362,integration_used,2026-07-25
3382,13,349,integration_used,2026-08-05
3383,13,357,dashboard_view,2026-07-19
3384,13,358,integration_used,2026-08-09
3385,13,350,dashboard_view,2026-07-16
3386,13,361,integration_used,2026-07-26
3387,13,365,dashboard_view,2026-08-08
3388,13,363,integration_used,2026-07-17
3389,13,361,export,2026-07-24
3390,13,361,report_created,2026-07-22
3391,13,355,login,2026-08-05
3392,13,354,dashboard_view,2026-07-23
3393,13,367,login,2026-07-19
3394,13,365,integration_used,2026-07-27
3395,13,365,report_created,2026-08-02
3396,13,356,report_created,2026-08-01
3397,13,366,dashboard_view,2026-08-07
3398,13,356,integration_used,2026-08-09
3399,13,356,login,2026-08-01
3400,13,369,report_created,2026-08-06
3401,13,353,login,2026-08-02
3402,13,369,dashboard_view,2026-08-03
3403,13,366,login,2026-08-07
3404,13,369,integration_used,2026-07-30
3405,13,360,login,2026-07-31
3406,13,366,dashboard_view,2026-08-02
3407,13,362,integration_used,2026-07-13
3408,13,358,login,2026-07-31
3409,14,415,report_created,2026-03-06
3410,14,392,login,2026-03-05
3411,14,383,export,2026-02-18
3412,14,402,integration_used,2026-02-14
3413,14,396,export,2026-02-15
3414,14,398,report_created,2026-03-03
3415,14,396,export,2026-02-23
3416,14,389,dashboard_view,2026-02-27
3417,14,425,dashboard_view,2026-03-02
3418,14,431,export,2026-03-11
3419,14,393,dashboard_view,2026-02-27
3420,14,392,integration_used,2026-03-07
3421,14,432,dashboard_view,2026-02-18
3422,14,406,report_created,2026-03-13
3423,14,390,dashboard_view,2026-02-13
3424,14,420,integration_used,2026-02-20
3425,14,394,dashboard_view,2026-03-11
3426,14,379,dashboard_view,2026-02-28
3427,14,428,export,2026-02-12
3428,14,382,integration_used,2026-02-18
3429,14,387,login,2026-02-18
3430,14,382,export,2026-03-01
3431,14,372,login,2026-03-10
3432,14,375,dashboard_view,2026-03-09
3433,14,380,dashboard_view,2026-03-05
3434,14,371,login,2026-02-16
3435,14,383,report_created,2026-02-24
3436,14,380,dashboard_view,2026-03-07
3437,14,431,integration_used,2026-02-17
3438,14,426,dashboard_view,2026-02-15
3439,14,409,export,2026-03-03
3440,14,389,login,2026-03-06
3441,14,404,integration_used,2026-02-21
3442,14,385,login,2026-03-13
3443,14,383,report_created,2026-02-24
3444,14,435,export,2026-03-15
3445,14,388,dashboard_view,2026-04-12
3446,14,373,export,2026-04-05
3447,14,419,report_created,2026-04-08
3448,14,406,export,2026-04-05
3449,14,384,dashboard_view,2026-03-28
3450,14,384,login,2026-04-05
3451,14,406,login,2026-04-01
3452,14,412,report_created,2026-04-09
3453,14,380,login,2026-03-15
3454,14,389,export,2026-04-07
3455,14,412,dashboard_view,2026-03-24
3456,14,424,report_created,2026-04-08
3457,14,406,login,2026-04-01
3458,14,404,export,2026-03-14
3459,14,417,report_created,2026-03-14
3460,14,379,login,2026-03-18
3461,14,389,dashboard_view,2026-03-19
3462,14,410,export,2026-04-08
3463,14,427,export,2026-03-20
3464,14,378,integration_used,2026-04-09
3465,14,424,report_created,2026-03-20
3466,14,388,report_created,2026-04-10
3467,14,386,export,2026-04-07
3468,14,415,export,2026-04-02
3469,14,424,export,2026-03-28
3470,14,412,dashboard_view,2026-04-08
3471,14,419,integration_used,2026-03-30
3472,14,433,integration_used,2026-03-26
3473,14,433,integration_used,2026-03-26
3474,14,399,login,2026-03-31
3475,14,423,integration_used,2026-03-27
3476,14,398,login,2026-03-21
3477,14,400,login,2026-04-01
3478,14,396,login,2026-03-16
3479,14,416,export,2026-03-26
3480,14,387,login,2026-03-14
3481,14,377,report_created,2026-03-14
3482,14,387,export,2026-05-03
3483,14,388,integration_used,2026-04-16
3484,14,423,dashboard_view,2026-05-05
3485,14,398,dashboard_view,2026-05-11
3486,14,385,dashboard_view,2026-04-20
3487,14,418,login,2026-04-19
3488,14,424,login,2026-05-01
3489,14,383,integration_used,2026-04-21
3490,14,379,integration_used,2026-04-27
3491,14,390,dashboard_view,2026-05-12
3492,14,416,login,2026-05-08
3493,14,401,login,2026-05-10
3494,14,423,dashboard_view,2026-05-08
3495,14,430,dashboard_view,2026-04-19
3496,14,408,export,2026-04-27
3497,14,413,login,2026-04-28
3498,14,406,dashboard_view,2026-05-09
3499,14,377,login,2026-04-14
3500,14,392,dashboard_view,2026-04-26
3501,14,371,export,2026-04-30
3502,14,428,report_created,2026-04-25
3503,14,434,dashboard_view,2026-05-03
3504,14,424,dashboard_view,2026-04-13
3505,14,404,integration_used,2026-05-10
3506,14,418,dashboard_view,2026-05-08
3507,14,421,login,2026-04-23
3508,14,398,dashboard_view,2026-04-30
3509,14,379,export,2026-04-16
3510,14,431,export,2026-05-02
3511,14,418,login,2026-05-07
3512,14,417,export,2026-04-22
3513,14,394,login,2026-05-04
3514,14,383,report_created,2026-05-10
3515,14,412,dashboard_view,2026-05-12
3516,14,406,integration_used,2026-05-07
3517,14,383,dashboard_view,2026-05-10
3518,14,371,report_created,2026-04-18
3519,14,394,dashboard_view,2026-04-25
3520,14,374,report_created,2026-05-05
3521,14,380,integration_used,2026-04-24
3522,14,375,export,2026-04-24
3523,14,375,report_created,2026-05-11
3524,14,381,login,2026-05-03
3525,14,415,report_created,2026-04-18
3526,14,420,dashboard_view,2026-04-26
3527,14,410,export,2026-04-18
3528,14,415,login,2026-05-08
3529,14,412,integration_used,2026-04-29
3530,14,382,dashboard_view,2026-04-26
3531,14,373,export,2026-04-24
3532,14,431,login,2026-04-24
3533,14,390,export,2026-06-07
3534,14,380,login,2026-05-14
3535,14,399,dashboard_view,2026-05-14
3536,14,388,dashboard_view,2026-05-18
3537,14,434,integration_used,2026-05-26
3538,14,436,report_created,2026-05-13
3539,14,427,dashboard_view,2026-05-17
3540,14,413,report_created,2026-06-02
3541,14,425,export,2026-06-10
3542,14,400,integration_used,2026-06-05
3543,14,379,integration_used,2026-06-07
3544,14,433,login,2026-06-08
3545,14,388,report_created,2026-05-18
3546,14,381,login,2026-05-27
3547,14,428,dashboard_view,2026-06-01
3548,14,407,login,2026-06-06
3549,14,405,report_created,2026-05-24
3550,14,415,login,2026-06-09
3551,14,392,export,2026-05-20
3552,14,403,report_created,2026-05-27
3553,14,426,dashboard_view,2026-05-22
3554,14,385,export,2026-05-24
3555,14,375,report_created,2026-05-31
3556,14,421,integration_used,2026-05-29
3557,14,386,report_created,2026-05-28
3558,14,435,integration_used,2026-05-15
3559,14,410,login,2026-05-31
3560,14,422,export,2026-05-26
3561,14,403,login,2026-05-14
3562,14,377,dashboard_view,2026-05-19
3563,14,371,login,2026-06-07
3564,14,407,dashboard_view,2026-05-30
3565,14,421,login,2026-05-15
3566,14,398,export,2026-05-30
3567,14,381,export,2026-05-31
3568,14,429,integration_used,2026-05-22
3569,14,429,login,2026-06-08
3570,14,393,login,2026-05-19
3571,14,420,export,2026-05-18
3572,14,395,report_created,2026-05-30
3573,14,378,report_created,2026-06-01
3574,14,432,export,2026-06-05
3575,14,384,export,2026-06-03
3576,14,374,dashboard_view,2026-05-25
3577,14,430,dashboard_view,2026-06-07
3578,14,410,login,2026-05-24
3579,14,418,report_created,2026-06-10
3580,14,425,dashboard_view,2026-05-27
3581,14,376,login,2026-06-05
3582,14,404,dashboard_view,2026-07-03
3583,14,380,login,2026-07-07
3584,14,405,login,2026-06-29
3585,14,408,export,2026-06-14
3586,14,423,dashboard_view,2026-06-25
3587,14,403,login,2026-07-06
3588,14,381,export,2026-06-13
3589,14,413,report_created,2026-06-17
3590,14,391,report_created,2026-07-05
3591,14,423,export,2026-06-26
3592,14,390,export,2026-06-19
3593,14,415,integration_used,2026-06-12
3594,14,419,login,2026-06-15
3595,14,395,integration_used,2026-07-09
3596,14,388,report_created,2026-07-01
3597,14,371,export,2026-07-07
3598,14,388,report_created,2026-06-26
3599,14,384,export,2026-06-16
3600,14,403,login,2026-06-25
3601,14,427,dashboard_view,2026-06-15
3602,14,427,integration_used,2026-06-21
3603,14,382,dashboard_view,2026-07-10
3604,14,394,integration_used,2026-06-28
3605,14,391,export,2026-06-22
3606,14,397,dashboard_view,2026-06-30
3607,14,394,integration_used,2026-06-20
3608,14,371,report_created,2026-06-30
3609,14,372,report_created,2026-07-02
3610,14,434,login,2026-06-15
3611,14,433,export,2026-06-21
3612,14,422,report_created,2026-06-28
3613,14,415,integration_used,2026-06-15
3614,14,424,report_created,2026-06-25
3615,14,384,dashboard_view,2026-06-12
3616,14,428,report_created,2026-06-28
3617,14,392,integration_used,2026-06-24
3618,14,390,export,2026-06-24
3619,14,418,export,2026-07-02
3620,14,406,integration_used,2026-06-19
3621,14,382,login,2026-07-09
3622,14,381,login,2026-06-21
3623,14,422,export,2026-07-08
3624,14,382,export,2026-06-21
3625,14,434,login,2026-06-23
3626,14,407,export,2026-06-14
3627,14,397,export,2026-07-04
3628,14,418,dashboard_view,2026-07-08
3629,14,430,report_created,2026-07-08
3630,14,429,export,2026-06-28
3631,14,370,dashboard_view,2026-06-30
3632,14,434,report_created,2026-07-02
3633,14,403,export,2026-07-02
3634,14,400,export,2026-07-11
3635,14,374,login,2026-07-11
3636,14,389,report_created,2026-06-16
3637,14,436,integration_used,2026-06-15
3638,14,410,dashboard_view,2026-07-01
3639,14,425,integration_used,2026-07-04
3640,14,394,export,2026-07-22
3641,14,376,integration_used,2026-07-16
3642,14,424,export,2026-08-06
3643,14,392,report_created,2026-07-29
3644,14,436,export,2026-08-05
3645,14,399,dashboard_view,2026-08-07
3646,14,434,integration_used,2026-08-07
3647,14,420,report_created,2026-07-15
3648,14,390,dashboard_view,2026-07-31
3649,14,381,login,2026-08-08
3650,14,425,integration_used,2026-08-10
3651,14,389,integration_used,2026-08-10
3652,14,380,export,2026-07-23
3653,14,373,dashboard_view,2026-07-18
3654,14,428,report_created,2026-07-21
3655,14,393,dashboard_view,2026-08-03
3656,14,408,integration_used,2026-08-04
3657,14,401,export,2026-07-18
3658,14,403,login,2026-07-20
3659,14,405,dashboard_view,2026-08-08
3660,14,372,integration_used,2026-07-21
3661,14,383,export,2026-08-07
3662,14,385,dashboard_view,2026-08-07
3663,14,406,dashboard_view,2026-08-02
3664,14,381,export,2026-08-08
3665,14,416,dashboard_view,2026-07-12
3666,14,420,export,2026-08-07
3667,14,372,login,2026-07-28
3668,14,432,login,2026-07-21
3669,14,396,export,2026-07-20
3670,14,418,report_created,2026-07-13
3671,14,427,dashboard_view,2026-07-16
3672,14,393,login,2026-08-01
3673,14,392,integration_used,2026-07-20
3674,14,374,report_created,2026-08-07
3675,14,414,integration_used,2026-07-26
3676,14,370,integration_used,2026-08-05
3677,14,402,login,2026-07-12
3678,14,394,login,2026-07-22
3679,14,372,integration_used,2026-07-25
3680,14,389,report_created,2026-08-04
3681,14,384,dashboard_view,2026-07-13
3682,14,373,dashboard_view,2026-07-31
3683,14,398,dashboard_view,2026-08-08
3684,14,404,export,2026-08-02
3685,14,395,report_created,2026-08-08
3686,14,407,export,2026-07-27
3687,14,425,export,2026-07-25
3688,14,394,dashboard_view,2026-08-02
3689,14,395,report_created,2026-07-20
3690,14,420,integration_used,2026-08-07
3691,14,409,dashboard_view,2026-08-05
3692,14,432,export,2026-07-28
3693,14,424,report_created,2026-07-22
3694,14,410,login,2026-07-22
3695,14,419,dashboard_view,2026-07-28
3696,14,415,login,2026-07-30
3697,15,439,login,2026-02-13
3698,15,445,integration_used,2026-03-05
3699,15,443,integration_used,2026-03-04
3700,15,447,report_created,2026-02-25
3701,15,443,login,2026-03-13
3702,15,439,report_created,2026-02-16
3703,15,443,dashboard_view,2026-02-16
3704,15,442,login,2026-03-06
3705,15,440,report_created,2026-02-20
3706,15,442,report_created,2026-03-09
3707,15,438,report_created,2026-03-13
3708,15,448,report_created,2026-03-13
3709,15,440,integration_used,2026-02-27
3710,15,442,dashboard_view,2026-02-13
3711,15,445,export,2026-03-11
3712,15,441,dashboard_view,2026-02-22
3713,15,445,login,2026-03-07
3714,15,445,integration_used,2026-03-05
3715,15,447,integration_used,2026-03-11
3716,15,447,export,2026-02-28
3717,15,442,report_created,2026-02-15
3718,15,440,login,2026-03-07
3719,15,444,login,2026-02-26
3720,15,441,login,2026-02-28
3721,15,438,dashboard_view,2026-02-27
3722,15,446,integration_used,2026-03-03
3723,15,443,integration_used,2026-03-06
3724,15,437,login,2026-03-04
3725,15,447,integration_used,2026-02-16
3726,15,437,export,2026-02-12
3727,15,441,export,2026-03-09
3728,15,437,integration_used,2026-02-13
3729,15,445,report_created,2026-03-12
3730,15,447,login,2026-03-13
3731,15,444,export,2026-03-10
3732,15,448,report_created,2026-03-04
3733,15,442,report_created,2026-02-17
3734,15,443,integration_used,2026-03-11
3735,15,442,integration_used,2026-02-26
3736,15,437,report_created,2026-03-01
3737,15,448,export,2026-02-27
3738,15,447,login,2026-02-12
3739,15,442,login,2026-02-22
3740,15,437,login,2026-03-06
3741,15,437,login,2026-03-09
3742,15,442,export,2026-02-14
3743,15,440,login,2026-03-08
3744,15,440,report_created,2026-02-18
3745,15,445,login,2026-03-13
3746,15,437,login,2026-04-09
3747,15,441,report_created,2026-04-10
3748,15,442,integration_used,2026-03-21
3749,15,443,dashboard_view,2026-04-04
3750,15,439,export,2026-03-25
3751,15,438,report_created,2026-04-08
3752,15,439,integration_used,2026-03-19
3753,15,443,export,2026-03-23
3754,15,447,integration_used,2026-04-09
3755,15,445,integration_used,2026-04-05
3756,15,444,export,2026-03-22
3757,15,441,export,2026-04-02
3758,15,440,report_created,2026-04-10
3759,15,441,login,2026-03-21
3760,15,442,dashboard_view,2026-03-26
3761,15,447,dashboard_view,2026-03-23
3762,15,448,login,2026-04-10
3763,15,444,dashboard_view,2026-04-11
3764,15,437,dashboard_view,2026-03-22
3765,15,444,export,2026-03-17
3766,15,440,login,2026-03-28
3767,15,442,integration_used,2026-04-06
3768,15,445,report_created,2026-03-27
3769,15,441,export,2026-03-21
3770,15,447,integration_used,2026-04-08
3771,15,438,dashboard_view,2026-03-14
3772,15,440,report_created,2026-03-14
3773,15,443,integration_used,2026-03-29
3774,15,445,export,2026-04-06
3775,15,440,report_created,2026-04-10
3776,15,443,report_created,2026-04-07
3777,15,446,login,2026-03-23
3778,15,439,login,2026-03-29
3779,15,448,dashboard_view,2026-04-09
3780,15,437,export,2026-03-15
3781,15,439,login,2026-04-04
3782,15,444,integration_used,2026-03-22
3783,15,444,report_created,2026-04-01
3784,15,438,integration_used,2026-03-14
3785,15,438,export,2026-04-01
3786,15,440,export,2026-04-08
3787,15,445,integration_used,2026-03-30
3788,15,442,export,2026-04-11
3789,15,442,login,2026-05-09
3790,15,447,export,2026-04-30
3791,15,440,dashboard_view,2026-05-03
3792,15,443,integration_used,2026-05-07
3793,15,441,integration_used,2026-04-26
3794,15,444,export,2026-04-26
3795,15,438,login,2026-04-21
3796,15,447,login,2026-05-05
3797,15,440,login,2026-05-09
3798,15,437,report_created,2026-04-24
3799,15,440,integration_used,2026-05-10
3800,15,438,dashboard_view,2026-05-04
3801,15,446,export,2026-04-20
3802,15,443,login,2026-04-30
3803,15,440,report_created,2026-04-19
3804,15,444,dashboard_view,2026-05-06
3805,15,440,report_created,2026-05-01
3806,15,448,report_created,2026-04-23
3807,15,448,login,2026-05-12
3808,15,439,integration_used,2026-04-26
3809,15,444,report_created,2026-04-19
3810,15,448,dashboard_view,2026-05-05
3811,15,442,login,2026-04-21
3812,15,439,report_created,2026-05-07
3813,15,444,login,2026-05-08
3814,15,447,export,2026-04-27
3815,15,442,dashboard_view,2026-05-12
3816,15,441,login,2026-04-14
3817,15,439,login,2026-04-21
3818,15,446,export,2026-05-01
3819,15,446,export,2026-05-12
3820,15,440,login,2026-04-27
3821,15,437,login,2026-04-16
3822,15,446,report_created,2026-04-21
3823,15,440,integration_used,2026-04-26
3824,15,439,dashboard_view,2026-04-18
3825,15,438,report_created,2026-05-09
3826,15,448,export,2026-05-02
3827,15,444,report_created,2026-04-19
3828,15,445,export,2026-05-04
3829,15,441,export,2026-05-01
3830,15,437,report_created,2026-04-16
3831,15,441,report_created,2026-04-20
3832,15,445,integration_used,2026-04-18
3833,15,444,report_created,2026-05-09
3834,15,447,login,2026-04-26
3835,15,439,dashboard_view,2026-04-29
3836,15,447,report_created,2026-05-08
3837,15,437,integration_used,2026-06-04
3838,15,448,export,2026-05-20
3839,15,442,login,2026-06-05
3840,15,440,export,2026-05-13
3841,15,447,report_created,2026-06-08
3842,15,447,integration_used,2026-05-21
3843,15,444,integration_used,2026-05-14
3844,15,439,report_created,2026-06-03
3845,15,442,integration_used,2026-05-30
3846,15,443,report_created,2026-06-03
3847,15,440,integration_used,2026-06-10
3848,15,445,report_created,2026-05-20
3849,15,446,export,2026-06-08
3850,15,444,report_created,2026-05-24
3851,15,441,login,2026-06-08
3852,15,444,dashboard_view,2026-05-13
3853,15,444,dashboard_view,2026-05-21
3854,15,445,integration_used,2026-06-02
3855,15,445,dashboard_view,2026-05-21
3856,15,441,report_created,2026-05-27
3857,15,438,report_created,2026-05-17
3858,15,437,login,2026-05-28
3859,15,440,integration_used,2026-06-02
3860,15,438,export,2026-06-10
3861,15,441,export,2026-06-11
3862,15,442,login,2026-05-21
3863,15,437,dashboard_view,2026-06-03
3864,15,442,report_created,2026-05-14
3865,15,445,integration_used,2026-05-21
3866,15,439,report_created,2026-06-09
3867,15,439,dashboard_view,2026-05-19
3868,15,443,login,2026-05-24
3869,15,441,login,2026-06-04
3870,15,444,report_created,2026-05-13
3871,15,440,export,2026-05-17
3872,15,443,login,2026-05-30
3873,15,441,report_created,2026-05-13
3874,15,446,dashboard_view,2026-06-02
3875,15,446,report_created,2026-05-29
3876,15,446,dashboard_view,2026-06-07
3877,15,441,export,2026-06-07
3878,15,445,report_created,2026-06-05
3879,15,441,report_created,2026-06-09
3880,15,446,export,2026-05-13
3881,15,445,export,2026-06-06
3882,15,443,dashboard_view,2026-06-08
3883,15,445,report_created,2026-05-28
3884,15,445,report_created,2026-05-13
3885,15,444,export,2026-05-31
3886,15,444,export,2026-05-29
3887,15,444,integration_used,2026-06-11
3888,15,437,export,2026-05-18
3889,15,438,dashboard_view,2026-05-18
3890,15,446,report_created,2026-05-13
3891,15,440,integration_used,2026-05-24
3892,15,439,integration_used,2026-06-22
3893,15,446,report_created,2026-06-13
3894,15,437,export,2026-06-17
3895,15,439,login,2026-06-29
3896,15,444,integration_used,2026-06-16
3897,15,444,login,2026-06-15
3898,15,438,report_created,2026-07-10
3899,15,447,report_created,2026-07-08
3900,15,446,report_created,2026-07-08
3901,15,446,report_created,2026-06-26
3902,15,437,integration_used,2026-07-08
3903,15,447,login,2026-06-25
3904,15,448,integration_used,2026-07-05
3905,15,439,export,2026-06-24
3906,15,439,dashboard_view,2026-07-04
3907,15,441,report_created,2026-06-21
3908,15,448,login,2026-06-12
3909,15,444,dashboard_view,2026-06-22
3910,15,438,login,2026-07-09
3911,15,439,login,2026-06-22
3912,15,445,dashboard_view,2026-07-08
3913,15,440,export,2026-07-08
3914,15,437,integration_used,2026-06-15
3915,15,444,login,2026-06-29
3916,15,438,export,2026-07-02
3917,15,444,dashboard_view,2026-07-06
3918,15,445,integration_used,2026-07-03
3919,15,447,integration_used,2026-06-27
3920,15,438,dashboard_view,2026-06-28
3921,15,447,dashboard_view,2026-07-11
3922,15,439,dashboard_view,2026-06-15
3923,15,439,integration_used,2026-06-25
3924,15,440,export,2026-06-26
3925,15,441,login,2026-07-02
3926,15,446,report_created,2026-06-26
3927,15,447,export,2026-07-03
3928,15,443,login,2026-06-19
3929,15,444,export,2026-06-28
3930,15,439,report_created,2026-07-11
3931,15,444,integration_used,2026-07-08
3932,15,443,integration_used,2026-07-11
3933,15,441,integration_used,2026-07-10
3934,15,444,report_created,2026-07-10
3935,15,439,export,2026-06-27
3936,15,441,dashboard_view,2026-07-11
3937,15,442,integration_used,2026-06-25
3938,15,440,integration_used,2026-06-30
3939,15,443,login,2026-06-25
3940,15,439,dashboard_view,2026-06-21
3941,15,442,integration_used,2026-06-21
3942,15,442,dashboard_view,2026-06-27
3943,15,441,report_created,2026-06-16
3944,15,443,export,2026-07-09
3945,15,443,integration_used,2026-06-26
3946,15,447,integration_used,2026-07-06
3947,15,448,integration_used,2026-06-12
3948,15,439,report_created,2026-07-19
3949,15,446,report_created,2026-07-23
3950,15,446,export,2026-07-22
3951,15,438,login,2026-08-09
3952,15,448,dashboard_view,2026-08-05
3953,15,438,login,2026-07-20
3954,15,444,export,2026-07-12
3955,15,442,dashboard_view,2026-07-17
3956,15,448,dashboard_view,2026-07-16
3957,15,438,dashboard_view,2026-07-13
3958,15,448,export,2026-07-13
3959,15,443,login,2026-07-12
3960,15,437,report_created,2026-07-22
3961,15,438,login,2026-08-09
3962,15,444,report_created,2026-07-17
3963,15,446,login,2026-07-21
3964,15,439,login,2026-07-31
3965,15,448,export,2026-07-27
3966,15,439,integration_used,2026-07-21
3967,15,445,dashboard_view,2026-08-04
3968,15,441,export,2026-07-26
3969,15,447,dashboard_view,2026-08-01
3970,15,440,dashboard_view,2026-07-18
3971,15,443,integration_used,2026-07-15
3972,15,440,integration_used,2026-08-08
3973,15,437,login,2026-07-21
3974,15,440,dashboard_view,2026-08-09
3975,15,437,export,2026-07-30
3976,15,446,login,2026-07-24
3977,15,442,integration_used,2026-08-05
3978,15,444,dashboard_view,2026-08-04
3979,15,446,export,2026-07-15
3980,15,445,report_created,2026-07-30
3981,15,446,integration_used,2026-07-13
3982,15,439,login,2026-07-16
3983,15,444,export,2026-07-28
3984,15,438,login,2026-07-23
3985,15,439,integration_used,2026-07-16
3986,15,441,login,2026-08-07
3987,15,444,login,2026-08-03
3988,15,446,report_created,2026-07-24
3989,15,437,report_created,2026-08-03
3990,15,441,report_created,2026-07-29
3991,15,438,dashboard_view,2026-07-14
3992,15,441,integration_used,2026-08-08
3993,15,446,integration_used,2026-08-03
3994,15,446,report_created,2026-07-25
3995,15,443,login,2026-07-22
3996,15,445,login,2026-07-19
3997,15,446,report_created,2026-07-26
3998,15,447,login,2026-08-10
3999,15,442,report_created,2026-07-28
4000,15,440,login,2026-07-31
4001,16,452,report_created,2026-02-24
4002,16,449,export,2026-03-06
4003,16,450,integration_used,2026-02-16
4004,16,449,login,2026-03-02
4005,16,455,integration_used,2026-02-22
4006,16,450,integration_used,2026-02-13
4007,16,456,report_created,2026-03-09
4008,16,449,login,2026-03-10
4009,16,456,dashboard_view,2026-02-25
4010,16,454,export,2026-02-28
4011,16,453,dashboard_view,2026-02-16
4012,16,449,login,2026-02-12
4013,16,449,dashboard_view,2026-02-17
4014,16,457,export,2026-02-22
4015,16,449,export,2026-02-24
4016,16,449,export,2026-03-01
4017,16,451,export,2026-02-28
4018,16,457,login,2026-03-09
4019,16,456,integration_used,2026-03-10
4020,16,454,dashboard_view,2026-03-02
4021,16,454,login,2026-02-28
4022,16,452,login,2026-03-06
4023,16,449,export,2026-03-06
4024,16,457,login,2026-02-23
4025,16,449,dashboard_view,2026-02-14
4026,16,449,login,2026-03-11
4027,16,451,dashboard_view,2026-02-27
4028,16,453,report_created,2026-03-12
4029,16,454,dashboard_view,2026-02-22
4030,16,453,integration_used,2026-03-09
4031,16,455,login,2026-02-26
4032,16,450,report_created,2026-03-11
4033,16,457,export,2026-03-07
4034,16,454,dashboard_view,2026-02-13
4035,16,456,report_created,2026-02-19
4036,16,454,integration_used,2026-02-17
4037,16,453,dashboard_view,2026-02-14
4038,16,457,report_created,2026-02-13
4039,16,454,integration_used,2026-02-19
4040,16,449,export,2026-04-01
4041,16,456,login,2026-04-04
4042,16,452,dashboard_view,2026-03-14
4043,16,457,report_created,2026-04-05
4044,16,457,login,2026-04-06
4045,16,454,dashboard_view,2026-03-20
4046,16,449,export,2026-04-05
4047,16,456,login,2026-04-09
4048,16,456,login,2026-03-17
4049,16,453,integration_used,2026-04-04
4050,16,455,login,2026-04-03
4051,16,449,integration_used,2026-04-04
4052,16,455,login,2026-03-28
4053,16,455,export,2026-03-31
4054,16,449,dashboard_view,2026-04-05
4055,16,455,export,2026-04-07
4056,16,457,report_created,2026-04-11
4057,16,449,report_created,2026-03-26
4058,16,449,integration_used,2026-03-14
4059,16,454,report_created,2026-03-14
4060,16,452,login,2026-03-19
4061,16,454,integration_used,2026-03-20
4062,16,455,export,2026-03-16
4063,16,449,login,2026-03-18
4064,16,457,report_created,2026-03-31
4065,16,457,export,2026-03-29
4066,16,457,dashboard_view,2026-04-04
4067,16,455,dashboard_view,2026-03-29
4068,16,451,login,2026-03-14
4069,16,453,report_created,2026-03-18
4070,16,450,integration_used,2026-04-05
4071,16,453,integration_used,2026-04-02
4072,16,455,integration_used,2026-04-11
4073,16,453,report_created,2026-04-01
4074,16,453,integration_used,2026-03-18
4075,16,449,report_created,2026-04-09
4076,16,454,report_created,2026-03-17
4077,16,451,export,2026-03-29
4078,16,456,export,2026-05-12
4079,16,449,export,2026-05-01
4080,16,457,export,2026-05-06
4081,16,449,login,2026-04-24
4082,16,453,integration_used,2026-04-14
4083,16,457,login,2026-05-02
4084,16,456,report_created,2026-05-07
4085,16,453,export,2026-05-04
4086,16,451,dashboard_view,2026-05-05
4087,16,451,integration_used,2026-04-15
4088,16,449,login,2026-05-05
4089,16,449,integration_used,2026-05-07
4090,16,456,report_created,2026-04-24
4091,16,449,dashboard_view,2026-04-25
4092,16,449,report_created,2026-04-20
4093,16,453,report_created,2026-05-12
4094,16,457,login,2026-04-20
4095,16,452,login,2026-05-01
4096,16,450,export,2026-04-26
4097,16,450,login,2026-04-26
4098,16,452,report_created,2026-05-06
4099,16,454,export,2026-04-16
4100,16,450,export,2026-04-22
4101,16,453,login,2026-05-08
4102,16,454,report_created,2026-04-23
4103,16,454,report_created,2026-04-29
4104,16,456,integration_used,2026-05-03
4105,16,449,report_created,2026-05-07
4106,16,449,dashboard_view,2026-05-03
4107,16,449,integration_used,2026-05-09
4108,16,452,report_created,2026-04-17
4109,16,457,integration_used,2026-04-20
4110,16,454,export,2026-05-06
4111,16,449,dashboard_view,2026-04-21
4112,16,455,login,2026-04-18
4113,16,450,dashboard_view,2026-04-13
4114,16,457,integration_used,2026-04-24
4115,16,455,login,2026-04-25
4116,16,457,login,2026-04-17
4117,16,456,integration_used,2026-04-21
4118,16,454,dashboard_view,2026-06-03
4119,16,453,dashboard_view,2026-05-13
4120,16,454,report_created,2026-06-04
4121,16,452,report_created,2026-05-28
4122,16,450,dashboard_view,2026-05-20
4123,16,456,export,2026-05-19
4124,16,454,report_created,2026-06-09
4125,16,457,login,2026-05-26
4126,16,454,export,2026-05-22
4127,16,452,export,2026-05-28
4128,16,452,dashboard_view,2026-05-24
4129,16,457,export,2026-06-04
4130,16,451,report_created,2026-05-23
4131,16,453,report_created,2026-06-01
4132,16,450,export,2026-06-09
4133,16,455,dashboard_view,2026-05-26
4134,16,456,dashboard_view,2026-05-22
4135,16,451,export,2026-05-14
4136,16,449,login,2026-06-06
4137,16,455,integration_used,2026-06-03
4138,16,456,login,2026-05-19
4139,16,451,login,2026-05-15
4140,16,455,dashboard_view,2026-06-11
4141,16,450,integration_used,2026-06-07
4142,16,457,export,2026-05-13
4143,16,455,dashboard_view,2026-05-31
4144,16,455,integration_used,2026-05-20
4145,16,452,report_created,2026-05-20
4146,16,450,report_created,2026-06-01
4147,16,450,login,2026-05-19
4148,16,450,report_created,2026-05-19
4149,16,456,export,2026-05-13
4150,16,456,export,2026-05-19
4151,16,453,export,2026-05-18
4152,16,451,dashboard_view,2026-05-19
4153,16,457,dashboard_view,2026-06-09
4154,16,449,integration_used,2026-05-24
4155,16,454,export,2026-05-21
4156,16,455,export,2026-06-01
4157,16,451,integration_used,2026-05-26
4158,16,453,login,2026-05-18
4159,16,452,export,2026-06-02
4160,16,454,integration_used,2026-06-10
4161,16,457,integration_used,2026-05-14
4162,16,457,export,2026-05-15
4163,16,453,export,2026-06-01
4164,16,454,dashboard_view,2026-05-18
4165,16,451,dashboard_view,2026-06-10
4166,16,455,report_created,2026-05-26
4167,16,454,report_created,2026-06-08
4168,16,453,login,2026-06-06
4169,16,453,export,2026-06-03
4170,16,456,dashboard_view,2026-06-04
4171,16,453,report_created,2026-05-13
4172,16,452,report_created,2026-06-20
4173,16,451,dashboard_view,2026-07-08
4174,16,457,integration_used,2026-06-15
4175,16,451,integration_used,2026-07-11
4176,16,449,integration_used,2026-06-13
4177,16,457,dashboard_view,2026-06-16
4178,16,449,login,2026-06-26
4179,16,454,report_created,2026-07-05
4180,16,455,export,2026-06-18
4181,16,457,export,2026-07-07
4182,16,453,login,2026-06-12
4183,16,450,export,2026-06-27
4184,16,456,login,2026-07-03
4185,16,451,login,2026-07-03
4186,16,454,login,2026-06-16
4187,16,452,login,2026-06-18
4188,16,454,integration_used,2026-07-06
4189,16,454,export,2026-07-03
4190,16,457,login,2026-06-20
4191,16,454,login,2026-06-13
4192,16,455,integration_used,2026-07-08
4193,16,454,integration_used,2026-07-05
4194,16,449,login,2026-06-21
4195,16,452,integration_used,2026-07-07
4196,16,455,dashboard_view,2026-06-14
4197,16,452,export,2026-07-03
4198,16,451,dashboard_view,2026-06-26
4199,16,456,dashboard_view,2026-07-02
4200,16,452,login,2026-06-21
4201,16,457,dashboard_view,2026-06-14
4202,16,449,login,2026-06-28
4203,16,456,integration_used,2026-06-24
4204,16,452,dashboard_view,2026-06-19
4205,16,449,report_created,2026-06-28
4206,16,455,integration_used,2026-06-21
4207,16,452,report_created,2026-06-21
4208,16,456,dashboard_view,2026-06-25
4209,16,453,dashboard_view,2026-06-15
4210,16,453,export,2026-06-20
4211,16,456,export,2026-06-16
4212,16,454,export,2026-06-24
4213,16,453,dashboard_view,2026-07-08
4214,16,450,report_created,2026-06-13
4215,16,455,report_created,2026-06-27
4216,16,452,export,2026-06-20
4217,16,450,export,2026-07-06
4218,16,454,login,2026-06-20
4219,16,454,export,2026-06-19
4220,16,456,export,2026-07-15
4221,16,455,dashboard_view,2026-07-20
4222,16,449,report_created,2026-08-01
4223,16,457,export,2026-08-04
4224,16,449,report_created,2026-07-24
4225,16,453,report_created,2026-07-20
4226,16,455,export,2026-07-29
4227,16,455,report_created,2026-07-29
4228,16,449,export,2026-08-02
4229,16,452,login,2026-07-31
4230,16,453,export,2026-07-27
4231,16,452,dashboard_view,2026-07-23
4232,16,457,login,2026-08-04
4233,16,454,integration_used,2026-08-06
4234,16,457,login,2026-08-10
4235,16,455,report_created,2026-08-08
4236,16,454,integration_used,2026-07-17
4237,16,450,login,2026-07-21
4238,16,457,report_created,2026-08-04
4239,16,457,dashboard_view,2026-08-04
4240,16,457,dashboard_view,2026-07-29
4241,16,453,dashboard_view,2026-07-16
4242,16,454,export,2026-07-31
4243,16,452,dashboard_view,2026-07-24
4244,16,449,login,2026-08-09
4245,16,457,integration_used,2026-08-07
4246,16,455,export,2026-07-16
4247,16,449,report_created,2026-08-05
4248,16,453,dashboard_view,2026-08-10
4249,16,452,report_created,2026-08-09
4250,16,450,export,2026-07-15
4251,16,455,report_created,2026-08-06
4252,16,450,login,2026-08-08
4253,16,457,export,2026-07-18
4254,16,449,integration_used,2026-08-10
4255,16,451,integration_used,2026-08-07
4256,16,455,integration_used,2026-08-04
4257,16,453,report_created,2026-07-16
4258,16,455,login,2026-07-25
4259,16,453,export,2026-08-02
4260,16,452,report_created,2026-08-07
4261,16,456,report_created,2026-07-29
4262,16,455,dashboard_view,2026-08-08
4263,16,455,report_created,2026-07-24
4264,16,456,integration_used,2026-08-01
4265,16,457,export,2026-08-03
4266,16,449,export,2026-07-26
4267,16,454,integration_used,2026-07-17
4268,16,450,dashboard_view,2026-07-27
4269,17,470,dashboard_view,2026-02-17
4270,17,472,export,2026-03-02
4271,17,461,report_created,2026-02-21
4272,17,468,login,2026-03-09
4273,17,461,dashboard_view,2026-02-24
4274,17,464,export,2026-02-14
4275,17,465,dashboard_view,2026-03-11
4276,17,470,export,2026-02-22
4277,17,474,integration_used,2026-02-18
4278,17,465,export,2026-03-12
4279,17,466,report_created,2026-02-28
4280,17,468,dashboard_view,2026-02-15
4281,17,459,integration_used,2026-03-03
4282,17,471,login,2026-02-14
4283,17,466,dashboard_view,2026-02-19
4284,17,473,export,2026-02-24
4285,17,468,dashboard_view,2026-02-21
4286,17,468,export,2026-02-27
4287,17,474,login,2026-02-24
4288,17,461,login,2026-02-28
4289,17,470,login,2026-03-09
4290,17,463,login,2026-02-25
4291,17,463,export,2026-03-07
4292,17,461,export,2026-03-12
4293,17,473,integration_used,2026-03-08
4294,17,473,integration_used,2026-03-09
4295,17,471,login,2026-03-01
4296,17,467,export,2026-03-10
4297,17,467,report_created,2026-02-18
4298,17,474,integration_used,2026-03-03
4299,17,469,dashboard_view,2026-02-23
4300,17,462,integration_used,2026-03-04
4301,17,464,integration_used,2026-02-16
4302,17,469,integration_used,2026-02-25
4303,17,466,export,2026-02-26
4304,17,468,dashboard_view,2026-03-14
4305,17,463,export,2026-03-27
4306,17,458,export,2026-04-02
4307,17,463,export,2026-04-08
4308,17,460,report_created,2026-04-12
4309,17,464,login,2026-04-06
4310,17,472,login,2026-04-02
4311,17,459,export,2026-03-24
4312,17,463,report_created,2026-04-10
4313,17,465,login,2026-04-01
4314,17,464,report_created,2026-04-04
4315,17,471,report_created,2026-03-25
4316,17,469,export,2026-03-24
4317,17,466,integration_used,2026-03-26
4318,17,464,integration_used,2026-04-10
4319,17,462,dashboard_view,2026-04-09
4320,17,466,report_created,2026-04-07
4321,17,461,integration_used,2026-04-08
4322,17,470,integration_used,2026-04-02
4323,17,466,integration_used,2026-03-18
4324,17,473,dashboard_view,2026-04-06
4325,17,458,dashboard_view,2026-03-18
4326,17,464,integration_used,2026-04-10
4327,17,462,dashboard_view,2026-04-08
4328,17,473,login,2026-03-16
4329,17,468,login,2026-04-10
4330,17,462,export,2026-03-27
4331,17,471,export,2026-03-22
4332,17,468,integration_used,2026-04-03
4333,17,461,integration_used,2026-04-05
4334,17,470,export,2026-03-31
4335,17,473,report_created,2026-04-01
4336,17,474,integration_used,2026-04-02
4337,17,460,integration_used,2026-03-15
4338,17,464,report_created,2026-04-07
4339,17,462,export,2026-03-17
4340,17,472,report_created,2026-03-28
4341,17,461,export,2026-03-26
4342,17,469,login,2026-04-07
4343,17,469,export,2026-03-16
4344,17,469,export,2026-03-20
4345,17,464,report_created,2026-04-30
4346,17,463,login,2026-04-13
4347,17,464,report_created,2026-04-28
4348,17,474,login,2026-05-06
4349,17,467,login,2026-05-02
4350,17,469,report_created,2026-04-13
4351,17,474,login,2026-04-13
4352,17,466,report_created,2026-05-11
4353,17,473,login,2026-04-30
4354,17,466,login,2026-05-04
4355,17,458,export,2026-04-15
4356,17,472,dashboard_view,2026-04-27
4357,17,473,integration_used,2026-04-19
4358,17,461,report_created,2026-05-11
4359,17,458,dashboard_view,2026-04-23
4360,17,463,dashboard_view,2026-04-15
4361,17,460,login,2026-04-29
4362,17,459,login,2026-04-28
4363,17,468,integration_used,2026-05-09
4364,17,466,dashboard_view,2026-04-15
4365,17,458,report_created,2026-05-02
4366,17,463,integration_used,2026-04-14
4367,17,469,login,2026-04-26
4368,17,470,login,2026-04-29
4369,17,460,integration_used,2026-05-06
4370,17,462,report_created,2026-04-19
4371,17,460,export,2026-05-07
4372,17,459,integration_used,2026-05-04
4373,17,464,integration_used,2026-04-20
4374,17,471,login,2026-05-07
4375,17,467,integration_used,2026-05-04
4376,17,469,report_created,2026-05-09
4377,17,472,login,2026-04-24
4378,17,472,login,2026-05-10
4379,17,460,login,2026-05-07
4380,17,463,integration_used,2026-05-02
4381,17,458,dashboard_view,2026-04-18
4382,17,458,report_created,2026-05-06
4383,17,472,dashboard_view,2026-05-10
4384,17,467,dashboard_view,2026-04-16
4385,17,462,login,2026-05-03
4386,17,470,report_created,2026-04-20
4387,17,463,dashboard_view,2026-05-04
4388,17,468,dashboard_view,2026-04-29
4389,17,464,dashboard_view,2026-05-04
4390,17,463,report_created,2026-05-03
4391,17,466,export,2026-06-09
4392,17,469,report_created,2026-05-24
4393,17,469,integration_used,2026-05-18
4394,17,472,dashboard_view,2026-05-16
4395,17,459,integration_used,2026-05-16
4396,17,470,integration_used,2026-06-07
4397,17,464,export,2026-05-20
4398,17,469,report_created,2026-05-22
4399,17,464,integration_used,2026-06-01
4400,17,466,integration_used,2026-06-09
4401,17,464,dashboard_view,2026-06-03
4402,17,472,login,2026-06-03
4403,17,461,dashboard_view,2026-05-26
4404,17,473,export,2026-06-07
4405,17,468,integration_used,2026-05-31
4406,17,470,integration_used,2026-05-21
4407,17,459,login,2026-06-01
4408,17,469,login,2026-05-15
4409,17,463,export,2026-05-29
4410,17,468,login,2026-06-01
4411,17,463,report_created,2026-05-13
4412,17,467,export,2026-06-06
4413,17,463,login,2026-05-18
4414,17,472,integration_used,2026-05-17
4415,17,472,integration_used,2026-05-24
4416,17,471,export,2026-05-19
4417,17,473,dashboard_view,2026-05-16
4418,17,466,report_created,2026-05-19
4419,17,468,export,2026-05-27
4420,17,467,dashboard_view,2026-06-10
4421,17,474,export,2026-06-08
4422,17,471,report_created,2026-05-18
4423,17,470,login,2026-05-24
4424,17,463,dashboard_view,2026-05-26
4425,17,467,integration_used,2026-05-14
4426,17,474,integration_used,2026-06-05
4427,17,462,report_created,2026-06-07
4428,17,459,report_created,2026-06-09
4429,17,462,report_created,2026-05-17
4430,17,472,dashboard_view,2026-05-30
4431,17,472,dashboard_view,2026-06-11
4432,17,464,dashboard_view,2026-05-14
4433,17,467,login,2026-06-02
4434,17,463,dashboard_view,2026-06-04
4435,17,471,dashboard_view,2026-06-09
4436,17,462,integration_used,2026-05-21
4437,17,469,export,2026-06-11
4438,17,463,login,2026-05-31
4439,17,473,export,2026-05-25
4440,17,464,export,2026-05-13
4441,17,470,export,2026-05-16
4442,17,465,login,2026-05-18
4443,17,470,report_created,2026-06-07
4444,17,462,report_created,2026-05-30
4445,17,471,export,2026-06-22
4446,17,460,export,2026-06-30
4447,17,458,integration_used,2026-07-04
4448,17,463,dashboard_view,2026-06-17
4449,17,469,report_created,2026-06-30
4450,17,474,login,2026-06-15
4451,17,470,login,2026-06-12
4452,17,465,export,2026-07-07
4453,17,464,dashboard_view,2026-07-10
4454,17,467,login,2026-06-28
4455,17,468,dashboard_view,2026-06-29
4456,17,471,report_created,2026-07-07
4457,17,467,export,2026-06-29
4458,17,459,export,2026-07-03
4459,17,463,export,2026-07-06
4460,17,474,login,2026-06-15
4461,17,472,login,2026-06-16
4462,17,469,login,2026-06-20
4463,17,470,login,2026-06-16
4464,17,463,dashboard_view,2026-07-01
4465,17,474,export,2026-06-29
4466,17,458,export,2026-06-26
4467,17,471,login,2026-06-17
4468,17,467,report_created,2026-06-28
4469,17,461,export,2026-06-22
4470,17,474,export,2026-06-30
4471,17,468,integration_used,2026-06-14
4472,17,469,dashboard_view,2026-07-08
4473,17,471,export,2026-06-24
4474,17,460,login,2026-07-07
4475,17,468,integration_used,2026-06-12
4476,17,466,integration_used,2026-07-05
4477,17,472,login,2026-06-28
4478,17,472,login,2026-07-02
4479,17,461,export,2026-06-14
4480,17,472,login,2026-06-30
4481,17,469,export,2026-07-03
4482,17,468,report_created,2026-06-20
4483,17,458,report_created,2026-06-24
4484,17,463,report_created,2026-07-02
4485,17,471,export,2026-07-11
4486,17,468,login,2026-07-02
4487,17,461,login,2026-06-30
4488,17,470,dashboard_view,2026-07-04
4489,17,460,login,2026-06-24
4490,17,462,dashboard_view,2026-06-18
4491,17,473,report_created,2026-06-28
4492,17,469,integration_used,2026-06-27
4493,17,465,integration_used,2026-06-12
4494,17,472,login,2026-07-10
4495,17,468,login,2026-06-30
4496,17,462,login,2026-06-22
4497,17,470,login,2026-06-25
4498,17,468,report_created,2026-06-12
4499,17,470,dashboard_view,2026-08-10
4500,17,466,login,2026-07-18
4501,17,471,dashboard_view,2026-08-07
4502,17,466,integration_used,2026-08-01
4503,17,474,dashboard_view,2026-07-24
4504,17,459,integration_used,2026-07-30
4505,17,473,export,2026-08-04
4506,17,466,dashboard_view,2026-07-18
4507,17,466,login,2026-07-25
4508,17,470,dashboard_view,2026-07-12
4509,17,467,login,2026-08-02
4510,17,471,login,2026-08-04
4511,17,471,dashboard_view,2026-07-20
4512,17,466,export,2026-08-02
4513,17,468,dashboard_view,2026-08-07
4514,17,465,report_created,2026-08-10
4515,17,465,integration_used,2026-08-08
4516,17,467,integration_used,2026-07-18
4517,17,472,export,2026-07-23
4518,17,468,export,2026-07-24
4519,17,473,integration_used,2026-07-12
4520,17,458,report_created,2026-07-31
4521,17,468,export,2026-07-30
4522,17,462,export,2026-07-27
4523,17,464,dashboard_view,2026-07-24
4524,17,470,export,2026-08-02
4525,17,459,integration_used,2026-07-20
4526,17,460,export,2026-07-21
4527,17,469,dashboard_view,2026-08-08
4528,17,474,report_created,2026-07-30
4529,17,467,report_created,2026-07-17
4530,17,472,export,2026-07-20
4531,17,458,integration_used,2026-08-06
4532,17,463,report_created,2026-07-22
4533,17,471,login,2026-07-28
4534,17,467,export,2026-07-24
4535,17,465,integration_used,2026-07-29
4536,17,462,integration_used,2026-07-29
4537,17,461,export,2026-08-07
4538,17,464,login,2026-08-04
4539,17,467,dashboard_view,2026-08-05
4540,17,470,export,2026-07-24
4541,17,469,dashboard_view,2026-07-17
4542,17,471,integration_used,2026-07-13
4543,17,466,report_created,2026-07-31
4544,17,461,report_created,2026-07-20
4545,17,474,integration_used,2026-07-24
4546,17,470,export,2026-08-03
4547,17,473,export,2026-07-17
4548,17,467,export,2026-07-15
4549,17,463,dashboard_view,2026-07-12
4550,17,470,login,2026-08-01
4551,17,468,export,2026-07-17
4552,17,463,login,2026-07-20
4553,17,470,export,2026-07-23
4554,17,471,dashboard_view,2026-07-28
4555,17,458,dashboard_view,2026-07-22
4556,17,462,integration_used,2026-07-22
4557,18,477,integration_used,2026-02-22
4558,18,488,report_created,2026-03-13
4559,18,494,dashboard_view,2026-03-06
4560,18,493,export,2026-02-21
4561,18,496,report_created,2026-03-11
4562,18,475,integration_used,2026-02-18
4563,18,495,integration_used,2026-03-01
4564,18,491,dashboard_view,2026-02-14
4565,18,480,report_created,2026-02-27
4566,18,482,export,2026-03-08
4567,18,481,dashboard_view,2026-03-03
4568,18,484,login,2026-03-11
4569,18,481,export,2026-02-23
4570,18,489,integration_used,2026-03-06
4571,18,489,dashboard_view,2026-03-06
4572,18,489,login,2026-02-25
4573,18,494,report_created,2026-02-15
4574,18,480,export,2026-03-06
4575,18,477,login,2026-03-13
4576,18,496,export,2026-02-20
4577,18,491,export,2026-02-26
4578,18,477,export,2026-02-16
4579,18,483,integration_used,2026-02-13
4580,18,478,integration_used,2026-02-19
4581,18,495,login,2026-02-24
4582,18,489,login,2026-02-26
4583,18,484,export,2026-02-16
4584,18,476,export,2026-03-02
4585,18,491,export,2026-02-21
4586,18,488,login,2026-02-16
4587,18,478,report_created,2026-03-09
4588,18,493,login,2026-02-17
4589,18,480,export,2026-03-02
4590,18,496,dashboard_view,2026-03-03
4591,18,482,export,2026-02-16
4592,18,481,login,2026-03-05
4593,18,485,login,2026-02-21
4594,18,489,export,2026-02-13
4595,18,482,report_created,2026-02-17
4596,18,485,export,2026-03-04
4597,18,485,export,2026-02-16
4598,18,483,report_created,2026-02-23
4599,18,494,dashboard_view,2026-03-12
4600,18,479,report_created,2026-02-25
4601,18,475,report_created,2026-03-06
4602,18,493,report_created,2026-03-02
4603,18,484,dashboard_view,2026-02-19
4604,18,493,report_created,2026-02-21
4605,18,490,export,2026-02-19
4606,18,496,dashboard_view,2026-03-04
4607,18,479,integration_used,2026-03-09
4608,18,484,export,2026-02-14
4609,18,483,dashboard_view,2026-02-21
4610,18,475,dashboard_view,2026-02-14
4611,18,493,dashboard_view,2026-03-04
4612,18,493,report_created,2026-03-13
4613,18,486,integration_used,2026-02-18
4614,18,491,export,2026-03-01
4615,18,494,dashboard_view,2026-02-13
4616,18,486,dashboard_view,2026-02-21
4617,18,493,integration_used,2026-02-14
4618,18,485,report_created,2026-02-25
4619,18,487,export,2026-02-14
4620,18,495,integration_used,2026-03-08
4621,18,490,export,2026-03-08
4622,18,487,login,2026-03-13
4623,18,485,report_created,2026-03-06
4624,18,481,dashboard_view,2026-03-06
4625,18,483,login,2026-02-22
4626,18,495,report_created,2026-03-07
4627,18,490,integration_used,2026-02-27
4628,18,495,login,2026-02-12
4629,18,491,dashboard_view,2026-02-13
4630,18,481,login,2026-03-02
4631,18,487,login,2026-02-21
4632,18,485,login,2026-02-25
4633,18,492,integration_used,2026-03-26
4634,18,477,login,2026-03-18
4635,18,489,integration_used,2026-03-25
4636,18,482,report_created,2026-04-05
4637,18,480,dashboard_view,2026-03-21
4638,18,482,export,2026-03-21
4639,18,480,integration_used,2026-04-11
4640,18,483,report_created,2026-03-26
4641,18,477,dashboard_view,2026-03-20
4642,18,477,dashboard_view,2026-03-15
4643,18,491,login,2026-04-03
4644,18,481,dashboard_view,2026-04-05
4645,18,493,integration_used,2026-03-19
4646,18,490,login,2026-03-29
4647,18,492,login,2026-03-15
4648,18,485,login,2026-03-18
4649,18,481,login,2026-03-28
4650,18,489,export,2026-04-10
4651,18,481,integration_used,2026-04-09
4652,18,493,integration_used,2026-04-06
4653,18,490,integration_used,2026-04-03
4654,18,475,export,2026-03-25
4655,18,478,export,2026-03-20
4656,18,495,integration_used,2026-04-06
4657,18,495,export,2026-03-24
4658,18,475,export,2026-04-04
4659,18,494,export,2026-04-04
4660,18,495,report_created,2026-04-07
4661,18,491,integration_used,2026-03-28
4662,18,484,report_created,2026-03-23
4663,18,483,integration_used,2026-03-16
4664,18,482,report_created,2026-04-02
4665,18,496,integration_used,2026-03-26
4666,18,484,export,2026-03-23
4667,18,478,dashboard_view,2026-03-19
4668,18,490,report_created,2026-04-12
4669,18,491,export,2026-03-28
4670,18,480,login,2026-04-07
4671,18,488,report_created,2026-03-22
4672,18,478,export,2026-03-14
4673,18,485,integration_used,2026-03-23
4674,18,480,login,2026-04-06
4675,18,482,report_created,2026-04-06
4676,18,491,report_created,2026-04-03
4677,18,491,login,2026-03-28
4678,18,496,integration_used,2026-04-03
4679,18,481,dashboard_view,2026-03-25
4680,18,485,dashboard_view,2026-04-07
4681,18,487,dashboard_view,2026-03-18
4682,18,480,dashboard_view,2026-03-24
4683,18,485,export,2026-03-27
4684,18,495,export,2026-03-24
4685,18,483,report_created,2026-04-05
4686,18,490,report_created,2026-03-14
4687,18,486,report_created,2026-04-08
4688,18,485,report_created,2026-03-20
4689,18,485,report_created,2026-03-29
4690,18,488,export,2026-03-25
4691,18,488,export,2026-04-12
4692,18,476,report_created,2026-03-30
4693,18,495,dashboard_view,2026-03-18
4694,18,489,report_created,2026-03-19
4695,18,475,dashboard_view,2026-03-17
4696,18,496,report_created,2026-04-20
4697,18,484,report_created,2026-04-16
4698,18,475,export,2026-05-02
4699,18,487,integration_used,2026-05-02
4700,18,492,dashboard_view,2026-04-19
4701,18,481,integration_used,2026-04-23
4702,18,489,report_created,2026-04-15
4703,18,478,dashboard_view,2026-05-10
4704,18,480,export,2026-05-02
4705,18,493,login,2026-04-27
4706,18,496,export,2026-04-30
4707,18,482,integration_used,2026-05-04
4708,18,493,login,2026-04-30
4709,18,478,report_created,2026-05-11
4710,18,483,report_created,2026-04-25
4711,18,489,report_created,2026-04-13
4712,18,478,dashboard_view,2026-04-27
4713,18,477,export,2026-05-02
4714,18,479,dashboard_view,2026-04-15
4715,18,493,integration_used,2026-05-03
4716,18,481,login,2026-04-25
4717,18,489,report_created,2026-05-05
4718,18,493,report_created,2026-04-25
4719,18,492,report_created,2026-04-26
4720,18,475,login,2026-05-08
4721,18,485,report_created,2026-04-15
4722,18,489,dashboard_view,2026-04-19
4723,18,480,export,2026-05-02
4724,18,482,report_created,2026-04-28
4725,18,485,report_created,2026-05-06
4726,18,483,login,2026-04-23
4727,18,479,export,2026-05-09
4728,18,488,export,2026-04-30
4729,18,476,integration_used,2026-04-16
4730,18,476,integration_used,2026-04-13
4731,18,486,integration_used,2026-05-12
4732,18,488,integration_used,2026-05-11
4733,18,485,integration_used,2026-04-17
4734,18,490,integration_used,2026-05-03
4735,18,485,login,2026-04-22
4736,18,477,login,2026-04-24
4737,18,492,login,2026-04-18
4738,18,492,integration_used,2026-05-07
4739,18,477,export,2026-04-24
4740,18,494,dashboard_view,2026-04-22
4741,18,477,export,2026-04-18
4742,18,489,dashboard_view,2026-05-28
4743,18,495,login,2026-06-01
4744,18,480,integration_used,2026-05-22
4745,18,485,integration_used,2026-05-28
4746,18,488,login,2026-05-14
4747,18,487,report_created,2026-05-24
4748,18,475,export,2026-05-23
4749,18,475,dashboard_view,2026-06-11
4750,18,485,dashboard_view,2026-05-29
4751,18,483,dashboard_view,2026-05-15
4752,18,493,report_created,2026-05-21
4753,18,492,dashboard_view,2026-05-28
4754,18,493,report_created,2026-05-13
4755,18,493,dashboard_view,2026-06-07
4756,18,479,report_created,2026-06-05
4757,18,480,login,2026-06-08
4758,18,492,login,2026-05-23
4759,18,479,report_created,2026-05-25
4760,18,477,report_created,2026-06-01
4761,18,482,dashboard_view,2026-05-21
4762,18,481,dashboard_view,2026-06-02
4763,18,488,dashboard_view,2026-06-03
4764,18,481,report_created,2026-05-18
4765,18,475,export,2026-06-07
4766,18,478,export,2026-05-16
4767,18,475,dashboard_view,2026-05-28
4768,18,487,export,2026-06-10
4769,18,489,dashboard_view,2026-05-30
4770,18,481,export,2026-05-18
4771,18,493,login,2026-05-16
4772,18,477,integration_used,2026-06-06
4773,18,493,integration_used,2026-05-19
4774,18,478,dashboard_view,2026-06-06
4775,18,490,integration_used,2026-06-18
4776,18,486,report_created,2026-06-18
4777,18,488,dashboard_view,2026-07-05
4778,18,477,integration_used,2026-06-16
4779,18,486,report_created,2026-06-26
4780,18,491,export,2026-07-08
4781,18,475,export,2026-07-11
4782,18,488,login,2026-06-29
4783,18,486,report_created,2026-06-30
4784,18,477,report_created,2026-06-28
4785,18,482,login,2026-06-19
4786,18,495,export,2026-06-21
4787,18,490,report_created,2026-07-11
4788,18,495,report_created,2026-06-13
4789,18,476,dashboard_view,2026-07-07
4790,18,480,login,2026-06-23
4791,18,479,dashboard_view,2026-06-25
4792,18,479,export,2026-06-19
4793,18,476,dashboard_view,2026-07-22
4794,18,496,report_created,2026-08-01
4795,18,494,dashboard_view,2026-07-28
4796,18,488,dashboard_view,2026-08-05
4797,18,491,dashboard_view,2026-08-06
4798,19,498,dashboard_view,2026-02-16
4799,19,497,dashboard_view,2026-02-26
4800,19,501,report_created,2026-03-01
4801,19,501,report_created,2026-02-22
4802,19,497,login,2026-02-16
4803,19,502,export,2026-03-13
4804,19,497,dashboard_view,2026-02-18
4805,19,503,integration_used,2026-03-12
4806,19,503,integration_used,2026-02-17
4807,19,505,dashboard_view,2026-03-08
4808,19,498,report_created,2026-03-13
4809,19,500,export,2026-03-11
4810,19,498,export,2026-03-10
4811,19,504,integration_used,2026-02-28
4812,19,504,integration_used,2026-03-09
4813,19,497,export,2026-03-04
4814,19,504,report_created,2026-02-13
4815,19,499,integration_used,2026-03-03
4816,19,502,login,2026-02-22
4817,19,504,integration_used,2026-02-26
4818,19,500,dashboard_view,2026-03-09
4819,19,505,dashboard_view,2026-03-09
4820,19,500,login,2026-02-20
4821,19,498,export,2026-02-19
4822,19,501,integration_used,2026-02-13
4823,19,498,dashboard_view,2026-03-06
4824,19,501,report_created,2026-03-08
4825,19,502,export,2026-02-19
4826,19,506,integration_used,2026-02-25
4827,19,506,report_created,2026-02-13
4828,19,499,export,2026-03-03
4829,19,502,dashboard_view,2026-02-20
4830,19,506,login,2026-02-18
4831,19,503,login,2026-02-21
4832,19,500,login,2026-03-08
4833,19,499,login,2026-02-21
4834,19,500,export,2026-03-08
4835,19,502,integration_used,2026-03-13
4836,19,504,report_created,2026-02-26
4837,19,500,integration_used,2026-02-21
4838,19,503,dashboard_view,2026-02-27
4839,19,504,report_created,2026-02-22
4840,19,505,login,2026-02-27
4841,19,501,integration_used,2026-02-21
4842,19,502,dashboard_view,2026-03-03
4843,19,501,export,2026-03-03
4844,19,498,report_created,2026-03-22
4845,19,505,login,2026-04-04
4846,19,502,login,2026-03-30
4847,19,505,login,2026-04-08
4848,19,500,login,2026-03-29
4849,19,498,report_created,2026-03-26
4850,19,499,report_created,2026-03-16
4851,19,501,export,2026-03-29
4852,19,505,integration_used,2026-04-10
4853,19,499,integration_used,2026-03-31
4854,19,500,dashboard_view,2026-04-08
4855,19,497,report_created,2026-04-06
4856,19,505,dashboard_view,2026-03-24
4857,19,506,integration_used,2026-03-16
4858,19,505,integration_used,2026-04-11
4859,19,502,dashboard_view,2026-03-26
4860,19,505,report_created,2026-04-07
4861,19,499,dashboard_view,2026-04-09
4862,19,506,dashboard_view,2026-04-05
4863,19,505,export,2026-03-24
4864,19,500,login,2026-04-04
4865,19,503,export,2026-04-03
4866,19,505,export,2026-03-30
4867,19,504,dashboard_view,2026-04-02
4868,19,501,login,2026-04-12
4869,19,501,integration_used,2026-03-21
4870,19,501,integration_used,2026-04-06
4871,19,506,login,2026-04-10
4872,19,503,dashboard_view,2026-04-08
4873,19,504,dashboard_view,2026-03-17
4874,19,500,dashboard_view,2026-03-31
4875,19,503,integration_used,2026-03-31
4876,19,500,report_created,2026-04-05
4877,19,498,report_created,2026-04-05
4878,19,499,export,2026-03-15
4879,19,498,integration_used,2026-03-20
4880,19,499,export,2026-04-06
4881,19,499,report_created,2026-03-22
4882,19,502,login,2026-04-12
4883,19,505,integration_used,2026-04-03
4884,19,498,integration_used,2026-03-19
4885,19,504,export,2026-04-05
4886,19,501,login,2026-03-17
4887,19,505,integration_used,2026-03-20
4888,19,504,login,2026-04-08
4889,19,502,report_created,2026-03-15
4890,19,497,report_created,2026-03-31
4891,19,498,export,2026-03-23
4892,19,503,dashboard_view,2026-03-25
4893,19,501,integration_used,2026-05-05
4894,19,498,integration_used,2026-05-10
4895,19,506,report_created,2026-04-15
4896,19,500,export,2026-04-15
4897,19,503,login,2026-04-29
4898,19,498,report_created,2026-04-15
4899,19,501,report_created,2026-04-14
4900,19,505,export,2026-05-02
4901,19,501,login,2026-05-01
4902,19,497,export,2026-05-09
4903,19,500,export,2026-04-24
4904,19,500,export,2026-04-24
4905,19,501,export,2026-05-09
4906,19,505,integration_used,2026-04-23
4907,19,503,integration_used,2026-04-23
4908,19,503,integration_used,2026-05-11
4909,19,498,login,2026-04-24
4910,19,506,login,2026-05-09
4911,19,500,integration_used,2026-05-01
4912,19,506,export,2026-04-29
4913,19,497,export,2026-05-01
4914,19,504,integration_used,2026-04-24
4915,19,497,export,2026-04-30
4916,19,497,integration_used,2026-05-06
4917,19,499,report_created,2026-05-12
4918,19,498,export,2026-05-03
4919,19,497,export,2026-04-19
4920,19,501,report_created,2026-05-01
4921,19,502,report_created,2026-05-05
4922,19,504,login,2026-04-17
4923,19,502,report_created,2026-04-28
4924,19,499,integration_used,2026-05-06
4925,19,505,report_created,2026-04-22
4926,19,503,report_created,2026-04-18
4927,19,499,export,2026-04-15
4928,19,498,report_created,2026-05-02
4929,19,506,dashboard_view,2026-04-25
4930,19,502,report_created,2026-04-16
4931,19,498,login,2026-04-13
4932,19,503,integration_used,2026-05-02
4933,19,504,dashboard_view,2026-04-22
4934,19,503,report_created,2026-05-06
4935,19,504,report_created,2026-05-01
4936,19,504,report_created,2026-04-14
4937,19,499,report_created,2026-05-07
4938,19,497,dashboard_view,2026-05-09
4939,19,506,integration_used,2026-05-03
4940,19,505,integration_used,2026-05-03
4941,19,505,export,2026-05-07
4942,19,506,login,2026-04-20
4943,19,500,login,2026-05-10
4944,19,506,export,2026-04-13
4945,19,501,report_created,2026-05-08
4946,19,505,export,2026-05-01
4947,19,499,export,2026-04-13
4948,19,501,integration_used,2026-05-23
4949,19,498,dashboard_view,2026-06-01
4950,19,504,login,2026-05-16
4951,19,500,dashboard_view,2026-05-25
4952,19,501,export,2026-06-11
4953,19,500,dashboard_view,2026-05-16
4954,19,500,dashboard_view,2026-05-14
4955,19,504,dashboard_view,2026-05-22
4956,19,499,report_created,2026-06-11
4957,19,500,integration_used,2026-06-11
4958,19,504,export,2026-05-16
4959,19,503,integration_used,2026-05-25
4960,19,506,export,2026-06-05
4961,19,499,integration_used,2026-05-15
4962,19,506,integration_used,2026-05-30
4963,19,503,report_created,2026-05-19
4964,19,502,report_created,2026-05-17
4965,19,503,report_created,2026-05-31
4966,19,500,integration_used,2026-06-01
4967,19,502,dashboard_view,2026-06-09
4968,19,502,dashboard_view,2026-05-15
4969,19,505,dashboard_view,2026-05-24
4970,19,498,integration_used,2026-05-13
4971,19,504,report_created,2026-05-25
4972,19,498,integration_used,2026-05-17
4973,19,500,report_created,2026-05-19
4974,19,505,dashboard_view,2026-05-16
4975,19,504,integration_used,2026-06-03
4976,19,497,integration_used,2026-05-28
4977,19,504,integration_used,2026-05-27
4978,19,503,dashboard_view,2026-06-09
4979,19,497,export,2026-05-25
4980,19,505,login,2026-05-22
4981,19,502,dashboard_view,2026-05-27
4982,19,498,report_created,2026-05-21
4983,19,498,report_created,2026-05-19
4984,19,506,login,2026-06-03
4985,19,506,export,2026-05-27
4986,19,499,dashboard_view,2026-05-30
4987,19,504,integration_used,2026-06-02
4988,19,501,dashboard_view,2026-06-01
4989,19,506,integration_used,2026-05-17
4990,19,503,integration_used,2026-06-07
4991,19,497,login,2026-06-22
4992,19,502,login,2026-06-23
4993,19,498,login,2026-06-22
4994,19,505,dashboard_view,2026-06-28
4995,19,500,integration_used,2026-07-04
4996,19,499,dashboard_view,2026-06-15
4997,19,497,export,2026-06-21
4998,19,498,login,2026-07-01
4999,19,498,integration_used,2026-06-29
5000,19,503,export,2026-06-16
5001,19,503,export,2026-06-19
5002,19,499,report_created,2026-06-14
5003,19,499,report_created,2026-07-08
5004,19,502,export,2026-07-06
5005,19,501,login,2026-06-26
5006,19,499,export,2026-07-03
5007,19,500,report_created,2026-07-04
5008,19,498,export,2026-07-01
5009,19,498,report_created,2026-06-25
5010,19,497,integration_used,2026-06-13
5011,19,497,login,2026-06-24
5012,19,502,dashboard_view,2026-07-08
5013,19,497,login,2026-06-25
5014,19,497,export,2026-07-01
5015,19,501,integration_used,2026-07-11
5016,19,506,login,2026-06-30
5017,19,499,integration_used,2026-07-05
5018,19,504,integration_used,2026-07-06
5019,19,500,login,2026-06-30
5020,19,499,report_created,2026-06-22
5021,19,506,export,2026-07-06
5022,19,499,dashboard_view,2026-06-25
5023,19,504,integration_used,2026-07-11
5024,19,497,integration_used,2026-06-12
5025,19,498,report_created,2026-06-16
5026,19,501,report_created,2026-07-08
5027,19,499,integration_used,2026-06-23
5028,19,499,login,2026-06-13
5029,19,504,integration_used,2026-07-05
5030,19,499,report_created,2026-06-22
5031,19,504,integration_used,2026-06-12
5032,19,503,export,2026-06-16
5033,19,498,integration_used,2026-06-20
5034,19,498,dashboard_view,2026-07-01
5035,19,502,dashboard_view,2026-07-07
5036,19,504,export,2026-07-05
5037,19,497,login,2026-06-30
5038,19,504,integration_used,2026-06-16
5039,19,498,integration_used,2026-06-14
5040,19,498,report_created,2026-06-20
5041,19,505,integration_used,2026-06-23
5042,19,505,export,2026-06-25
5043,19,505,dashboard_view,2026-06-21
5044,19,501,dashboard_view,2026-07-01
5045,19,504,dashboard_view,2026-06-17
5046,19,503,export,2026-07-29
5047,19,503,export,2026-08-08
5048,19,497,login,2026-07-26
5049,19,502,export,2026-07-24
5050,19,506,report_created,2026-07-29
5051,19,504,report_created,2026-07-16
5052,19,497,login,2026-07-25
5053,19,500,report_created,2026-08-08
5054,19,506,integration_used,2026-07-18
5055,19,505,report_created,2026-08-05
5056,19,497,login,2026-07-24
5057,19,497,export,2026-08-01
5058,19,500,integration_used,2026-07-30
5059,19,497,export,2026-07-15
5060,19,505,dashboard_view,2026-07-25
5061,19,505,login,2026-07-30
5062,19,500,export,2026-08-07
5063,19,499,dashboard_view,2026-07-13
5064,19,502,dashboard_view,2026-08-08
5065,19,504,integration_used,2026-08-04
5066,19,506,login,2026-08-10
5067,19,503,login,2026-08-04
5068,19,501,dashboard_view,2026-08-10
5069,19,502,export,2026-08-05
5070,19,500,export,2026-07-30
5071,19,497,dashboard_view,2026-08-06
5072,19,506,integration_used,2026-08-03
5073,19,501,export,2026-07-13
5074,19,506,report_created,2026-07-19
5075,19,500,report_created,2026-07-13
5076,19,503,login,2026-07-19
5077,19,503,export,2026-07-15
5078,19,503,dashboard_view,2026-08-02
5079,19,504,integration_used,2026-08-02
5080,19,497,export,2026-07-21
5081,19,497,export,2026-07-19
5082,19,499,dashboard_view,2026-07-20
5083,19,498,login,2026-07-21
5084,19,498,export,2026-08-05
5085,19,498,integration_used,2026-08-05
5086,19,502,report_created,2026-08-05
5087,19,503,integration_used,2026-08-01
5088,19,501,integration_used,2026-08-01
5089,19,501,login,2026-08-07
5090,19,503,dashboard_view,2026-07-15
5091,19,498,export,2026-07-24
5092,19,500,integration_used,2026-08-06
5093,19,497,export,2026-07-26
5094,19,498,dashboard_view,2026-08-07
5095,19,497,export,2026-07-15
5096,19,499,login,2026-08-08
5097,19,500,integration_used,2026-07-28
5098,19,502,dashboard_view,2026-07-27
5099,19,504,login,2026-07-22
5100,20,513,report_created,2026-02-18
5101,20,508,login,2026-02-23
5102,20,511,report_created,2026-03-03
5103,20,512,export,2026-03-02
5104,20,513,login,2026-02-13
5105,20,519,dashboard_view,2026-03-01
5106,20,516,login,2026-02-25
5107,20,514,dashboard_view,2026-03-08
5108,20,517,export,2026-02-20
5109,20,507,export,2026-02-14
5110,20,509,dashboard_view,2026-02-15
5111,20,526,report_created,2026-02-25
5112,20,524,dashboard_view,2026-03-08
5113,20,524,login,2026-03-03
5114,20,510,login,2026-02-20
5115,20,520,integration_used,2026-02-25
5116,20,507,dashboard_view,2026-02-22
5117,20,517,login,2026-03-02
5118,20,511,login,2026-02-13
5119,20,528,login,2026-03-06
5120,20,519,integration_used,2026-03-13
5121,20,508,export,2026-02-15
5122,20,525,dashboard_view,2026-03-10
5123,20,527,integration_used,2026-03-12
5124,20,524,login,2026-03-11
5125,20,527,export,2026-02-15
5126,20,525,export,2026-02-21
5127,20,516,integration_used,2026-02-20
5128,20,519,dashboard_view,2026-02-27
5129,20,528,integration_used,2026-02-26
5130,20,515,export,2026-03-02
5131,20,522,dashboard_view,2026-02-12
5132,20,521,report_created,2026-02-24
5133,20,514,report_created,2026-03-09
5134,20,527,dashboard_view,2026-02-18
5135,20,519,dashboard_view,2026-03-05
5136,20,518,login,2026-02-18
5137,20,520,report_created,2026-02-16
5138,20,511,export,2026-03-12
5139,20,520,integration_used,2026-02-19
5140,20,514,dashboard_view,2026-03-01
5141,20,527,dashboard_view,2026-03-02
5142,20,519,export,2026-02-28
5143,20,521,export,2026-02-18
5144,20,521,export,2026-03-01
5145,20,518,report_created,2026-03-03
5146,20,528,dashboard_view,2026-03-01
5147,20,523,dashboard_view,2026-03-07
5148,20,513,dashboard_view,2026-02-19
5149,20,525,integration_used,2026-03-07
5150,20,518,export,2026-02-13
5151,20,518,report_created,2026-03-23
5152,20,513,dashboard_view,2026-03-31
5153,20,522,integration_used,2026-04-09
5154,20,527,report_created,2026-03-29
5155,20,526,login,2026-03-30
5156,20,513,report_created,2026-04-06
5157,20,524,dashboard_view,2026-03-15
5158,20,528,integration_used,2026-03-31
5159,20,520,export,2026-04-07
5160,20,507,dashboard_view,2026-03-21
5161,20,519,dashboard_view,2026-03-25
5162,20,515,integration_used,2026-03-20
5163,20,511,export,2026-03-23
5164,20,525,dashboard_view,2026-03-18
5165,20,511,report_created,2026-03-30
5166,20,521,dashboard_view,2026-04-05
5167,20,522,integration_used,2026-04-02
5168,20,526,login,2026-03-27
5169,20,528,login,2026-04-09
5170,20,509,login,2026-04-12
5171,20,508,login,2026-04-02
5172,20,517,report_created,2026-03-14
5173,20,513,dashboard_view,2026-03-20
5174,20,513,login,2026-04-03
5175,20,518,report_created,2026-03-24
5176,20,525,export,2026-03-15
5177,20,522,dashboard_view,2026-04-02
5178,20,516,login,2026-04-03
5179,20,524,dashboard_view,2026-04-07
5180,20,512,login,2026-03-30
5181,20,524,integration_used,2026-03-14
5182,20,520,integration_used,2026-04-07
5183,20,524,export,2026-03-23
5184,20,515,dashboard_view,2026-03-21
5185,20,510,dashboard_view,2026-03-22
5186,20,521,login,2026-04-09
5187,20,511,export,2026-03-15
5188,20,522,export,2026-03-31
5189,20,512,login,2026-03-19
5190,20,525,report_created,2026-03-21
5191,20,521,integration_used,2026-03-25
5192,20,512,login,2026-03-29
5193,20,522,integration_used,2026-03-22
5194,20,518,report_created,2026-03-15
5195,20,509,report_created,2026-03-15
5196,20,509,dashboard_view,2026-04-07
5197,20,526,export,2026-04-03
5198,20,511,dashboard_view,2026-04-09
5199,20,527,report_created,2026-04-02
5200,20,509,integration_used,2026-04-01
5201,20,522,integration_used,2026-04-12
5202,20,525,dashboard_view,2026-03-30
5203,20,518,report_created,2026-03-16
5204,20,523,integration_used,2026-05-04
5205,20,507,report_created,2026-04-27
5206,20,512,dashboard_view,2026-05-11
5207,20,516,export,2026-05-04
5208,20,520,login,2026-05-02
5209,20,515,export,2026-04-19
5210,20,528,report_created,2026-05-10
5211,20,524,dashboard_view,2026-05-11
5212,20,526,integration_used,2026-05-12
5213,20,507,export,2026-05-03
5214,20,513,export,2026-04-14
5215,20,519,login,2026-04-30
5216,20,528,export,2026-05-04
5217,20,517,integration_used,2026-05-01
5218,20,520,report_created,2026-04-29
5219,20,511,report_created,2026-05-01
5220,20,524,export,2026-05-06
5221,20,516,login,2026-05-04
5222,20,521,login,2026-04-13
5223,20,528,report_created,2026-04-13
5224,20,523,login,2026-04-14
5225,20,507,dashboard_view,2026-04-17
5226,20,510,login,2026-05-05
5227,20,512,login,2026-05-01
5228,20,511,dashboard_view,2026-04-24
5229,20,509,login,2026-04-15
5230,20,507,login,2026-04-19
5231,20,517,integration_used,2026-04-15
5232,20,509,integration_used,2026-05-08
5233,20,527,export,2026-04-15
5234,20,527,report_created,2026-04-15
5235,20,528,integration_used,2026-05-09
5236,20,510,dashboard_view,2026-05-11
5237,20,513,login,2026-04-13
5238,20,512,login,2026-05-10
5239,20,507,dashboard_view,2026-04-29
5240,20,513,login,2026-05-11
5241,20,519,integration_used,2026-05-02
5242,20,513,dashboard_view,2026-04-27
5243,20,522,dashboard_view,2026-04-23
5244,20,522,integration_used,2026-05-03
5245,20,521,integration_used,2026-06-06
5246,20,507,dashboard_view,2026-06-09
5247,20,513,dashboard_view,2026-06-03
5248,20,524,dashboard_view,2026-05-24
5249,20,510,login,2026-05-20
5250,20,513,report_created,2026-06-06
5251,20,514,export,2026-06-06
5252,20,527,integration_used,2026-05-16
5253,20,516,export,2026-05-23
5254,20,523,report_created,2026-05-22
5255,20,513,report_created,2026-05-29
5256,20,518,dashboard_view,2026-05-19
5257,20,523,report_created,2026-06-11
5258,20,516,dashboard_view,2026-05-18
5259,20,509,login,2026-06-10
5260,20,522,login,2026-05-31
5261,20,526,export,2026-05-18
5262,20,509,export,2026-05-21
5263,20,507,login,2026-05-19
5264,20,517,report_created,2026-05-24
5265,20,528,login,2026-05-23
5266,20,525,report_created,2026-06-03
5267,20,521,export,2026-05-31
5268,20,518,report_created,2026-05-27
5269,20,522,integration_used,2026-06-01
5270,20,513,integration_used,2026-06-04
5271,20,512,report_created,2026-06-10
5272,20,520,export,2026-05-28
5273,20,517,export,2026-05-13
5274,20,521,export,2026-05-15
5275,20,521,dashboard_view,2026-06-07
5276,20,520,dashboard_view,2026-07-11
5277,20,517,dashboard_view,2026-06-29
5278,20,519,login,2026-06-30
5279,20,520,dashboard_view,2026-06-16
5280,20,511,dashboard_view,2026-06-23
5281,20,513,login,2026-07-08
5282,20,519,dashboard_view,2026-06-26
5283,20,515,dashboard_view,2026-07-01
5284,20,507,export,2026-06-26
5285,20,512,integration_used,2026-07-02
5286,20,515,dashboard_view,2026-07-04
5287,20,522,export,2026-06-22
5288,20,520,dashboard_view,2026-06-28
5289,20,522,login,2026-06-20
5290,20,518,login,2026-07-08
5291,20,517,export,2026-06-19
5292,20,526,dashboard_view,2026-07-02
5293,20,514,export,2026-06-25
5294,20,513,export,2026-06-28
5295,20,507,dashboard_view,2026-07-02
5296,20,517,report_created,2026-06-21
5297,20,528,export,2026-06-22
5298,20,526,integration_used,2026-07-08
5299,20,511,report_created,2026-06-25
5300,20,517,report_created,2026-06-18
5301,20,511,integration_used,2026-06-30
5302,20,522,login,2026-07-09
5303,20,521,export,2026-06-30
5304,20,514,report_created,2026-07-05
5305,20,514,report_created,2026-06-12
5306,20,527,export,2026-06-12
5307,20,515,report_created,2026-06-24
5308,20,525,report_created,2026-06-16
5309,20,513,dashboard_view,2026-06-13
5310,20,517,integration_used,2026-06-16
5311,20,514,integration_used,2026-06-19
5312,20,526,dashboard_view,2026-07-04
5313,20,525,login,2026-07-26
5314,20,517,login,2026-07-25
5315,20,519,dashboard_view,2026-07-17
5316,20,526,login,2026-07-31
5317,20,523,export,2026-07-26
5318,20,526,report_created,2026-07-13
5319,20,509,export,2026-07-27
5320,20,513,report_created,2026-07-16
5321,20,511,login,2026-07-30
5322,20,522,dashboard_view,2026-08-03
5323,20,527,report_created,2026-08-10
5324,20,518,integration_used,2026-07-15
5325,20,522,dashboard_view,2026-07-24
5326,20,515,export,2026-07-31
5327,20,517,integration_used,2026-07-22
5328,20,513,dashboard_view,2026-07-15
5329,20,526,login,2026-07-22
5330,20,516,login,2026-07-18
5331,20,513,integration_used,2026-07-25
5332,20,516,export,2026-08-03
5333,20,520,login,2026-07-19
5334,20,516,dashboard_view,2026-08-02
5335,20,511,login,2026-08-01
5336,20,507,export,2026-07-21
5337,20,509,export,2026-07-30
5338,20,511,export,2026-07-27
5339,20,524,integration_used,2026-08-05
5340,20,521,report_created,2026-07-17
5341,20,510,report_created,2026-07-12
5342,20,521,dashboard_view,2026-08-02
5343,20,526,report_created,2026-07-27
5344,20,512,dashboard_view,2026-07-23
5345,20,517,login,2026-08-10
5346,20,508,report_created,2026-07-14
5347,20,524,report_created,2026-07-26
5348,21,569,export,2026-02-15
5349,21,532,export,2026-02-21
5350,21,570,dashboard_view,2026-03-01
5351,21,570,login,2026-02-22
5352,21,565,integration_used,2026-03-03
5353,21,534,integration_used,2026-02-13
5354,21,536,dashboard_view,2026-02-18
5355,21,592,login,2026-03-11
5356,21,546,login,2026-03-09
5357,21,595,dashboard_view,2026-03-08
5358,21,540,report_created,2026-02-17
5359,21,574,login,2026-03-03
5360,21,581,login,2026-03-03
5361,21,592,integration_used,2026-03-01
5362,21,536,export,2026-02-25
5363,21,579,dashboard_view,2026-02-19
5364,21,540,dashboard_view,2026-02-15
5365,21,586,login,2026-03-08
5366,21,562,dashboard_view,2026-03-06
5367,21,536,integration_used,2026-02-21
5368,21,532,dashboard_view,2026-03-12
5369,21,590,login,2026-03-12
5370,21,557,dashboard_view,2026-02-17
5371,21,548,dashboard_view,2026-02-14
5372,21,593,report_created,2026-03-03
5373,21,578,export,2026-02-17
5374,21,531,report_created,2026-02-25
5375,21,592,export,2026-03-13
5376,21,537,dashboard_view,2026-03-12
5377,21,533,dashboard_view,2026-03-07
5378,21,591,report_created,2026-03-13
5379,21,539,report_created,2026-02-23
5380,21,594,dashboard_view,2026-02-13
5381,21,579,dashboard_view,2026-03-07
5382,21,597,integration_used,2026-03-13
5383,21,565,integration_used,2026-03-05
5384,21,576,export,2026-02-25
5385,21,549,dashboard_view,2026-02-15
5386,21,561,dashboard_view,2026-03-03
5387,21,570,report_created,2026-02-13
5388,21,579,report_created,2026-03-10
5389,21,586,export,2026-03-13
5390,21,594,export,2026-02-17
5391,21,555,login,2026-03-08
5392,21,534,login,2026-03-01
5393,21,555,integration_used,2026-03-07
5394,21,567,dashboard_view,2026-02-15
5395,21,567,export,2026-03-02
5396,21,535,dashboard_view,2026-02-21
5397,21,561,integration_used,2026-03-07
5398,21,532,login,2026-03-04
5399,21,556,dashboard_view,2026-02-15
5400,21,571,export,2026-03-07
5401,21,578,report_created,2026-02-18
5402,21,587,integration_used,2026-03-01
5403,21,550,export,2026-02-12
5404,21,590,integration_used,2026-02-24
5405,21,565,dashboard_view,2026-02-16
5406,21,538,login,2026-02-22
5407,21,529,login,2026-02-14
5408,21,535,login,2026-02-14
5409,21,564,login,2026-02-12
5410,21,567,export,2026-02-27
5411,21,549,login,2026-03-10
5412,21,556,dashboard_view,2026-03-23
5413,21,583,report_created,2026-03-20
5414,21,538,export,2026-04-04
5415,21,531,login,2026-04-03
5416,21,544,dashboard_view,2026-04-03
5417,21,562,dashboard_view,2026-03-29
5418,21,544,login,2026-03-14
5419,21,589,login,2026-04-07
5420,21,543,dashboard_view,2026-04-10
5421,21,587,integration_used,2026-03-16
5422,21,563,login,2026-04-04
5423,21,590,dashboard_view,2026-04-10
5424,21,556,export,2026-04-10
5425,21,577,login,2026-04-12
5426,21,592,export,2026-03-30
5427,21,581,login,2026-04-07
5428,21,534,login,2026-03-22
5429,21,564,report_created,2026-03-21
5430,21,590,report_created,2026-04-06
5431,21,532,report_created,2026-03-22
5432,21,553,export,2026-04-05
5433,21,529,login,2026-03-23
5434,21,584,export,2026-03-26
5435,21,558,login,2026-03-21
5436,21,565,login,2026-04-01
5437,21,576,export,2026-03-29
5438,21,549,report_created,2026-04-01
5439,21,547,report_created,2026-04-02
5440,21,581,integration_used,2026-04-07
5441,21,580,export,2026-04-01
5442,21,573,report_created,2026-03-19
5443,21,547,export,2026-03-17
5444,21,581,export,2026-04-01
5445,21,540,report_created,2026-03-24
5446,21,546,report_created,2026-04-02
5447,21,588,integration_used,2026-03-29
5448,21,550,login,2026-03-15
5449,21,572,dashboard_view,2026-03-27
5450,21,572,dashboard_view,2026-03-26
5451,21,546,dashboard_view,2026-03-17
5452,21,579,export,2026-04-10
5453,21,543,integration_used,2026-03-27
5454,21,534,login,2026-03-27
5455,21,529,integration_used,2026-04-04
5456,21,550,dashboard_view,2026-03-20
5457,21,571,login,2026-03-28
5458,21,570,report_created,2026-03-20
5459,21,579,export,2026-03-27
5460,21,557,report_created,2026-03-25
5461,21,581,login,2026-03-21
5462,21,557,export,2026-03-23
5463,21,548,dashboard_view,2026-03-17
5464,21,529,integration_used,2026-03-15
5465,21,542,dashboard_view,2026-03-28
5466,21,538,report_created,2026-03-21
5467,21,559,export,2026-03-19
5468,21,567,dashboard_view,2026-03-17
5469,21,541,dashboard_view,2026-03-17
5470,21,532,login,2026-04-12
5471,21,566,dashboard_view,2026-04-09
5472,21,552,login,2026-03-17
5473,21,537,export,2026-04-04
5474,21,544,report_created,2026-03-30
5475,21,580,integration_used,2026-04-12
5476,21,567,export,2026-04-02
5477,21,576,report_created,2026-04-06
5478,21,590,integration_used,2026-04-22
5479,21,534,export,2026-04-21
5480,21,533,report_created,2026-04-27
5481,21,573,report_created,2026-05-12
5482,21,589,export,2026-04-15
5483,21,597,login,2026-04-18
5484,21,583,integration_used,2026-04-20
5485,21,573,export,2026-04-21
5486,21,532,login,2026-04-30
5487,21,591,login,2026-04-18
5488,21,589,integration_used,2026-05-04
5489,21,540,dashboard_view,2026-05-10
5490,21,541,export,2026-04-28
5491,21,572,integration_used,2026-05-05
5492,21,589,report_created,2026-05-11
5493,21,568,export,2026-04-25
5494,21,556,export,2026-04-23
5495,21,541,dashboard_view,2026-05-12
5496,21,532,integration_used,2026-04-13
5497,21,585,integration_used,2026-05-10
5498,21,552,report_created,2026-04-28
5499,21,578,integration_used,2026-04-17
5500,21,535,integration_used,2026-05-04
5501,21,544,integration_used,2026-04-20
5502,21,591,export,2026-05-07
5503,21,566,dashboard_view,2026-04-15
5504,21,534,integration_used,2026-05-03
5505,21,571,login,2026-04-29
5506,21,548,login,2026-04-16
5507,21,554,export,2026-04-27
5508,21,560,export,2026-05-12
5509,21,551,export,2026-04-18
5510,21,534,dashboard_view,2026-05-03
5511,21,557,integration_used,2026-05-02
5512,21,592,export,2026-05-05
5513,21,543,dashboard_view,2026-05-09
5514,21,546,integration_used,2026-05-08
5515,21,532,export,2026-04-28
5516,21,575,export,2026-04-17
5517,21,531,integration_used,2026-04-20
5518,21,576,integration_used,2026-04-22
5519,21,542,export,2026-04-29
5520,21,533,export,2026-05-04
5521,21,583,login,2026-05-10
5522,21,540,report_created,2026-05-04
5523,21,589,integration_used,2026-04-30
5524,21,560,dashboard_view,2026-04-13
5525,21,544,dashboard_view,2026-05-12
5526,21,540,dashboard_view,2026-04-24
5527,21,554,integration_used,2026-04-28
5528,21,576,report_created,2026-04-25
5529,21,590,dashboard_view,2026-05-10
5530,21,581,integration_used,2026-05-09
5531,21,558,dashboard_view,2026-06-05
5532,21,567,export,2026-06-07
5533,21,530,login,2026-05-31
5534,21,594,login,2026-05-17
5535,21,543,report_created,2026-05-26
5536,21,596,report_created,2026-06-11
5537,21,546,dashboard_view,2026-06-01
5538,21,590,dashboard_view,2026-05-17
5539,21,553,export,2026-05-21
5540,21,590,dashboard_view,2026-05-27
5541,21,541,export,2026-06-06
5542,21,538,dashboard_view,2026-06-07
5543,21,594,login,2026-06-07
5544,21,590,login,2026-05-26
5545,21,550,export,2026-06-04
5546,21,575,report_created,2026-06-04
5547,21,581,export,2026-06-10
5548,21,534,report_created,2026-05-15
5549,21,579,dashboard_view,2026-06-11
5550,21,576,export,2026-05-30
5551,21,557,dashboard_view,2026-05-19
5552,21,590,integration_used,2026-05-23
5553,21,581,dashboard_view,2026-05-22
5554,21,559,integration_used,2026-05-23
5555,21,565,login,2026-05-27
5556,21,584,login,2026-05-23
5557,21,537,login,2026-06-24
5558,21,547,login,2026-06-17
5559,21,576,export,2026-07-03
5560,21,564,report_created,2026-06-27
5561,21,567,integration_used,2026-06-15
5562,21,570,report_created,2026-06-12
5563,21,589,export,2026-06-25
5564,21,578,integration_used,2026-06-17
5565,21,546,report_created,2026-06-26
5566,21,540,export,2026-06-19
5567,21,572,integration_used,2026-06-24
5568,21,537,report_created,2026-07-03
5569,21,563,report_created,2026-06-14
5570,21,594,report_created,2026-07-04
5571,21,570,dashboard_view,2026-06-12
5572,21,553,report_created,2026-06-30
5573,21,553,report_created,2026-06-15
5574,21,595,export,2026-06-20
5575,21,564,integration_used,2026-07-03
5576,21,583,dashboard_view,2026-06-20
5577,21,546,report_created,2026-06-16
5578,21,553,report_created,2026-06-20
5579,21,570,export,2026-07-05
5580,21,595,login,2026-07-06
5581,21,566,dashboard_view,2026-06-21
5582,21,555,report_created,2026-06-22
5583,21,552,export,2026-06-13
5584,21,576,export,2026-07-04
5585,21,563,integration_used,2026-07-12
5586,21,587,report_created,2026-07-24
5587,21,547,integration_used,2026-08-02
5588,21,538,login,2026-08-02
5589,21,577,integration_used,2026-07-15
5590,21,579,login,2026-08-10
5591,21,553,report_created,2026-07-16
5592,21,592,integration_used,2026-07-27
5593,21,564,integration_used,2026-07-25
5594,21,582,report_created,2026-08-04
5595,21,535,export,2026-07-28
5596,21,542,export,2026-07-26
5597,22,603,dashboard_view,2026-03-10
5598,22,600,report_created,2026-03-10
5599,22,598,login,2026-03-12
5600,22,602,integration_used,2026-03-10
5601,22,602,login,2026-03-09
5602,22,604,login,2026-03-07
5603,22,598,login,2026-03-13
5604,22,603,report_created,2026-02-22
5605,22,602,dashboard_view,2026-02-28
5606,22,601,integration_used,2026-03-06
5607,22,602,integration_used,2026-02-12
5608,22,603,dashboard_view,2026-02-15
5609,22,600,integration_used,2026-03-13
5610,22,603,dashboard_view,2026-02-17
5611,22,600,export,2026-02-16
5612,22,601,integration_used,2026-02-24
5613,22,598,login,2026-03-08
5614,22,602,export,2026-02-16
5615,22,599,dashboard_view,2026-03-10
5616,22,604,dashboard_view,2026-03-06
5617,22,605,dashboard_view,2026-02-22
5618,22,600,dashboard_view,2026-02-12
5619,22,602,login,2026-03-10
5620,22,601,report_created,2026-02-20
5621,22,604,integration_used,2026-02-23
5622,22,604,dashboard_view,2026-02-27
5623,22,601,login,2026-03-10
5624,22,604,export,2026-02-19
5625,22,605,export,2026-03-09
5626,22,604,integration_used,2026-03-13
5627,22,602,export,2026-03-07
5628,22,604,integration_used,2026-02-16
5629,22,603,login,2026-03-03
5630,22,605,integration_used,2026-02-25
5631,22,604,export,2026-02-15
5632,22,601,dashboard_view,2026-03-02
5633,22,599,export,2026-02-22
5634,22,600,export,2026-02-16
5635,22,601,report_created,2026-03-07
5636,22,603,report_created,2026-03-01
5637,22,601,report_created,2026-02-19
5638,22,601,integration_used,2026-03-01
5639,22,605,integration_used,2026-03-13
5640,22,601,login,2026-02-21
5641,22,605,login,2026-02-19
5642,22,604,report_created,2026-02-23
5643,22,603,login,2026-03-01
5644,22,604,export,2026-03-20
5645,22,604,export,2026-04-10
5646,22,602,dashboard_view,2026-04-01
5647,22,602,report_created,2026-04-01
5648,22,605,dashboard_view,2026-04-07
5649,22,601,integration_used,2026-03-16
5650,22,601,login,2026-03-16
5651,22,604,login,2026-04-01
5652,22,601,dashboard_view,2026-04-10
5653,22,599,integration_used,2026-03-24
5654,22,598,login,2026-04-04
5655,22,602,dashboard_view,2026-03-29
5656,22,602,export,2026-04-08
5657,22,602,dashboard_view,2026-03-16
5658,22,601,report_created,2026-03-30
5659,22,600,login,2026-03-27
5660,22,601,login,2026-03-16
5661,22,598,dashboard_view,2026-03-25
5662,22,602,export,2026-03-26
5663,22,604,dashboard_view,2026-03-15
5664,22,601,dashboard_view,2026-04-12
5665,22,599,login,2026-04-10
5666,22,602,dashboard_view,2026-03-17
5667,22,599,export,2026-03-19
5668,22,603,dashboard_view,2026-03-20
5669,22,600,dashboard_view,2026-03-26
5670,22,601,login,2026-03-18
5671,22,603,dashboard_view,2026-03-16
5672,22,602,login,2026-03-27
5673,22,598,dashboard_view,2026-03-31
5674,22,600,export,2026-04-11
5675,22,600,dashboard_view,2026-03-16
5676,22,601,integration_used,2026-03-16
5677,22,603,report_created,2026-03-25
5678,22,605,export,2026-04-05
5679,22,600,login,2026-03-21
5680,22,601,integration_used,2026-04-07
5681,22,598,export,2026-04-10
5682,22,600,report_created,2026-04-12
5683,22,605,export,2026-03-27
5684,22,604,integration_used,2026-03-26
5685,22,604,integration_used,2026-03-15
5686,22,605,integration_used,2026-03-23
5687,22,603,integration_used,2026-03-18
5688,22,604,report_created,2026-03-19
5689,22,604,integration_used,2026-04-07
5690,22,605,login,2026-04-08
5691,22,601,integration_used,2026-04-10
5692,22,603,report_created,2026-03-17
5693,22,599,export,2026-03-24
5694,22,604,report_created,2026-05-03
5695,22,598,export,2026-05-02
5696,22,601,login,2026-04-18
5697,22,601,dashboard_view,2026-04-29
5698,22,605,integration_used,2026-04-15
5699,22,600,report_created,2026-04-22
5700,22,604,dashboard_view,2026-05-05
5701,22,598,dashboard_view,2026-04-14
5702,22,605,export,2026-05-04
5703,22,604,export,2026-04-28
5704,22,603,dashboard_view,2026-04-14
5705,22,605,export,2026-05-08
5706,22,598,dashboard_view,2026-05-05
5707,22,599,report_created,2026-05-03
5708,22,598,export,2026-05-01
5709,22,604,export,2026-04-14
5710,22,599,report_created,2026-04-23
5711,22,603,integration_used,2026-04-16
5712,22,605,export,2026-05-11
5713,22,599,report_created,2026-05-01
5714,22,601,integration_used,2026-05-03
5715,22,600,login,2026-05-12
5716,22,600,integration_used,2026-04-19
5717,22,602,login,2026-05-11
5718,22,601,integration_used,2026-04-22
5719,22,603,export,2026-05-12
5720,22,604,integration_used,2026-05-02
5721,22,605,integration_used,2026-05-01
5722,22,603,report_created,2026-05-03
5723,22,598,integration_used,2026-04-17
5724,22,599,export,2026-04-14
5725,22,605,integration_used,2026-04-29
5726,22,598,integration_used,2026-04-21
5727,22,599,export,2026-05-08
5728,22,603,export,2026-04-21
5729,22,602,dashboard_view,2026-05-08
5730,22,601,integration_used,2026-05-10
5731,22,604,export,2026-05-04
5732,22,601,login,2026-05-11
5733,22,602,dashboard_view,2026-05-12
5734,22,601,integration_used,2026-04-29
5735,22,601,dashboard_view,2026-04-29
5736,22,604,integration_used,2026-04-25
5737,22,602,dashboard_view,2026-04-13
5738,22,598,dashboard_view,2026-05-10
5739,22,598,export,2026-05-04
5740,22,599,export,2026-05-05
5741,22,600,export,2026-04-13
5742,22,599,export,2026-05-10
5743,22,603,report_created,2026-04-23
5744,22,605,integration_used,2026-05-04
5745,22,603,report_created,2026-04-22
5746,22,602,integration_used,2026-05-17
5747,22,601,login,2026-06-04
5748,22,604,report_created,2026-05-27
5749,22,603,report_created,2026-05-26
5750,22,605,export,2026-05-19
5751,22,598,report_created,2026-05-24
5752,22,602,dashboard_view,2026-06-08
5753,22,601,dashboard_view,2026-05-15
5754,22,601,dashboard_view,2026-05-28
5755,22,599,integration_used,2026-05-20
5756,22,603,export,2026-05-29
5757,22,604,report_created,2026-05-24
5758,22,602,dashboard_view,2026-06-09
5759,22,600,export,2026-05-23
5760,22,599,report_created,2026-05-18
5761,22,598,export,2026-05-29
5762,22,604,export,2026-06-07
5763,22,605,report_created,2026-06-11
5764,22,603,report_created,2026-06-08
5765,22,601,export,2026-05-27
5766,22,604,dashboard_view,2026-05-24
5767,22,604,dashboard_view,2026-05-29
5768,22,602,integration_used,2026-06-04
5769,22,600,dashboard_view,2026-06-01
5770,22,603,export,2026-05-24
5771,22,599,login,2026-06-08
5772,22,599,login,2026-05-17
5773,22,600,export,2026-05-25
5774,22,605,login,2026-05-14
5775,22,600,login,2026-06-10
5776,22,605,login,2026-06-06
5777,22,600,report_created,2026-06-02
5778,22,603,integration_used,2026-05-21
5779,22,599,dashboard_view,2026-06-10
5780,22,602,login,2026-06-01
5781,22,598,login,2026-05-24
5782,22,598,login,2026-05-23
5783,22,601,dashboard_view,2026-05-17
5784,22,604,export,2026-05-16
5785,22,599,integration_used,2026-06-03
5786,22,602,integration_used,2026-05-23
5787,22,599,integration_used,2026-05-16
5788,22,602,login,2026-06-07
5789,22,605,report_created,2026-05-23
5790,22,599,integration_used,2026-06-26
5791,22,601,report_created,2026-06-19
5792,22,598,report_created,2026-06-29
5793,22,600,export,2026-06-19
5794,22,605,integration_used,2026-06-30
5795,22,602,export,2026-07-02
5796,22,604,dashboard_view,2026-06-16
5797,22,602,report_created,2026-06-20
5798,22,601,export,2026-07-04
5799,22,600,dashboard_view,2026-06-19
5800,22,598,login,2026-07-09
5801,22,599,login,2026-07-07
5802,22,605,dashboard_view,2026-07-07
5803,22,599,report_created,2026-07-02
5804,22,603,dashboard_view,2026-06-23
5805,22,605,export,2026-06-28
5806,22,599,integration_used,2026-06-12
5807,22,602,dashboard_view,2026-06-12
5808,22,605,login,2026-06-21
5809,22,603,export,2026-07-06
5810,22,601,login,2026-06-30
5811,22,598,report_created,2026-07-10
5812,22,604,export,2026-07-06
5813,22,605,export,2026-06-20
5814,22,603,dashboard_view,2026-06-27
5815,22,603,export,2026-06-18
5816,22,603,integration_used,2026-06-12
5817,22,600,dashboard_view,2026-07-11
5818,22,602,login,2026-06-28
5819,22,605,report_created,2026-06-13
5820,22,600,dashboard_view,2026-07-10
5821,22,601,integration_used,2026-06-25
5822,22,605,dashboard_view,2026-07-03
5823,22,600,login,2026-06-28
5824,22,598,report_created,2026-06-21
5825,22,603,integration_used,2026-06-16
5826,22,603,login,2026-07-01
5827,22,599,integration_used,2026-06-26
5828,22,601,dashboard_view,2026-07-05
5829,22,603,integration_used,2026-06-20
5830,22,602,export,2026-06-25
5831,22,601,login,2026-06-28
5832,22,605,integration_used,2026-06-18
5833,22,602,export,2026-06-24
5834,22,598,report_created,2026-07-02
5835,22,598,integration_used,2026-06-28
5836,22,599,export,2026-06-26
5837,22,605,integration_used,2026-06-12
5838,22,601,report_created,2026-06-12
5839,22,601,report_created,2026-06-27
5840,22,598,dashboard_view,2026-07-15
5841,22,602,report_created,2026-07-29
5842,22,598,dashboard_view,2026-07-25
5843,22,598,export,2026-08-03
5844,22,601,login,2026-07-29
5845,22,604,login,2026-08-09
5846,22,602,integration_used,2026-07-24
5847,22,604,integration_used,2026-08-10
5848,22,602,integration_used,2026-07-17
5849,22,598,integration_used,2026-07-26
5850,22,601,integration_used,2026-07-24
5851,22,602,login,2026-07-17
5852,22,601,export,2026-07-12
5853,22,603,integration_used,2026-08-05
5854,22,601,export,2026-08-10
5855,22,599,dashboard_view,2026-07-31
5856,22,605,login,2026-08-10
5857,22,600,report_created,2026-07-12
5858,22,600,report_created,2026-07-20
5859,22,602,dashboard_view,2026-07-28
5860,22,604,dashboard_view,2026-08-04
5861,22,603,report_created,2026-08-07
5862,22,602,integration_used,2026-07-24
5863,22,599,dashboard_view,2026-08-08
5864,22,599,login,2026-07-14
5865,22,601,report_created,2026-08-08
5866,22,600,export,2026-08-07
5867,22,603,integration_used,2026-08-07
5868,22,605,login,2026-07-25
5869,22,605,integration_used,2026-07-20
5870,22,602,login,2026-07-16
5871,22,603,login,2026-07-16
5872,22,603,export,2026-08-05
5873,22,601,report_created,2026-07-24
5874,22,598,integration_used,2026-07-12
5875,22,599,dashboard_view,2026-08-08
5876,22,600,dashboard_view,2026-07-31
5877,22,601,report_created,2026-07-26
5878,22,598,export,2026-07-31
5879,22,604,integration_used,2026-08-07
5880,22,604,dashboard_view,2026-08-04
5881,22,601,export,2026-07-22
5882,22,599,dashboard_view,2026-07-18
5883,22,605,export,2026-07-24
5884,22,604,report_created,2026-07-31
5885,22,601,login,2026-07-13
5886,22,598,dashboard_view,2026-07-27
5887,22,598,report_created,2026-07-23
5888,22,598,report_created,2026-07-20
5889,22,603,login,2026-07-28
5890,22,603,export,2026-07-14
5891,22,599,login,2026-08-06
5892,22,599,dashboard_view,2026-07-23
5893,22,605,integration_used,2026-07-26
5894,23,606,login,2026-02-22
5895,23,611,dashboard_view,2026-03-03
5896,23,608,export,2026-02-24
5897,23,608,login,2026-03-12
5898,23,606,dashboard_view,2026-03-04
5899,23,611,export,2026-03-05
5900,23,607,report_created,2026-03-05
5901,23,609,integration_used,2026-03-11
5902,23,608,export,2026-03-11
5903,23,608,report_created,2026-02-18
5904,23,609,login,2026-03-13
5905,23,608,dashboard_view,2026-03-03
5906,23,611,dashboard_view,2026-03-11
5907,23,610,integration_used,2026-02-22
5908,23,606,login,2026-03-02
5909,23,606,report_created,2026-03-05
5910,23,608,login,2026-02-13
5911,23,607,dashboard_view,2026-02-23
5912,23,610,login,2026-02-16
5913,23,607,report_created,2026-03-12
5914,23,608,integration_used,2026-02-15
5915,23,610,login,2026-02-12
5916,23,611,integration_used,2026-02-24
5917,23,611,report_created,2026-02-24
5918,23,610,report_created,2026-02-20
5919,23,606,export,2026-02-13
5920,23,606,export,2026-03-04
5921,23,606,report_created,2026-02-20
5922,23,608,login,2026-02-18
5923,23,607,login,2026-03-11
5924,23,610,login,2026-03-13
5925,23,609,export,2026-03-12
5926,23,608,integration_used,2026-03-01
5927,23,606,dashboard_view,2026-03-05
5928,23,610,dashboard_view,2026-02-24
5929,23,606,dashboard_view,2026-03-03
5930,23,607,integration_used,2026-02-21
5931,23,611,login,2026-02-14
5932,23,611,login,2026-02-16
5933,23,609,dashboard_view,2026-03-07
5934,23,607,integration_used,2026-02-18
5935,23,607,login,2026-02-28
5936,23,611,report_created,2026-02-25
5937,23,610,dashboard_view,2026-02-16
5938,23,609,dashboard_view,2026-02-24
5939,23,606,dashboard_view,2026-02-28
5940,23,610,export,2026-02-20
5941,23,607,integration_used,2026-02-15
5942,23,608,dashboard_view,2026-03-02
5943,23,609,export,2026-02-23
5944,23,610,report_created,2026-03-04
5945,23,607,login,2026-02-22
5946,23,611,report_created,2026-02-28
5947,23,611,export,2026-02-22
5948,23,606,export,2026-03-10
5949,23,611,dashboard_view,2026-04-04
5950,23,610,integration_used,2026-04-07
5951,23,606,dashboard_view,2026-03-22
5952,23,607,login,2026-03-21
5953,23,607,login,2026-04-05
5954,23,611,export,2026-04-10
5955,23,607,report_created,2026-04-06
5956,23,606,login,2026-03-25
5957,23,611,login,2026-04-06
5958,23,611,export,2026-04-12
5959,23,606,dashboard_view,2026-04-02
5960,23,609,dashboard_view,2026-04-08
5961,23,611,login,2026-03-23
5962,23,608,export,2026-04-02
5963,23,609,integration_used,2026-03-22
5964,23,611,export,2026-04-04
5965,23,611,dashboard_view,2026-04-06
5966,23,607,report_created,2026-03-31
5967,23,607,dashboard_view,2026-03-16
5968,23,609,report_created,2026-03-28
5969,23,609,report_created,2026-04-11
5970,23,606,export,2026-03-30
5971,23,607,login,2026-04-11
5972,23,611,integration_used,2026-03-29
5973,23,608,export,2026-04-06
5974,23,606,report_created,2026-03-15
5975,23,607,report_created,2026-04-03
5976,23,607,login,2026-03-30
5977,23,609,integration_used,2026-03-18
5978,23,606,export,2026-03-25
5979,23,608,dashboard_view,2026-04-03
5980,23,609,report_created,2026-04-06
5981,23,609,report_created,2026-03-31
5982,23,607,dashboard_view,2026-03-28
5983,23,609,dashboard_view,2026-03-15
5984,23,606,dashboard_view,2026-03-19
5985,23,611,export,2026-03-28
5986,23,607,integration_used,2026-03-26
5987,23,611,dashboard_view,2026-03-14
5988,23,606,report_created,2026-04-04
5989,23,610,login,2026-04-04
5990,23,608,integration_used,2026-03-16
5991,23,608,export,2026-03-20
5992,23,606,integration_used,2026-04-10
5993,23,606,report_created,2026-04-05
5994,23,608,dashboard_view,2026-03-18
5995,23,611,integration_used,2026-04-27
5996,23,606,login,2026-05-08
5997,23,608,integration_used,2026-04-18
5998,23,609,report_created,2026-04-24
5999,23,606,dashboard_view,2026-04-27
6000,23,607,report_created,2026-05-09
6001,23,611,export,2026-04-18
6002,23,608,report_created,2026-04-20
6003,23,610,export,2026-05-06
6004,23,611,integration_used,2026-04-16
6005,23,610,report_created,2026-04-24
6006,23,606,export,2026-04-30
6007,23,610,dashboard_view,2026-05-06
6008,23,608,report_created,2026-05-11
6009,23,608,dashboard_view,2026-04-27
6010,23,610,export,2026-05-02
6011,23,607,integration_used,2026-04-29
6012,23,606,login,2026-04-20
6013,23,606,dashboard_view,2026-04-24
6014,23,607,login,2026-04-29
6015,23,607,export,2026-04-28
6016,23,610,login,2026-04-19
6017,23,606,integration_used,2026-04-21
6018,23,609,dashboard_view,2026-04-20
6019,23,607,dashboard_view,2026-04-19
6020,23,607,login,2026-05-01
6021,23,606,login,2026-05-04
6022,23,610,login,2026-04-29
6023,23,608,integration_used,2026-04-22
6024,23,609,dashboard_view,2026-04-14
6025,23,606,dashboard_view,2026-05-02
6026,23,610,login,2026-05-09
6027,23,608,integration_used,2026-04-17
6028,23,610,dashboard_view,2026-04-19
6029,23,606,report_created,2026-04-27
6030,23,610,login,2026-05-07
6031,23,609,dashboard_view,2026-04-16
6032,23,609,report_created,2026-04-14
6033,23,606,integration_used,2026-05-10
6034,23,610,integration_used,2026-05-05
6035,23,606,report_created,2026-05-29
6036,23,608,export,2026-05-18
6037,23,610,dashboard_view,2026-05-20
6038,23,606,login,2026-05-19
6039,23,611,login,2026-05-24
6040,23,611,dashboard_view,2026-06-03
6041,23,607,dashboard_view,2026-05-16
6042,23,607,login,2026-05-19
6043,23,611,dashboard_view,2026-06-06
6044,23,607,dashboard_view,2026-06-05
6045,23,608,login,2026-05-28
6046,23,611,dashboard_view,2026-05-28
6047,23,610,login,2026-06-07
6048,23,606,dashboard_view,2026-05-19
6049,23,608,report_created,2026-05-22
6050,23,611,dashboard_view,2026-05-29
6051,23,611,dashboard_view,2026-06-09
6052,23,609,login,2026-05-30
6053,23,607,login,2026-05-31
6054,23,610,export,2026-06-06
6055,23,606,dashboard_view,2026-06-09
6056,23,607,dashboard_view,2026-06-09
6057,23,609,export,2026-06-08
6058,23,607,dashboard_view,2026-05-20
6059,23,608,integration_used,2026-05-20
6060,23,611,integration_used,2026-05-25
6061,23,610,integration_used,2026-05-14
6062,23,608,export,2026-05-14
6063,23,607,integration_used,2026-05-16
6064,23,610,integration_used,2026-05-21
6065,23,607,export,2026-05-28
6066,23,607,export,2026-05-23
6067,23,608,report_created,2026-06-01
6068,23,610,login,2026-06-05
6069,23,607,report_created,2026-05-30
6070,23,609,integration_used,2026-05-18
6071,23,609,login,2026-05-13
6072,23,610,dashboard_view,2026-06-08
6073,23,607,integration_used,2026-06-18
6074,23,606,export,2026-06-24
6075,23,609,integration_used,2026-06-12
6076,23,611,dashboard_view,2026-06-18
6077,23,606,dashboard_view,2026-06-25
6078,23,610,dashboard_view,2026-06-13
6079,23,607,login,2026-07-04
6080,23,610,integration_used,2026-06-14
6081,23,610,login,2026-06-13
6082,23,607,integration_used,2026-06-24
6083,23,606,integration_used,2026-07-01
6084,23,610,report_created,2026-07-09
6085,23,608,integration_used,2026-07-01
6086,23,607,dashboard_view,2026-06-15
6087,23,606,export,2026-06-28
6088,23,607,dashboard_view,2026-07-07
6089,23,611,login,2026-06-21
6090,23,610,integration_used,2026-07-07
6091,23,609,export,2026-07-09
6092,23,611,integration_used,2026-06-21
6093,23,606,report_created,2026-06-18
6094,23,609,report_created,2026-07-06
6095,23,608,login,2026-07-11
6096,23,606,login,2026-06-17
6097,23,611,login,2026-06-19
6098,23,611,login,2026-07-11
6099,23,607,integration_used,2026-07-17
6100,23,606,dashboard_view,2026-08-08
6101,23,609,login,2026-07-16
6102,23,609,integration_used,2026-07-16
6103,23,611,login,2026-07-30
6104,23,611,integration_used,2026-07-18
6105,23,606,dashboard_view,2026-07-18
6106,23,608,export,2026-07-31
6107,23,611,integration_used,2026-08-07
6108,23,611,report_created,2026-08-01
6109,23,608,login,2026-08-05
6110,23,610,dashboard_view,2026-07-15
6111,23,610,integration_used,2026-07-20
6112,23,610,report_created,2026-07-26
6113,23,609,login,2026-07-25
6114,23,607,report_created,2026-08-05
6115,23,610,login,2026-07-22
6116,23,608,export,2026-07-29
6117,23,606,export,2026-07-25
6118,23,609,login,2026-08-10
6119,23,610,login,2026-08-09
6120,23,611,dashboard_view,2026-08-02
6121,23,609,report_created,2026-07-30
6122,23,606,integration_used,2026-07-30
6123,23,608,dashboard_view,2026-07-25
6124,23,609,integration_used,2026-07-29
6125,23,606,export,2026-08-03
6126,23,607,report_created,2026-07-16
6127,23,610,report_created,2026-08-03
6128,23,608,login,2026-07-20
6129,24,616,dashboard_view,2026-02-15
6130,24,621,login,2026-03-01
6131,24,620,login,2026-02-19
6132,24,619,export,2026-03-12
6133,24,615,export,2026-03-06
6134,24,621,integration_used,2026-02-14
6135,24,620,integration_used,2026-02-27
6136,24,617,login,2026-02-16
6137,24,621,integration_used,2026-02-17
6138,24,614,login,2026-03-09
6139,24,612,login,2026-03-05
6140,24,613,export,2026-02-14
6141,24,616,integration_used,2026-02-15
6142,24,613,integration_used,2026-02-13
6143,24,620,login,2026-02-18
6144,24,616,report_created,2026-02-21
6145,24,614,export,2026-02-24
6146,24,619,dashboard_view,2026-02-13
6147,24,620,export,2026-03-07
6148,24,615,login,2026-02-25
6149,24,618,dashboard_view,2026-03-05
6150,24,614,login,2026-02-20
6151,24,614,export,2026-02-19
6152,24,621,report_created,2026-02-20
6153,24,614,integration_used,2026-02-25
6154,24,616,report_created,2026-02-28
6155,24,614,dashboard_view,2026-03-13
6156,24,618,dashboard_view,2026-02-17
6157,24,617,integration_used,2026-02-18
6158,24,618,login,2026-03-07
6159,24,616,report_created,2026-02-17
6160,24,613,login,2026-02-27
6161,24,618,export,2026-03-04
6162,24,614,report_created,2026-03-02
6163,24,616,login,2026-02-14
6164,24,614,dashboard_view,2026-03-01
6165,24,617,integration_used,2026-03-03
6166,24,614,dashboard_view,2026-03-04
6167,24,612,login,2026-02-20
6168,24,619,report_created,2026-03-01
6169,24,618,report_created,2026-02-16
6170,24,616,integration_used,2026-02-25
6171,24,620,login,2026-02-25
6172,24,615,login,2026-02-18
6173,24,617,integration_used,2026-03-06
6174,24,620,dashboard_view,2026-02-25
6175,24,617,dashboard_view,2026-03-20
6176,24,619,login,2026-03-24
6177,24,617,report_created,2026-04-11
6178,24,612,report_created,2026-03-16
6179,24,615,dashboard_view,2026-04-06
6180,24,615,report_created,2026-03-19
6181,24,615,integration_used,2026-03-17
6182,24,616,report_created,2026-03-25
6183,24,613,dashboard_view,2026-03-31
6184,24,614,login,2026-03-18
6185,24,613,integration_used,2026-04-09
6186,24,619,export,2026-03-27
6187,24,613,login,2026-03-26
6188,24,621,dashboard_view,2026-04-06
6189,24,621,dashboard_view,2026-04-10
6190,24,619,dashboard_view,2026-04-06
6191,24,618,report_created,2026-03-23
6192,24,615,export,2026-04-11
6193,24,612,login,2026-03-20
6194,24,613,integration_used,2026-03-14
6195,24,620,report_created,2026-03-28
6196,24,618,export,2026-04-09
6197,24,620,export,2026-03-16
6198,24,620,integration_used,2026-03-20
6199,24,612,dashboard_view,2026-04-12
6200,24,615,login,2026-03-17
6201,24,612,login,2026-03-25
6202,24,617,export,2026-03-19
6203,24,613,dashboard_view,2026-03-26
6204,24,621,login,2026-03-27
6205,24,615,export,2026-03-21
6206,24,617,export,2026-03-28
6207,24,616,report_created,2026-03-20
6208,24,621,export,2026-04-09
6209,24,612,integration_used,2026-03-15
6210,24,615,report_created,2026-03-31
6211,24,621,report_created,2026-03-18
6212,24,614,login,2026-03-15
6213,24,613,integration_used,2026-04-03
6214,24,613,login,2026-03-18
6215,24,620,integration_used,2026-03-23
6216,24,616,integration_used,2026-04-09
6217,24,616,dashboard_view,2026-04-05
6218,24,620,report_created,2026-04-27
6219,24,612,dashboard_view,2026-04-24
6220,24,618,dashboard_view,2026-05-06
6221,24,614,integration_used,2026-05-06
6222,24,621,dashboard_view,2026-04-26
6223,24,613,export,2026-05-05
6224,24,616,report_created,2026-05-02
6225,24,618,login,2026-05-10
6226,24,616,login,2026-04-13
6227,24,616,integration_used,2026-05-08
6228,24,620,login,2026-04-29
6229,24,617,login,2026-04-22
6230,24,617,export,2026-05-05
6231,24,618,export,2026-04-29
6232,24,612,login,2026-04-26
6233,24,613,dashboard_view,2026-04-19
6234,24,618,login,2026-04-18
6235,24,612,login,2026-05-06
6236,24,620,dashboard_view,2026-04-14
6237,24,617,export,2026-04-30
6238,24,621,login,2026-05-10
6239,24,618,export,2026-05-08
6240,24,613,dashboard_view,2026-05-02
6241,24,613,dashboard_view,2026-05-07
6242,24,616,report_created,2026-04-14
6243,24,617,export,2026-05-11
6244,24,620,dashboard_view,2026-04-25
6245,24,618,login,2026-04-24
6246,24,619,export,2026-04-22
6247,24,618,integration_used,2026-04-18
6248,24,614,dashboard_view,2026-04-23
6249,24,620,report_created,2026-04-16
6250,24,616,login,2026-04-19
6251,24,613,report_created,2026-05-05
6252,24,620,integration_used,2026-05-12
6253,24,619,dashboard_view,2026-04-18
6254,24,617,dashboard_view,2026-05-03
6255,24,619,integration_used,2026-04-15
6256,24,620,export,2026-05-08
6257,24,612,dashboard_view,2026-05-06
6258,24,617,login,2026-04-23
6259,24,612,report_created,2026-05-09
6260,24,619,login,2026-04-20
6261,24,621,login,2026-04-16
6262,24,620,integration_used,2026-05-01
6263,24,621,login,2026-04-20
6264,24,616,integration_used,2026-05-03
6265,24,614,login,2026-04-13
6266,24,619,integration_used,2026-05-04
6267,24,614,integration_used,2026-04-30
6268,24,621,export,2026-04-23
6269,24,621,export,2026-04-24
6270,24,620,integration_used,2026-05-22
6271,24,621,export,2026-05-19
6272,24,613,integration_used,2026-05-14
6273,24,616,integration_used,2026-06-07
6274,24,617,export,2026-05-24
6275,24,621,dashboard_view,2026-06-04
6276,24,617,login,2026-05-24
6277,24,616,integration_used,2026-06-11
6278,24,616,integration_used,2026-05-24
6279,24,615,dashboard_view,2026-06-06
6280,24,613,dashboard_view,2026-06-06
6281,24,616,dashboard_view,2026-05-18
6282,24,618,integration_used,2026-05-30
6283,24,620,export,2026-06-10
6284,24,621,login,2026-05-20
6285,24,620,dashboard_view,2026-05-27
6286,24,618,login,2026-05-22
6287,24,619,export,2026-05-18
6288,24,612,export,2026-05-22
6289,24,614,dashboard_view,2026-05-19
6290,24,616,dashboard_view,2026-05-25
6291,24,620,dashboard_view,2026-05-23
6292,24,617,integration_used,2026-05-21
6293,24,617,dashboard_view,2026-05-22
6294,24,620,integration_used,2026-06-07
6295,24,612,report_created,2026-05-16
6296,24,612,report_created,2026-05-14
6297,24,618,login,2026-05-14
6298,24,614,integration_used,2026-05-14
6299,24,621,report_created,2026-05-29
6300,24,612,dashboard_view,2026-05-25
6301,24,618,report_created,2026-05-24
6302,24,620,dashboard_view,2026-05-21
6303,24,618,report_created,2026-05-21
6304,24,613,integration_used,2026-05-17
6305,24,618,export,2026-05-24
6306,24,617,login,2026-05-29
6307,24,615,integration_used,2026-06-11
6308,24,619,export,2026-05-17
6309,24,613,dashboard_view,2026-05-21
6310,24,615,integration_used,2026-05-17
6311,24,617,report_created,2026-05-24
6312,24,613,dashboard_view,2026-06-03
6313,24,616,integration_used,2026-05-30
6314,24,614,integration_used,2026-06-04
6315,24,616,integration_used,2026-05-15
6316,24,616,login,2026-05-22
6317,24,612,dashboard_view,2026-05-16
6318,24,619,dashboard_view,2026-05-18
6319,24,612,integration_used,2026-06-20
6320,24,618,export,2026-06-22
6321,24,618,login,2026-07-09
6322,24,613,export,2026-06-15
6323,24,620,login,2026-07-05
6324,24,613,dashboard_view,2026-06-20
6325,24,621,login,2026-07-01
6326,24,612,export,2026-07-09
6327,24,620,integration_used,2026-07-10
6328,24,616,report_created,2026-07-09
6329,24,621,report_created,2026-07-09
6330,24,612,export,2026-06-27
6331,24,614,integration_used,2026-06-14
6332,24,615,integration_used,2026-06-14
6333,24,619,export,2026-06-21
6334,24,614,report_created,2026-07-10
6335,24,615,report_created,2026-06-21
6336,24,616,export,2026-07-11
6337,24,619,integration_used,2026-06-27
6338,24,616,dashboard_view,2026-06-29
6339,24,612,export,2026-06-19
6340,24,614,export,2026-06-18
6341,24,618,dashboard_view,2026-06-20
6342,24,621,report_created,2026-07-07
6343,24,612,login,2026-06-24
6344,24,619,export,2026-06-18
6345,24,618,login,2026-06-12
6346,24,614,integration_used,2026-06-23
6347,24,613,report_created,2026-06-17
6348,24,612,integration_used,2026-06-29
6349,24,620,login,2026-07-03
6350,24,615,dashboard_view,2026-07-05
6351,24,619,login,2026-07-04
6352,24,614,report_created,2026-06-12
6353,24,617,dashboard_view,2026-06-19
6354,24,615,export,2026-06-30
6355,24,613,integration_used,2026-06-27
6356,24,613,login,2026-06-27
6357,24,615,dashboard_view,2026-06-14
6358,24,613,integration_used,2026-07-09
6359,24,614,export,2026-07-11
6360,24,613,export,2026-07-04
6361,24,615,integration_used,2026-06-15
6362,24,617,export,2026-07-07
6363,24,619,integration_used,2026-06-24
6364,24,618,dashboard_view,2026-08-07
6365,24,615,login,2026-07-27
6366,24,620,report_created,2026-08-01
6367,24,616,login,2026-07-23
6368,24,614,integration_used,2026-07-14
6369,24,617,dashboard_view,2026-08-09
6370,24,618,integration_used,2026-08-01
6371,24,612,login,2026-07-15
6372,24,618,report_created,2026-08-02
6373,24,612,export,2026-08-03
6374,24,615,report_created,2026-07-20
6375,24,613,export,2026-07-29
6376,24,620,dashboard_view,2026-08-07
6377,24,619,export,2026-07-18
6378,24,620,dashboard_view,2026-08-05
6379,24,613,dashboard_view,2026-08-10
6380,24,613,export,2026-07-13
6381,24,621,dashboard_view,2026-07-24
6382,24,613,dashboard_view,2026-07-21
6383,24,616,export,2026-07-25
6384,24,614,integration_used,2026-07-23
6385,24,617,export,2026-07-18
6386,24,621,dashboard_view,2026-07-27
6387,24,618,dashboard_view,2026-07-14
6388,24,620,login,2026-08-03
6389,24,620,integration_used,2026-08-05
6390,24,617,login,2026-07-28
6391,24,617,integration_used,2026-08-03
6392,24,619,login,2026-07-18
6393,24,619,integration_used,2026-07-16
6394,24,620,export,2026-07-18
6395,24,618,login,2026-07-20
6396,24,619,login,2026-07-26
6397,24,618,export,2026-07-14
6398,24,615,export,2026-07-13
6399,24,620,dashboard_view,2026-07-17
6400,24,612,login,2026-07-30
6401,24,618,dashboard_view,2026-07-24
6402,24,613,dashboard_view,2026-07-20
6403,24,614,report_created,2026-08-03
6404,24,617,dashboard_view,2026-07-20
6405,24,613,report_created,2026-07-29
6406,24,612,report_created,2026-07-17
6407,24,620,login,2026-07-27
6408,24,616,integration_used,2026-07-29
6409,24,614,login,2026-07-18
6410,24,620,dashboard_view,2026-07-21
6411,24,613,dashboard_view,2026-07-23
6412,24,617,export,2026-07-23
6413,24,619,integration_used,2026-07-17
6414,24,612,integration_used,2026-07-24
6415,24,620,report_created,2026-07-17
6416,24,615,integration_used,2026-07-28
6417,24,621,report_created,2026-07-24
6418,24,620,login,2026-07-14
6419,24,614,login,2026-08-06
6420,25,634,integration_used,2026-03-12
6421,25,633,dashboard_view,2026-02-18
6422,25,632,integration_used,2026-02-15
6423,25,628,integration_used,2026-02-18
6424,25,633,report_created,2026-02-19
6425,25,630,dashboard_view,2026-03-04
6426,25,626,integration_used,2026-02-13
6427,25,627,integration_used,2026-02-14
6428,25,630,login,2026-02-24
6429,25,632,report_created,2026-03-11
6430,25,627,integration_used,2026-02-27
6431,25,630,login,2026-02-27
6432,25,633,export,2026-02-21
6433,25,623,dashboard_view,2026-03-02
6434,25,625,integration_used,2026-02-13
6435,25,628,export,2026-02-27
6436,25,629,integration_used,2026-03-07
6437,25,634,dashboard_view,2026-02-20
6438,25,622,integration_used,2026-02-12
6439,25,629,export,2026-03-05
6440,25,634,integration_used,2026-03-11
6441,25,623,export,2026-02-18
6442,25,629,integration_used,2026-02-22
6443,25,629,integration_used,2026-03-01
6444,25,624,integration_used,2026-02-14
6445,25,631,export,2026-02-12
6446,25,630,dashboard_view,2026-02-26
6447,25,635,dashboard_view,2026-02-15
6448,25,627,integration_used,2026-02-25
6449,25,625,login,2026-02-26
6450,25,634,integration_used,2026-02-21
6451,25,627,integration_used,2026-02-20
6452,25,622,dashboard_view,2026-03-01
6453,25,632,dashboard_view,2026-02-21
6454,25,627,report_created,2026-03-12
6455,25,622,report_created,2026-02-20
6456,25,634,export,2026-03-01
6457,25,633,report_created,2026-02-22
6458,25,632,integration_used,2026-02-27
6459,25,622,login,2026-03-13
6460,25,624,integration_used,2026-03-05
6461,25,624,report_created,2026-02-17
6462,25,635,report_created,2026-03-02
6463,25,626,integration_used,2026-03-08
6464,25,628,integration_used,2026-02-27
6465,25,625,report_created,2026-04-08
6466,25,635,integration_used,2026-03-17
6467,25,626,dashboard_view,2026-04-07
6468,25,632,integration_used,2026-04-08
6469,25,633,report_created,2026-03-25
6470,25,634,dashboard_view,2026-03-31
6471,25,635,integration_used,2026-04-06
6472,25,631,login,2026-03-14
6473,25,627,dashboard_view,2026-03-31
6474,25,626,report_created,2026-04-10
6475,25,624,report_created,2026-03-26
6476,25,633,export,2026-03-14
6477,25,624,report_created,2026-03-14
6478,25,628,integration_used,2026-04-07
6479,25,624,integration_used,2026-03-31
6480,25,625,dashboard_view,2026-03-16
6481,25,627,integration_used,2026-03-27
6482,25,634,report_created,2026-03-22
6483,25,623,integration_used,2026-04-05
6484,25,623,export,2026-03-26
6485,25,627,login,2026-04-01
6486,25,632,integration_used,2026-03-28
6487,25,626,integration_used,2026-03-31
6488,25,627,integration_used,2026-04-12
6489,25,627,export,2026-03-19
6490,25,634,report_created,2026-03-22
6491,25,635,dashboard_view,2026-04-04
6492,25,622,report_created,2026-04-06
6493,25,632,login,2026-03-24
6494,25,632,integration_used,2026-03-15
6495,25,635,login,2026-03-25
6496,25,635,export,2026-04-09
6497,25,631,dashboard_view,2026-03-28
6498,25,622,integration_used,2026-04-06
6499,25,635,report_created,2026-03-21
6500,25,631,report_created,2026-04-05
6501,25,634,login,2026-04-11
6502,25,635,dashboard_view,2026-04-01
6503,25,628,login,2026-04-03
6504,25,627,export,2026-04-03
6505,25,623,report_created,2026-04-02
6506,25,625,dashboard_view,2026-04-09
6507,25,633,report_created,2026-04-07
6508,25,631,dashboard_view,2026-03-15
6509,25,635,export,2026-03-30
6510,25,633,integration_used,2026-03-16
6511,25,623,export,2026-04-05
6512,25,635,login,2026-05-02
6513,25,622,report_created,2026-04-23
6514,25,635,login,2026-05-08
6515,25,626,login,2026-04-18
6516,25,622,report_created,2026-04-18
6517,25,624,export,2026-04-28
6518,25,631,login,2026-04-26
6519,25,633,integration_used,2026-04-24
6520,25,629,login,2026-04-25
6521,25,631,dashboard_view,2026-04-19
6522,25,634,login,2026-04-27
6523,25,626,dashboard_view,2026-05-01
6524,25,625,integration_used,2026-04-15
6525,25,630,report_created,2026-04-25
6526,25,628,dashboard_view,2026-05-07
6527,25,627,export,2026-04-25
6528,25,628,report_created,2026-05-11
6529,25,635,integration_used,2026-04-18
6530,25,630,export,2026-04-29
6531,25,630,report_created,2026-04-28
6532,25,626,dashboard_view,2026-04-15
6533,25,624,report_created,2026-04-27
6534,25,630,report_created,2026-05-02
6535,25,630,report_created,2026-04-22
6536,25,633,export,2026-04-24
6537,25,627,report_created,2026-04-17
6538,25,634,integration_used,2026-04-20
6539,25,626,integration_used,2026-05-07
6540,25,624,integration_used,2026-05-03
6541,25,623,export,2026-05-10
6542,25,627,dashboard_view,2026-05-12
6543,25,635,login,2026-05-12
6544,25,622,report_created,2026-05-08
6545,25,627,dashboard_view,2026-04-22
6546,25,631,dashboard_view,2026-04-22
6547,25,623,dashboard_view,2026-05-05
6548,25,632,login,2026-04-14
6549,25,634,report_created,2026-05-02
6550,25,623,login,2026-05-06
6551,25,627,export,2026-05-02
6552,25,622,dashboard_view,2026-04-26
6553,25,632,export,2026-04-22
6554,25,630,dashboard_view,2026-04-19
6555,25,632,report_created,2026-05-09
6556,25,626,integration_used,2026-05-03
6557,25,630,export,2026-04-23
6558,25,628,integration_used,2026-04-24
6559,25,633,dashboard_view,2026-04-27
6560,25,629,dashboard_view,2026-04-15
6561,25,628,export,2026-04-28
6562,25,633,export,2026-05-03
6563,25,624,login,2026-04-19
6564,25,624,integration_used,2026-05-01
6565,25,633,dashboard_view,2026-04-20
6566,25,626,login,2026-06-05
6567,25,630,dashboard_view,2026-06-05
6568,25,633,login,2026-05-25
6569,25,633,dashboard_view,2026-06-07
6570,25,635,dashboard_view,2026-06-09
6571,25,625,dashboard_view,2026-05-23
6572,25,635,login,2026-05-22
6573,25,632,integration_used,2026-06-02
6574,25,623,export,2026-06-10
6575,25,633,login,2026-06-11
6576,25,630,export,2026-06-04
6577,25,626,dashboard_view,2026-05-27
6578,25,625,integration_used,2026-05-20
6579,25,629,login,2026-05-31
6580,25,630,export,2026-06-06
6581,25,628,login,2026-05-26
6582,25,632,dashboard_view,2026-05-28
6583,25,634,report_created,2026-06-06
6584,25,629,report_created,2026-05-28
6585,25,626,report_created,2026-05-19
6586,25,630,report_created,2026-05-22
6587,25,629,export,2026-06-07
6588,25,624,integration_used,2026-05-15
6589,25,622,dashboard_view,2026-06-01
6590,25,631,integration_used,2026-06-09
6591,25,635,export,2026-05-18
6592,25,628,integration_used,2026-05-14
6593,25,625,login,2026-05-19
6594,25,628,integration_used,2026-06-10
6595,25,635,export,2026-06-06
6596,25,623,export,2026-05-22
6597,25,624,export,2026-06-09
6598,25,632,dashboard_view,2026-06-05
6599,25,629,dashboard_view,2026-05-17
6600,25,631,integration_used,2026-05-22
6601,25,624,login,2026-05-16
6602,25,627,dashboard_view,2026-06-06
6603,25,624,integration_used,2026-05-24
6604,25,631,export,2026-06-05
6605,25,624,export,2026-06-08
6606,25,634,integration_used,2026-06-01
6607,25,623,report_created,2026-05-22
6608,25,625,integration_used,2026-05-25
6609,25,624,dashboard_view,2026-06-04
6610,25,627,report_created,2026-05-22
6611,25,633,integration_used,2026-06-04
6612,25,635,integration_used,2026-05-14
6613,25,625,integration_used,2026-06-01
6614,25,626,export,2026-06-03
6615,25,623,export,2026-05-27
6616,25,633,export,2026-05-19
6617,25,624,export,2026-06-16
6618,25,626,login,2026-07-04
6619,25,631,report_created,2026-07-01
6620,25,635,integration_used,2026-07-03
6621,25,634,export,2026-06-17
6622,25,631,login,2026-06-19
6623,25,624,export,2026-06-13
6624,25,631,integration_used,2026-06-15
6625,25,629,dashboard_view,2026-07-11
6626,25,631,export,2026-07-06
6627,25,623,login,2026-07-06
6628,25,627,integration_used,2026-07-04
6629,25,629,integration_used,2026-06-17
6630,25,629,login,2026-06-18
6631,25,625,report_created,2026-06-26
6632,25,624,integration_used,2026-06-23
6633,25,630,dashboard_view,2026-07-04
6634,25,624,login,2026-07-11
6635,25,624,report_created,2026-06-16
6636,25,628,login,2026-06-18
6637,25,630,dashboard_view,2026-07-05
6638,25,622,login,2026-06-13
6639,25,626,integration_used,2026-06-17
6640,25,629,export,2026-06-22
6641,25,630,integration_used,2026-06-25
6642,25,635,export,2026-06-23
6643,25,627,dashboard_view,2026-06-20
6644,25,633,report_created,2026-06-18
6645,25,632,report_created,2026-06-25
6646,25,624,integration_used,2026-07-04
6647,25,628,login,2026-06-12
6648,25,634,login,2026-06-15
6649,25,625,report_created,2026-07-11
6650,25,626,export,2026-07-04
6651,25,632,integration_used,2026-07-09
6652,25,635,integration_used,2026-06-16
6653,25,627,export,2026-07-08
6654,25,623,dashboard_view,2026-06-30
6655,25,625,integration_used,2026-06-14
6656,25,635,login,2026-07-09
6657,25,634,integration_used,2026-07-07
6658,25,624,integration_used,2026-06-17
6659,25,633,login,2026-06-30
6660,25,623,dashboard_view,2026-07-02
6661,25,629,integration_used,2026-07-03
6662,25,625,integration_used,2026-07-10
6663,25,635,login,2026-07-05
6664,25,631,export,2026-06-28
6665,25,623,integration_used,2026-07-05
6666,25,629,integration_used,2026-07-09
6667,25,623,export,2026-07-07
6668,25,622,dashboard_view,2026-06-21
6669,25,623,dashboard_view,2026-08-04
6670,25,623,export,2026-07-14
6671,25,628,dashboard_view,2026-07-27
6672,25,622,integration_used,2026-08-07
6673,25,634,login,2026-07-18
6674,25,623,export,2026-08-07
6675,25,628,dashboard_view,2026-08-07
6676,25,624,login,2026-08-09
6677,25,631,login,2026-07-18
6678,25,629,report_created,2026-08-06
6679,25,632,integration_used,2026-07-18
6680,25,634,dashboard_view,2026-07-27
6681,25,625,integration_used,2026-07-12
6682,25,633,dashboard_view,2026-07-18
6683,25,622,integration_used,2026-08-01
6684,25,625,export,2026-07-28
6685,25,627,integration_used,2026-08-04
6686,25,622,dashboard_view,2026-07-20
6687,25,629,report_created,2026-07-21
6688,25,634,login,2026-07-25
6689,25,624,report_created,2026-07-17
6690,25,624,login,2026-08-07
6691,25,626,integration_used,2026-08-10
6692,25,632,integration_used,2026-07-29
6693,25,624,report_created,2026-07-12
6694,25,635,integration_used,2026-08-10
6695,25,632,dashboard_view,2026-07-31
6696,25,624,report_created,2026-07-22
6697,25,628,login,2026-08-06
6698,25,635,integration_used,2026-07-15
6699,25,625,report_created,2026-07-19
6700,25,627,export,2026-07-18
6701,25,635,login,2026-07-16
6702,25,634,login,2026-07-18
6703,25,634,dashboard_view,2026-07-12
6704,25,633,integration_used,2026-07-20
6705,25,631,dashboard_view,2026-07-30
6706,25,634,integration_used,2026-07-19
6707,25,629,login,2026-07-15
6708,25,634,dashboard_view,2026-08-07
6709,25,629,dashboard_view,2026-08-07
6710,25,626,export,2026-08-04
6711,25,627,report_created,2026-07-24
6712,25,630,export,2026-07-30
6713,25,626,dashboard_view,2026-07-17
6714,25,625,login,2026-07-14
6715,25,626,dashboard_view,2026-08-08
6716,25,622,export,2026-08-06
6717,25,622,login,2026-07-28
6718,26,640,export,2026-03-08
6719,26,637,export,2026-02-24
6720,26,638,dashboard_view,2026-03-12
6721,26,640,login,2026-02-22
6722,26,639,login,2026-02-18
6723,26,639,integration_used,2026-02-28
6724,26,636,dashboard_view,2026-02-28
6725,26,637,report_created,2026-03-09
6726,26,640,login,2026-02-21
6727,26,638,report_created,2026-03-03
6728,26,642,login,2026-03-08
6729,26,637,report_created,2026-02-19
6730,26,636,login,2026-03-06
6731,26,636,integration_used,2026-03-13
6732,26,638,export,2026-02-12
6733,26,639,export,2026-02-23
6734,26,638,report_created,2026-02-28
6735,26,640,report_created,2026-03-11
6736,26,639,report_created,2026-02-23
6737,26,638,export,2026-03-04
6738,26,642,dashboard_view,2026-03-08
6739,26,638,login,2026-02-26
6740,26,637,report_created,2026-02-15
6741,26,639,login,2026-02-28
6742,26,636,integration_used,2026-03-12
6743,26,636,login,2026-02-17
6744,26,642,integration_used,2026-02-16
6745,26,636,dashboard_view,2026-03-12
6746,26,636,export,2026-02-16
6747,26,640,login,2026-03-06
6748,26,639,report_created,2026-03-01
6749,26,642,export,2026-03-11
6750,26,637,integration_used,2026-02-28
6751,26,636,login,2026-02-24
6752,26,640,report_created,2026-03-10
6753,26,639,dashboard_view,2026-03-10
6754,26,640,login,2026-03-13
6755,26,638,login,2026-02-19
6756,26,639,dashboard_view,2026-03-11
6757,26,640,export,2026-03-12
6758,26,639,dashboard_view,2026-03-10
6759,26,636,dashboard_view,2026-02-27
6760,26,638,login,2026-03-11
6761,26,642,report_created,2026-02-14
6762,26,638,report_created,2026-02-25
6763,26,639,dashboard_view,2026-03-04
6764,26,637,dashboard_view,2026-04-09
6765,26,636,integration_used,2026-04-12
6766,26,639,report_created,2026-04-07
6767,26,640,integration_used,2026-03-16
6768,26,641,export,2026-04-01
6769,26,639,export,2026-03-21
6770,26,640,export,2026-04-04
6771,26,636,login,2026-04-06
6772,26,640,report_created,2026-04-12
6773,26,637,dashboard_view,2026-03-22
6774,26,640,dashboard_view,2026-03-31
6775,26,642,export,2026-03-18
6776,26,638,export,2026-03-17
6777,26,639,dashboard_view,2026-03-30
6778,26,636,integration_used,2026-04-01
6779,26,636,dashboard_view,2026-03-27
6780,26,642,export,2026-04-08
6781,26,636,login,2026-04-11
6782,26,638,export,2026-03-31
6783,26,639,report_created,2026-04-09
6784,26,638,integration_used,2026-03-23
6785,26,636,login,2026-03-19
6786,26,642,login,2026-04-09
6787,26,639,export,2026-03-25
6788,26,641,login,2026-03-29
6789,26,638,login,2026-04-11
6790,26,641,report_created,2026-03-23
6791,26,640,integration_used,2026-04-05
6792,26,642,login,2026-03-26
6793,26,642,integration_used,2026-03-21
6794,26,642,report_created,2026-03-21
6795,26,640,report_created,2026-04-12
6796,26,637,login,2026-03-22
6797,26,638,dashboard_view,2026-03-18
6798,26,636,integration_used,2026-04-04
6799,26,640,login,2026-03-27
6800,26,642,report_created,2026-03-25
6801,26,641,integration_used,2026-03-17
6802,26,642,export,2026-03-28
6803,26,642,integration_used,2026-03-24
6804,26,639,dashboard_view,2026-03-23
6805,26,641,dashboard_view,2026-04-10
6806,26,639,export,2026-03-25
6807,26,641,export,2026-04-09
6808,26,639,integration_used,2026-03-24
6809,26,641,login,2026-04-03
6810,26,639,export,2026-03-14
6811,26,637,export,2026-05-06
6812,26,638,export,2026-05-11
6813,26,639,report_created,2026-04-24
6814,26,637,dashboard_view,2026-05-05
6815,26,642,export,2026-05-02
6816,26,637,integration_used,2026-05-06
6817,26,641,integration_used,2026-04-24
6818,26,638,integration_used,2026-04-24
6819,26,636,export,2026-04-23
6820,26,642,login,2026-05-12
6821,26,641,report_created,2026-04-16
6822,26,637,export,2026-04-14
6823,26,642,dashboard_view,2026-04-21
6824,26,636,export,2026-05-06
6825,26,636,export,2026-04-26
6826,26,642,integration_used,2026-04-14
6827,26,642,login,2026-05-07
6828,26,636,login,2026-04-29
6829,26,642,login,2026-05-07
6830,26,641,report_created,2026-04-17
6831,26,636,integration_used,2026-04-15
6832,26,642,dashboard_view,2026-05-10
6833,26,638,integration_used,2026-04-21
6834,26,640,integration_used,2026-04-26
6835,26,640,integration_used,2026-04-14
6836,26,639,dashboard_view,2026-04-14
6837,26,636,export,2026-05-10
6838,26,636,integration_used,2026-04-19
6839,26,640,integration_used,2026-04-22
6840,26,638,integration_used,2026-04-13
6841,26,636,login,2026-04-16
6842,26,640,export,2026-04-13
6843,26,638,integration_used,2026-05-03
6844,26,637,login,2026-05-07
6845,26,639,report_created,2026-04-14
6846,26,640,dashboard_view,2026-04-26
6847,26,640,integration_used,2026-04-28
6848,26,638,login,2026-04-28
6849,26,640,login,2026-05-07
6850,26,642,report_created,2026-05-12
6851,26,640,export,2026-05-11
6852,26,639,export,2026-05-02
6853,26,641,dashboard_view,2026-05-10
6854,26,639,login,2026-05-24
6855,26,638,export,2026-05-23
6856,26,636,login,2026-05-18
6857,26,637,export,2026-05-26
6858,26,641,integration_used,2026-05-16
6859,26,638,dashboard_view,2026-05-17
6860,26,640,export,2026-05-21
6861,26,640,integration_used,2026-05-14
6862,26,637,export,2026-05-28
6863,26,640,export,2026-05-21
6864,26,641,login,2026-05-22
6865,26,638,integration_used,2026-06-10
6866,26,638,login,2026-06-04
6867,26,638,login,2026-05-14
6868,26,642,export,2026-05-24
6869,26,636,export,2026-05-31
6870,26,636,integration_used,2026-05-27
6871,26,641,dashboard_view,2026-06-04
6872,26,639,integration_used,2026-06-02
6873,26,640,report_created,2026-06-04
6874,26,641,report_created,2026-05-30
6875,26,636,export,2026-05-18
6876,26,640,export,2026-05-17
6877,26,637,login,2026-06-02
6878,26,640,export,2026-05-13
6879,26,641,report_created,2026-05-22
6880,26,642,export,2026-05-23
6881,26,639,dashboard_view,2026-05-25
6882,26,641,integration_used,2026-06-03
6883,26,639,report_created,2026-06-11
6884,26,639,report_created,2026-05-26
6885,26,637,export,2026-06-09
6886,26,636,integration_used,2026-06-07
6887,26,638,export,2026-06-08
6888,26,637,report_created,2026-06-06
6889,26,640,dashboard_view,2026-05-18
6890,26,642,export,2026-05-22
6891,26,638,integration_used,2026-05-25
6892,26,637,integration_used,2026-06-11
6893,26,640,dashboard_view,2026-05-17
6894,26,638,export,2026-05-25
6895,26,640,integration_used,2026-05-20
6896,26,637,login,2026-05-23
6897,26,639,report_created,2026-06-07
6898,26,639,dashboard_view,2026-05-27
6899,26,642,export,2026-05-26
6900,26,639,integration_used,2026-07-11
6901,26,642,login,2026-07-09
6902,26,638,dashboard_view,2026-07-09
6903,26,642,integration_used,2026-07-08
6904,26,642,dashboard_view,2026-06-18
6905,26,638,integration_used,2026-06-20
6906,26,641,dashboard_view,2026-06-15
6907,26,642,dashboard_view,2026-06-14
6908,26,641,login,2026-06-28
6909,26,637,export,2026-07-05
6910,26,641,login,2026-06-28
6911,26,638,dashboard_view,2026-07-06
6912,26,636,report_created,2026-06-12
6913,26,638,integration_used,2026-06-24
6914,26,636,report_created,2026-06-29
6915,26,642,login,2026-06-15
6916,26,637,report_created,2026-06-30
6917,26,642,export,2026-07-02
6918,26,637,login,2026-07-03
6919,26,640,export,2026-07-08
6920,26,638,login,2026-06-21
6921,26,642,report_created,2026-07-05
6922,26,638,integration_used,2026-07-11
6923,26,639,login,2026-06-29
6924,26,639,export,2026-06-17
6925,26,641,integration_used,2026-07-09
6926,26,637,report_created,2026-06-19
6927,26,640,integration_used,2026-06-24
6928,26,642,login,2026-06-24
6929,26,640,login,2026-06-24
6930,26,642,export,2026-06-29
6931,26,642,dashboard_view,2026-06-24
6932,26,636,login,2026-07-03
6933,26,639,export,2026-07-03
6934,26,640,login,2026-06-14
6935,26,642,report_created,2026-07-04
6936,26,640,export,2026-07-06
6937,26,641,report_created,2026-06-29
6938,26,640,integration_used,2026-06-28
6939,26,641,integration_used,2026-06-24
6940,26,642,dashboard_view,2026-06-12
6941,26,641,export,2026-06-23
6942,26,641,integration_used,2026-06-22
6943,26,639,integration_used,2026-07-02
6944,26,639,report_created,2026-06-23
6945,26,641,login,2026-06-13
6946,26,638,integration_used,2026-07-01
6947,26,638,login,2026-07-16
6948,26,636,integration_used,2026-08-07
6949,26,637,integration_used,2026-07-18
6950,26,641,login,2026-08-05
6951,26,642,export,2026-07-20
6952,26,638,export,2026-08-03
6953,26,641,report_created,2026-08-09
6954,26,636,export,2026-08-08
6955,26,636,login,2026-07-28
6956,26,637,integration_used,2026-07-15
6957,26,640,integration_used,2026-07-17
6958,26,642,dashboard_view,2026-07-29
6959,26,639,dashboard_view,2026-07-31
6960,26,639,dashboard_view,2026-07-19
6961,26,636,integration_used,2026-07-25
6962,26,638,report_created,2026-07-31
6963,26,640,export,2026-08-09
6964,26,639,login,2026-08-10
6965,26,636,integration_used,2026-07-22
6966,26,638,dashboard_view,2026-07-16
6967,26,638,integration_used,2026-07-25
6968,26,638,login,2026-08-05
6969,26,638,export,2026-07-12
6970,26,639,report_created,2026-07-20
6971,26,642,integration_used,2026-07-13
6972,26,640,export,2026-07-28
6973,26,639,login,2026-07-28
6974,26,638,export,2026-07-16
6975,26,638,login,2026-08-05
6976,26,642,report_created,2026-07-16
6977,26,638,report_created,2026-07-28
6978,26,639,export,2026-07-17
6979,26,638,login,2026-07-24
6980,26,640,report_created,2026-07-27
6981,26,642,dashboard_view,2026-07-31
6982,26,637,integration_used,2026-07-16
6983,26,642,login,2026-07-22
6984,26,639,dashboard_view,2026-08-06
6985,26,642,report_created,2026-07-16
6986,26,638,export,2026-07-16
6987,26,639,dashboard_view,2026-07-16
6988,26,642,dashboard_view,2026-07-21
6989,26,642,report_created,2026-07-28
6990,26,641,login,2026-08-01
6991,26,636,report_created,2026-07-29
6992,26,640,report_created,2026-07-22
6993,26,637,login,2026-07-12
6994,26,636,export,2026-07-19
6995,26,637,dashboard_view,2026-07-14
6996,26,636,dashboard_view,2026-08-05
6997,26,638,export,2026-08-05
6998,26,639,export,2026-07-13
6999,26,641,export,2026-07-20
7000,27,668,report_created,2026-03-09
7001,27,682,export,2026-03-11
7002,27,644,login,2026-03-10
7003,27,654,login,2026-03-05
7004,27,648,integration_used,2026-03-02
7005,27,695,integration_used,2026-03-05
7006,27,694,export,2026-02-25
7007,27,646,integration_used,2026-03-13
7008,27,643,export,2026-03-10
7009,27,680,export,2026-02-25
7010,27,673,export,2026-02-19
7011,27,678,dashboard_view,2026-03-09
7012,27,698,dashboard_view,2026-03-11
7013,27,679,report_created,2026-02-22
7014,27,671,login,2026-02-12
7015,27,702,report_created,2026-02-16
7016,27,671,export,2026-03-09
7017,27,693,dashboard_view,2026-03-05
7018,27,683,export,2026-02-16
7019,27,647,login,2026-03-09
7020,27,701,login,2026-03-08
7021,27,656,report_created,2026-02-25
7022,27,657,export,2026-02-18
7023,27,664,export,2026-03-06
7024,27,665,integration_used,2026-02-19
7025,27,689,integration_used,2026-03-01
7026,27,646,integration_used,2026-02-27
7027,27,665,dashboard_view,2026-02-15
7028,27,666,integration_used,2026-03-05
7029,27,654,dashboard_view,2026-03-04
7030,27,650,integration_used,2026-02-20
7031,27,687,dashboard_view,2026-02-17
7032,27,675,report_created,2026-03-03
7033,27,666,report_created,2026-02-16
7034,27,646,export,2026-03-12
7035,27,659,report_created,2026-03-04
7036,27,661,export,2026-02-21
7037,27,664,dashboard_view,2026-02-18
7038,27,698,login,2026-03-07
7039,27,650,dashboard_view,2026-03-09
7040,27,652,export,2026-02-12
7041,27,661,integration_used,2026-02-17
7042,27,682,export,2026-02-17
7043,27,686,login,2026-02-22
7044,27,671,export,2026-02-27
7045,27,691,dashboard_view,2026-03-07
7046,27,685,dashboard_view,2026-03-04
7047,27,674,login,2026-03-08
7048,27,655,integration_used,2026-02-14
7049,27,677,dashboard_view,2026-03-01
7050,27,695,export,2026-03-11
7051,27,665,login,2026-02-19
7052,27,684,login,2026-02-24
7053,27,694,login,2026-02-14
7054,27,704,login,2026-04-05
7055,27,659,dashboard_view,2026-04-02
7056,27,645,integration_used,2026-03-31
7057,27,693,report_created,2026-04-05
7058,27,689,integration_used,2026-03-26
7059,27,696,report_created,2026-04-08
7060,27,682,dashboard_view,2026-03-15
7061,27,664,dashboard_view,2026-03-16
7062,27,699,login,2026-04-03
7063,27,645,login,2026-03-16
7064,27,675,export,2026-04-10
7065,27,671,integration_used,2026-03-28
7066,27,661,login,2026-03-27
7067,27,696,report_created,2026-03-30
7068,27,654,report_created,2026-04-04
7069,27,659,report_created,2026-03-14
7070,27,659,export,2026-04-04
7071,27,646,integration_used,2026-03-17
7072,27,656,integration_used,2026-03-17
7073,27,699,login,2026-04-01
7074,27,673,integration_used,2026-03-24
7075,27,656,integration_used,2026-03-29
7076,27,649,report_created,2026-04-12
7077,27,658,integration_used,2026-03-23
7078,27,650,integration_used,2026-04-08
7079,27,672,integration_used,2026-03-27
7080,27,685,integration_used,2026-04-04
7081,27,690,integration_used,2026-03-31
7082,27,679,export,2026-03-25
7083,27,680,integration_used,2026-03-27
7084,27,692,integration_used,2026-04-08
7085,27,646,report_created,2026-04-03
7086,27,673,dashboard_view,2026-03-25
7087,27,696,login,2026-03-28
7088,27,660,export,2026-03-17
7089,27,686,report_created,2026-04-08
7090,27,667,login,2026-04-05
7091,27,694,integration_used,2026-04-10
7092,27,677,export,2026-03-20
7093,27,688,dashboard_view,2026-04-04
7094,27,660,dashboard_view,2026-04-08
7095,27,696,dashboard_view,2026-03-26
7096,27,680,dashboard_view,2026-03-29
7097,27,676,dashboard_view,2026-04-05
7098,27,679,login,2026-03-18
7099,27,652,integration_used,2026-04-09
7100,27,674,export,2026-04-12
7101,27,701,dashboard_view,2026-03-17
7102,27,703,integration_used,2026-03-15
7103,27,656,integration_used,2026-04-07
7104,27,698,login,2026-03-27
7105,27,688,integration_used,2026-03-25
7106,27,653,login,2026-05-08
7107,27,645,login,2026-04-16
7108,27,643,dashboard_view,2026-05-07
7109,27,654,login,2026-04-14
7110,27,644,integration_used,2026-05-10
7111,27,667,export,2026-04-28
7112,27,667,login,2026-05-09
7113,27,701,integration_used,2026-05-12
7114,27,696,integration_used,2026-04-22
7115,27,685,integration_used,2026-04-15
7116,27,701,export,2026-04-17
7117,27,688,login,2026-04-30
7118,27,643,login,2026-04-25
7119,27,695,dashboard_view,2026-05-03
7120,27,666,login,2026-04-30
7121,27,661,dashboard_view,2026-05-11
7122,27,700,report_created,2026-04-25
7123,27,702,dashboard_view,2026-05-02
7124,27,684,integration_used,2026-05-10
7125,27,675,login,2026-04-18
7126,27,693,report_created,2026-04-27
7127,27,669,integration_used,2026-04-17
7128,27,684,dashboard_view,2026-05-08
7129,27,663,export,2026-05-03
7130,27,698,report_created,2026-04-24
7131,27,696,login,2026-04-21
7132,27,645,dashboard_view,2026-05-12
7133,27,689,login,2026-04-18
7134,27,672,export,2026-04-16
7135,27,701,login,2026-05-07
7136,27,666,report_created,2026-04-16
7137,27,703,integration_used,2026-05-02
7138,27,667,login,2026-04-28
7139,27,664,login,2026-05-12
7140,27,670,export,2026-04-29
7141,27,670,login,2026-05-04
7142,27,647,export,2026-05-12
7143,27,701,report_created,2026-05-01
7144,27,698,login,2026-05-10
7145,27,688,dashboard_view,2026-04-16
7146,27,661,export,2026-05-12
7147,27,649,integration_used,2026-05-30
7148,27,695,integration_used,2026-05-13
7149,27,660,integration_used,2026-05-18
7150,27,673,integration_used,2026-06-10
7151,27,682,report_created,2026-06-11
7152,27,692,dashboard_view,2026-05-25
7153,27,670,integration_used,2026-05-29
7154,27,655,integration_used,2026-06-02
7155,27,652,integration_used,2026-05-30
7156,27,689,integration_used,2026-05-24
7157,27,682,dashboard_view,2026-05-30
7158,27,667,export,2026-05-23
7159,27,693,integration_used,2026-06-11
7160,27,657,export,2026-05-25
7161,27,678,integration_used,2026-05-25
7162,27,700,integration_used,2026-05-22
7163,27,650,integration_used,2026-05-27
7164,27,686,export,2026-05-21
7165,27,693,login,2026-05-23
7166,27,666,report_created,2026-06-11
7167,27,694,export,2026-05-24
7168,27,654,export,2026-05-31
7169,27,697,integration_used,2026-06-09
7170,27,672,export,2026-05-14
7171,27,644,integration_used,2026-05-20
7172,27,658,login,2026-06-07
7173,27,703,dashboard_view,2026-06-09
7174,27,670,report_created,2026-05-14
7175,27,672,integration_used,2026-05-15
7176,27,679,dashboard_view,2026-05-25
7177,27,667,report_created,2026-06-11
7178,27,648,login,2026-05-25
7179,27,691,integration_used,2026-05-14
7180,27,666,dashboard_view,2026-05-13
7181,27,703,export,2026-06-09
7182,27,666,integration_used,2026-06-01
7183,27,663,export,2026-06-08
7184,27,674,report_created,2026-05-28
7185,27,688,dashboard_view,2026-06-09
7186,27,674,export,2026-06-02
7187,27,693,login,2026-07-09
7188,27,677,integration_used,2026-06-20
7189,27,652,login,2026-07-03
7190,27,681,integration_used,2026-06-19
7191,27,668,export,2026-07-07
7192,27,660,dashboard_view,2026-07-06
7193,27,652,export,2026-06-22
7194,27,664,integration_used,2026-06-25
7195,27,647,login,2026-06-27
7196,27,694,report_created,2026-06-19
7197,27,689,report_created,2026-06-18
7198,27,660,dashboard_view,2026-06-12
7199,27,649,integration_used,2026-06-15
7200,27,665,report_created,2026-06-20
7201,27,666,login,2026-06-26
7202,27,663,integration_used,2026-06-28
7203,27,651,integration_used,2026-07-11
7204,27,652,report_created,2026-07-07
7205,27,674,login,2026-06-15
7206,27,688,login,2026-06-23
7207,27,703,login,2026-06-18
7208,27,647,export,2026-06-21
7209,27,657,report_created,2026-06-12
7210,27,669,login,2026-07-03
7211,27,672,dashboard_view,2026-07-06
7212,27,695,report_created,2026-07-07
7213,27,697,export,2026-06-14
7214,27,654,dashboard_view,2026-06-25
7215,27,701,integration_used,2026-06-24
7216,27,663,report_created,2026-06-13
7217,27,646,export,2026-08-08
7218,27,676,integration_used,2026-07-21
7219,27,654,report_created,2026-08-05
7220,27,688,dashboard_view,2026-07-27
7221,27,648,export,2026-08-06
7222,27,647,integration_used,2026-07-29
7223,27,702,report_created,2026-07-12
7224,27,643,login,2026-07-26
7225,27,646,report_created,2026-07-16
7226,27,703,login,2026-07-24
7227,27,648,integration_used,2026-08-07
7228,27,666,integration_used,2026-08-10
7229,27,654,export,2026-07-14
7230,27,699,login,2026-07-16
7231,27,695,login,2026-07-20
7232,27,663,export,2026-08-05
7233,27,648,login,2026-07-18
7234,27,690,dashboard_view,2026-07-30
7235,27,703,export,2026-07-15
7236,27,646,integration_used,2026-07-15
7237,28,730,login,2026-03-12
7238,28,764,export,2026-03-11
7239,28,745,login,2026-02-20
7240,28,705,report_created,2026-02-26
7241,28,716,integration_used,2026-02-13
7242,28,744,report_created,2026-02-24
7243,28,742,dashboard_view,2026-03-06
7244,28,771,export,2026-02-27
7245,28,732,export,2026-02-14
7246,28,749,integration_used,2026-03-09
7247,28,737,export,2026-03-05
7248,28,719,login,2026-02-28
7249,28,770,dashboard_view,2026-02-12
7250,28,765,report_created,2026-03-07
7251,28,715,login,2026-03-07
7252,28,709,report_created,2026-03-05
7253,28,710,report_created,2026-03-09
7254,28,756,dashboard_view,2026-03-06
7255,28,713,report_created,2026-02-27
7256,28,732,report_created,2026-02-13
7257,28,761,integration_used,2026-03-05
7258,28,735,dashboard_view,2026-03-03
7259,28,758,login,2026-02-25
7260,28,756,report_created,2026-02-14
7261,28,760,export,2026-03-12
7262,28,762,integration_used,2026-03-07
7263,28,733,report_created,2026-02-19
7264,28,743,integration_used,2026-02-12
7265,28,769,integration_used,2026-03-07
7266,28,743,report_created,2026-03-08
7267,28,734,report_created,2026-03-01
7268,28,756,dashboard_view,2026-02-12
7269,28,711,report_created,2026-03-03
7270,28,711,export,2026-02-27
7271,28,740,login,2026-02-19
7272,28,755,export,2026-03-02
7273,28,747,login,2026-03-02
7274,28,751,dashboard_view,2026-03-01
7275,28,731,dashboard_view,2026-02-23
7276,28,709,report_created,2026-03-26
7277,28,746,login,2026-04-09
7278,28,768,report_created,2026-03-23
7279,28,708,integration_used,2026-03-22
7280,28,718,dashboard_view,2026-03-15
7281,28,717,login,2026-04-10
7282,28,764,integration_used,2026-03-19
7283,28,754,integration_used,2026-04-09
7284,28,707,report_created,2026-04-08
7285,28,742,export,2026-03-21
7286,28,754,dashboard_view,2026-04-11
7287,28,726,login,2026-03-23
7288,28,756,integration_used,2026-03-21
7289,28,752,dashboard_view,2026-03-14
7290,28,745,report_created,2026-03-17
7291,28,715,dashboard_view,2026-03-22
7292,28,705,login,2026-03-15
7293,28,722,export,2026-04-07
7294,28,745,integration_used,2026-03-18
7295,28,750,login,2026-03-16
7296,28,706,export,2026-04-07
7297,28,711,report_created,2026-04-10
7298,28,719,dashboard_view,2026-04-02
7299,28,728,report_created,2026-03-14
7300,28,738,integration_used,2026-03-29
7301,28,748,export,2026-04-11
7302,28,741,export,2026-04-11
7303,28,717,export,2026-03-19
7304,28,729,dashboard_view,2026-03-16
7305,28,764,integration_used,2026-03-24
7306,28,711,report_created,2026-03-14
7307,28,751,login,2026-03-23
7308,28,734,login,2026-03-22
7309,28,711,export,2026-04-12
7310,28,741,integration_used,2026-03-22
7311,28,743,login,2026-04-18
7312,28,731,integration_used,2026-04-20
7313,28,720,report_created,2026-05-12
7314,28,749,login,2026-05-08
7315,28,732,login,2026-04-29
7316,28,769,report_created,2026-04-23
7317,28,713,integration_used,2026-05-10
7318,28,743,integration_used,2026-04-22
7319,28,717,report_created,2026-05-05
7320,28,727,report_created,2026-04-25
7321,28,749,dashboard_view,2026-04-18
7322,28,752,integration_used,2026-04-21
7323,28,748,login,2026-05-08
7324,28,751,login,2026-04-30
7325,28,709,export,2026-05-11
7326,28,767,integration_used,2026-04-24
7327,28,706,login,2026-04-22
7328,28,755,export,2026-04-24
7329,28,712,integration_used,2026-05-10
7330,28,754,export,2026-04-20
7331,28,766,login,2026-05-04
7332,28,735,integration_used,2026-04-27
7333,28,739,dashboard_view,2026-04-20
7334,28,732,dashboard_view,2026-04-21
7335,28,741,integration_used,2026-05-03
7336,28,752,dashboard_view,2026-04-15
7337,28,707,export,2026-05-12
7338,28,767,export,2026-04-28
7339,28,725,report_created,2026-05-02
7340,28,706,dashboard_view,2026-05-06
7341,28,749,login,2026-04-16
7342,28,714,dashboard_view,2026-04-27
7343,28,753,report_created,2026-05-02
7344,28,721,export,2026-04-14
7345,28,728,login,2026-05-03
7346,28,763,report_created,2026-04-25
7347,28,728,login,2026-04-24
7348,28,728,integration_used,2026-04-21
7349,28,724,dashboard_view,2026-05-05
7350,28,744,login,2026-05-02
7351,28,713,login,2026-05-12
7352,28,710,export,2026-04-22
7353,28,710,dashboard_view,2026-05-01
7354,28,705,integration_used,2026-04-22
7355,28,757,report_created,2026-04-26
7356,28,736,dashboard_view,2026-05-12
7357,28,716,export,2026-05-30
7358,28,761,dashboard_view,2026-06-04
7359,28,705,report_created,2026-06-02
7360,28,763,integration_used,2026-06-01
7361,28,762,integration_used,2026-06-01
7362,28,728,dashboard_view,2026-06-09
7363,28,759,dashboard_view,2026-06-02
7364,28,755,dashboard_view,2026-06-10
7365,28,735,dashboard_view,2026-05-29
7366,28,706,dashboard_view,2026-05-14
7367,28,763,report_created,2026-05-31
7368,28,771,login,2026-06-06
7369,28,737,export,2026-05-28
7370,28,708,integration_used,2026-05-20
7371,28,721,export,2026-06-11
7372,28,719,report_created,2026-06-09
7373,28,725,integration_used,2026-06-04
7374,28,705,dashboard_view,2026-06-06
7375,28,760,dashboard_view,2026-05-20
7376,28,717,integration_used,2026-05-22
7377,28,726,report_created,2026-06-09
7378,28,772,login,2026-05-17
7379,28,771,export,2026-05-24
7380,28,705,report_created,2026-05-21
7381,28,717,login,2026-05-29
7382,28,719,export,2026-05-26
7383,28,732,report_created,2026-05-25
7384,28,747,integration_used,2026-05-25
7385,28,715,integration_used,2026-05-19
7386,28,745,export,2026-05-24
7387,28,765,login,2026-06-06
7388,28,753,integration_used,2026-05-25
7389,28,710,login,2026-05-20
7390,28,748,dashboard_view,2026-05-13
7391,28,766,integration_used,2026-05-25
7392,28,732,integration_used,2026-06-09
7393,28,753,dashboard_view,2026-05-23
7394,28,770,integration_used,2026-05-13
7395,28,766,dashboard_view,2026-05-14
7396,28,770,report_created,2026-06-03
7397,28,744,login,2026-05-15
7398,28,717,dashboard_view,2026-05-26
7399,28,726,export,2026-05-19
7400,28,705,dashboard_view,2026-07-10
7401,28,732,report_created,2026-06-22
7402,28,721,dashboard_view,2026-06-21
7403,28,722,dashboard_view,2026-06-20
7404,28,712,login,2026-07-03
7405,28,740,export,2026-07-03
7406,28,740,dashboard_view,2026-06-21
7407,28,721,integration_used,2026-06-12
7408,28,719,export,2026-07-09
7409,28,751,integration_used,2026-06-23
7410,28,730,login,2026-06-19
7411,28,721,login,2026-06-18
7412,28,721,dashboard_view,2026-07-10
7413,28,711,dashboard_view,2026-07-03
7414,28,733,dashboard_view,2026-06-14
7415,28,721,export,2026-06-19
7416,28,768,dashboard_view,2026-06-30
7417,28,718,report_created,2026-07-04
7418,28,729,dashboard_view,2026-07-10
7419,28,769,export,2026-07-09
7420,28,747,login,2026-06-13
7421,28,757,export,2026-07-03
7422,28,730,login,2026-07-11
7423,28,749,integration_used,2026-06-19
7424,28,734,export,2026-06-12
7425,28,763,report_created,2026-06-27
7426,28,755,integration_used,2026-06-13
7427,28,717,integration_used,2026-06-22
7428,28,733,login,2026-07-07
7429,28,707,dashboard_view,2026-06-21
7430,28,716,login,2026-06-28
7431,28,765,export,2026-07-02
7432,28,710,dashboard_view,2026-06-14
7433,28,772,login,2026-07-05
7434,28,708,dashboard_view,2026-07-03
7435,28,740,integration_used,2026-07-09
7436,28,754,dashboard_view,2026-06-29
7437,28,724,login,2026-06-23
7438,28,730,export,2026-07-08
7439,28,767,integration_used,2026-07-11
7440,28,712,export,2026-06-30
7441,28,752,export,2026-06-15
7442,28,755,login,2026-06-27
7443,28,754,export,2026-07-04
7444,28,724,integration_used,2026-07-09
7445,28,770,export,2026-06-16
7446,28,751,login,2026-06-30
7447,28,743,report_created,2026-06-23
7448,28,737,login,2026-07-02
7449,28,761,export,2026-06-28
7450,28,744,dashboard_view,2026-07-22
7451,28,733,export,2026-07-23
7452,28,749,report_created,2026-08-10
7453,28,753,export,2026-08-05
7454,28,729,dashboard_view,2026-08-06
7455,28,754,export,2026-08-06
7456,28,720,report_created,2026-08-08
7457,28,723,dashboard_view,2026-08-02
7458,28,757,dashboard_view,2026-07-20
7459,28,748,integration_used,2026-07-21
7460,28,746,dashboard_view,2026-08-02
7461,28,717,integration_used,2026-07-20
7462,28,770,login,2026-07-21
7463,28,768,integration_used,2026-07-22
7464,28,717,integration_used,2026-07-18
7465,28,757,dashboard_view,2026-08-06
7466,28,744,login,2026-07-12
7467,28,753,dashboard_view,2026-08-02
7468,28,730,report_created,2026-07-24
7469,28,735,dashboard_view,2026-07-13
7470,28,741,dashboard_view,2026-07-27
7471,28,751,login,2026-07-20
7472,28,751,dashboard_view,2026-07-24
7473,28,733,report_created,2026-08-03
7474,28,730,login,2026-07-15
7475,28,735,login,2026-08-08
7476,28,751,integration_used,2026-07-14
7477,28,768,login,2026-07-29
7478,28,752,report_created,2026-07-18
7479,28,752,export,2026-07-14
7480,28,754,integration_used,2026-07-12
7481,28,739,report_created,2026-07-26
7482,28,763,integration_used,2026-07-29
7483,28,739,report_created,2026-07-18
7484,28,730,dashboard_view,2026-07-30
7485,28,760,integration_used,2026-07-30
7486,28,765,report_created,2026-07-14
7487,28,755,integration_used,2026-07-29
7488,28,769,login,2026-07-29
7489,28,760,report_created,2026-08-04
7490,28,721,dashboard_view,2026-08-08
7491,28,748,report_created,2026-08-01
7492,28,707,login,2026-07-24
7493,28,747,integration_used,2026-07-12
7494,28,744,login,2026-07-25
7495,28,748,export,2026-08-05
7496,28,723,report_created,2026-07-31
7497,28,753,report_created,2026-07-29
7498,28,762,login,2026-08-05
7499,28,735,export,2026-08-10
7500,28,740,dashboard_view,2026-08-06
7501,29,777,report_created,2026-03-10
7502,29,774,login,2026-03-01
7503,29,775,report_created,2026-03-12
7504,29,777,dashboard_view,2026-02-23
7505,29,774,dashboard_view,2026-02-16
7506,29,776,login,2026-02-15
7507,29,775,report_created,2026-02-17
7508,29,775,login,2026-03-07
7509,29,776,export,2026-02-23
7510,29,774,export,2026-02-20
7511,29,774,login,2026-03-10
7512,29,773,login,2026-02-24
7513,29,776,report_created,2026-02-25
7514,29,774,login,2026-03-09
7515,29,773,integration_used,2026-03-02
7516,29,776,integration_used,2026-03-11
7517,29,775,dashboard_view,2026-03-03
7518,29,774,report_created,2026-03-02
7519,29,774,integration_used,2026-02-28
7520,29,776,report_created,2026-03-05
7521,29,776,login,2026-03-12
7522,29,776,dashboard_view,2026-03-07
7523,29,773,integration_used,2026-02-19
7524,29,776,report_created,2026-02-16
7525,29,774,export,2026-03-06
7526,29,776,dashboard_view,2026-02-27
7527,29,777,export,2026-02-28
7528,29,775,dashboard_view,2026-02-28
7529,29,774,login,2026-02-27
7530,29,773,login,2026-03-05
7531,29,773,report_created,2026-02-12
7532,29,774,export,2026-02-15
7533,29,777,login,2026-03-11
7534,29,775,integration_used,2026-03-03
7535,29,773,login,2026-03-12
7536,29,774,dashboard_view,2026-02-26
7537,29,774,report_created,2026-03-11
7538,29,774,export,2026-03-03
7539,29,774,export,2026-03-10
7540,29,773,report_created,2026-02-22
7541,29,774,login,2026-02-23
7542,29,774,export,2026-02-17
7543,29,777,login,2026-02-16
7544,29,776,login,2026-03-08
7545,29,774,dashboard_view,2026-03-10
7546,29,776,report_created,2026-02-22
7547,29,774,export,2026-03-27
7548,29,774,login,2026-03-14
7549,29,777,dashboard_view,2026-03-23
7550,29,777,export,2026-03-20
7551,29,774,dashboard_view,2026-04-01
7552,29,775,report_created,2026-03-24
7553,29,774,dashboard_view,2026-03-14
7554,29,774,dashboard_view,2026-04-07
7555,29,776,integration_used,2026-04-05
7556,29,774,integration_used,2026-03-15
7557,29,777,dashboard_view,2026-03-24
7558,29,773,report_created,2026-04-03
7559,29,776,dashboard_view,2026-03-21
7560,29,775,dashboard_view,2026-04-05
7561,29,774,export,2026-03-30
7562,29,773,report_created,2026-03-27
7563,29,773,export,2026-03-28
7564,29,773,login,2026-03-14
7565,29,777,login,2026-03-29
7566,29,777,export,2026-04-07
7567,29,777,login,2026-03-28
7568,29,777,dashboard_view,2026-03-18
7569,29,774,login,2026-03-31
7570,29,773,export,2026-04-12
7571,29,773,export,2026-04-08
7572,29,773,integration_used,2026-04-01
7573,29,774,integration_used,2026-03-15
7574,29,777,dashboard_view,2026-03-23
7575,29,773,export,2026-03-16
7576,29,776,report_created,2026-03-14
7577,29,777,report_created,2026-03-16
7578,29,776,dashboard_view,2026-03-28
7579,29,775,report_created,2026-03-29
7580,29,774,dashboard_view,2026-04-08
7581,29,774,dashboard_view,2026-03-21
7582,29,774,integration_used,2026-04-07
7583,29,773,login,2026-03-23
7584,29,777,report_created,2026-04-03
7585,29,774,integration_used,2026-04-01
7586,29,777,dashboard_view,2026-04-08
7587,29,774,report_created,2026-03-20
7588,29,776,export,2026-04-11
7589,29,774,integration_used,2026-03-17
7590,29,775,report_created,2026-04-06
7591,29,773,export,2026-03-15
7592,29,774,export,2026-03-17
7593,29,773,login,2026-04-15
7594,29,777,report_created,2026-05-11
7595,29,776,export,2026-04-21
7596,29,775,dashboard_view,2026-05-09
7597,29,773,report_created,2026-04-27
7598,29,774,integration_used,2026-04-15
7599,29,775,login,2026-04-18
7600,29,777,dashboard_view,2026-05-02
7601,29,773,login,2026-04-14
7602,29,774,export,2026-04-18
7603,29,774,login,2026-04-30
7604,29,777,report_created,2026-04-17
7605,29,776,integration_used,2026-05-05
7606,29,776,report_created,2026-04-21
7607,29,776,report_created,2026-05-10
7608,29,775,export,2026-04-17
7609,29,773,report_created,2026-05-01
7610,29,775,login,2026-04-24
7611,29,774,login,2026-04-13
7612,29,775,export,2026-05-10
7613,29,775,login,2026-05-10
7614,29,777,report_created,2026-04-18
7615,29,775,report_created,2026-04-29
7616,29,773,login,2026-04-24
7617,29,777,export,2026-04-19
7618,29,777,integration_used,2026-05-06
7619,29,775,integration_used,2026-04-28
7620,29,776,dashboard_view,2026-05-01
7621,29,773,login,2026-04-27
7622,29,774,report_created,2026-05-12
7623,29,774,dashboard_view,2026-04-29
7624,29,773,integration_used,2026-05-10
7625,29,776,dashboard_view,2026-05-09
7626,29,773,report_created,2026-05-08
7627,29,773,integration_used,2026-05-06
7628,29,774,export,2026-04-18
7629,29,777,export,2026-04-30
7630,29,777,export,2026-04-24
7631,29,776,integration_used,2026-05-11
7632,29,777,dashboard_view,2026-04-27
7633,29,773,export,2026-05-07
7634,29,776,export,2026-04-14
7635,29,774,integration_used,2026-05-10
7636,29,774,export,2026-05-08
7637,29,776,login,2026-04-21
7638,29,776,integration_used,2026-05-02
7639,29,777,integration_used,2026-04-25
7640,29,777,report_created,2026-05-29
7641,29,774,dashboard_view,2026-05-16
7642,29,777,report_created,2026-05-14
7643,29,774,integration_used,2026-06-08
7644,29,773,export,2026-05-22
7645,29,775,dashboard_view,2026-06-02
7646,29,773,integration_used,2026-05-26
7647,29,775,dashboard_view,2026-06-06
7648,29,773,login,2026-06-07
7649,29,774,integration_used,2026-06-08
7650,29,773,login,2026-05-31
7651,29,775,export,2026-05-27
7652,29,775,integration_used,2026-06-02
7653,29,776,report_created,2026-05-17
7654,29,776,login,2026-06-11
7655,29,773,export,2026-06-07
7656,29,777,export,2026-05-28
7657,29,775,integration_used,2026-06-02
7658,29,776,export,2026-05-27
7659,29,775,export,2026-05-24
7660,29,777,report_created,2026-05-28
7661,29,773,dashboard_view,2026-05-29
7662,29,776,report_created,2026-05-14
7663,29,776,login,2026-05-20
7664,29,775,report_created,2026-05-15
7665,29,773,export,2026-06-11
7666,29,774,report_created,2026-05-31
7667,29,774,dashboard_view,2026-05-27
7668,29,773,export,2026-05-24
7669,29,775,export,2026-05-24
7670,29,777,export,2026-06-06
7671,29,776,login,2026-06-09
7672,29,777,report_created,2026-05-22
7673,29,774,export,2026-05-24
7674,29,774,dashboard_view,2026-06-01
7675,29,773,report_created,2026-05-20
7676,29,777,login,2026-05-28
7677,29,774,report_created,2026-05-31
7678,29,773,integration_used,2026-06-06
7679,29,774,export,2026-05-28
7680,29,774,report_created,2026-05-29
7681,29,774,report_created,2026-06-09
7682,29,777,integration_used,2026-06-02
7683,29,777,integration_used,2026-05-15
7684,29,777,report_created,2026-05-18
7685,29,777,report_created,2026-05-30
7686,29,775,export,2026-05-29
7687,29,774,report_created,2026-06-02
7688,29,775,report_created,2026-05-15
7689,29,774,report_created,2026-06-02
7690,29,773,report_created,2026-05-17
7691,29,777,export,2026-06-08
7692,29,777,integration_used,2026-05-13
7693,29,777,integration_used,2026-06-04
7694,29,774,report_created,2026-05-16
7695,29,777,report_created,2026-06-27
7696,29,774,report_created,2026-06-23
7697,29,776,login,2026-07-03
7698,29,777,integration_used,2026-06-17
7699,29,774,dashboard_view,2026-07-07
7700,29,773,report_created,2026-06-23
7701,29,777,dashboard_view,2026-06-28
7702,29,777,export,2026-06-18
7703,29,774,integration_used,2026-06-23
7704,29,777,report_created,2026-06-23
7705,29,773,dashboard_view,2026-07-04
7706,29,773,integration_used,2026-07-11
7707,29,776,login,2026-07-07
7708,29,774,export,2026-07-08
7709,29,773,report_created,2026-06-26
7710,29,775,integration_used,2026-06-13
7711,29,775,report_created,2026-07-05
7712,29,776,report_created,2026-06-30
7713,29,776,integration_used,2026-06-16
7714,29,774,dashboard_view,2026-06-14
7715,29,773,login,2026-07-04
7716,29,773,report_created,2026-07-02
7717,29,777,report_created,2026-06-28
7718,29,776,login,2026-06-12
7719,29,774,integration_used,2026-06-18
7720,29,774,login,2026-06-23
7721,29,773,report_created,2026-07-07
7722,29,773,login,2026-07-07
7723,29,774,export,2026-06-18
7724,29,775,export,2026-06-14
7725,29,775,integration_used,2026-06-25
7726,29,776,report_created,2026-07-05
7727,29,777,export,2026-07-01
7728,29,773,export,2026-06-24
7729,29,773,integration_used,2026-06-12
7730,29,777,login,2026-07-05
7731,29,775,report_created,2026-06-19
7732,29,777,dashboard_view,2026-07-02
7733,29,775,report_created,2026-06-19
7734,29,776,dashboard_view,2026-06-29
7735,29,773,dashboard_view,2026-07-09
7736,29,777,report_created,2026-06-24
7737,29,773,dashboard_view,2026-06-13
7738,29,775,dashboard_view,2026-06-13
7739,29,774,export,2026-06-15
7740,29,774,dashboard_view,2026-06-12
7741,29,773,dashboard_view,2026-06-14
7742,29,774,export,2026-07-02
7743,29,775,report_created,2026-07-06
7744,29,776,login,2026-07-05
7745,29,773,dashboard_view,2026-07-02
7746,29,776,integration_used,2026-06-19
7747,29,776,export,2026-06-25
7748,29,773,report_created,2026-07-24
7749,29,774,report_created,2026-07-23
7750,29,776,integration_used,2026-07-17
7751,29,773,login,2026-08-06
7752,29,776,report_created,2026-07-27
7753,29,773,report_created,2026-07-27
7754,29,774,report_created,2026-08-09
7755,29,774,report_created,2026-07-15
7756,29,773,dashboard_view,2026-08-06
7757,29,777,report_created,2026-07-16
7758,29,773,dashboard_view,2026-08-05
7759,29,777,report_created,2026-07-22
7760,29,776,report_created,2026-07-29
7761,29,774,report_created,2026-07-27
7762,29,774,dashboard_view,2026-08-04
7763,29,774,dashboard_view,2026-07-25
7764,29,777,dashboard_view,2026-07-16
7765,29,773,login,2026-08-06
7766,29,774,export,2026-07-31
7767,29,777,dashboard_view,2026-08-07
7768,29,774,login,2026-07-13
7769,29,774,dashboard_view,2026-08-10
7770,29,774,export,2026-08-02
7771,29,776,login,2026-07-27
7772,29,773,export,2026-07-20
7773,29,776,login,2026-07-30
7774,29,776,export,2026-07-14
7775,29,774,export,2026-07-17
7776,29,777,report_created,2026-07-22
7777,29,775,login,2026-08-03
7778,29,774,report_created,2026-08-02
7779,29,774,login,2026-08-09
7780,29,774,dashboard_view,2026-07-12
7781,29,777,report_created,2026-07-24
7782,29,776,dashboard_view,2026-08-05
7783,29,773,report_created,2026-08-04
7784,29,774,dashboard_view,2026-08-09
7785,29,777,export,2026-08-01
7786,29,773,integration_used,2026-07-16
7787,29,773,export,2026-08-08
7788,29,774,dashboard_view,2026-08-05
7789,29,775,report_created,2026-08-09
7790,29,773,export,2026-07-27
7791,29,775,integration_used,2026-07-20
7792,29,776,login,2026-07-18
7793,30,793,report_created,2026-03-03
7794,30,791,integration_used,2026-03-10
7795,30,783,report_created,2026-02-12
7796,30,779,report_created,2026-03-01
7797,30,785,export,2026-02-24
7798,30,782,export,2026-02-16
7799,30,782,integration_used,2026-03-03
7800,30,780,dashboard_view,2026-03-08
7801,30,788,login,2026-02-22
7802,30,788,export,2026-03-01
7803,30,787,report_created,2026-02-19
7804,30,794,dashboard_view,2026-02-18
7805,30,785,dashboard_view,2026-02-26
7806,30,784,integration_used,2026-02-27
7807,30,780,dashboard_view,2026-02-16
7808,30,781,login,2026-03-09
7809,30,780,login,2026-03-12
7810,30,794,integration_used,2026-02-27
7811,30,779,report_created,2026-03-06
7812,30,791,integration_used,2026-02-16
7813,30,779,login,2026-02-20
7814,30,792,login,2026-02-14
7815,30,793,login,2026-03-04
7816,30,785,dashboard_view,2026-02-22
7817,30,789,integration_used,2026-03-10
7818,30,786,report_created,2026-02-19
7819,30,783,report_created,2026-02-22
7820,30,781,login,2026-02-26
7821,30,783,dashboard_view,2026-03-08
7822,30,793,report_created,2026-03-01
7823,30,785,integration_used,2026-03-06
7824,30,792,dashboard_view,2026-03-08
7825,30,778,report_created,2026-03-02
7826,30,782,login,2026-03-09
7827,30,790,export,2026-03-08
7828,30,788,report_created,2026-02-20
7829,30,790,dashboard_view,2026-02-14
7830,30,784,login,2026-02-18
7831,30,784,report_created,2026-03-07
7832,30,787,export,2026-03-04
7833,30,778,integration_used,2026-03-04
7834,30,794,integration_used,2026-02-26
7835,30,788,report_created,2026-03-13
7836,30,792,dashboard_view,2026-03-13
7837,30,778,report_created,2026-02-14
7838,30,790,integration_used,2026-02-17
7839,30,789,integration_used,2026-03-11
7840,30,788,export,2026-03-07
7841,30,793,integration_used,2026-03-05
7842,30,783,export,2026-03-01
7843,30,783,integration_used,2026-03-15
7844,30,788,dashboard_view,2026-03-30
7845,30,786,export,2026-04-07
7846,30,793,report_created,2026-03-28
7847,30,783,report_created,2026-04-07
7848,30,782,export,2026-04-12
7849,30,780,export,2026-03-15
7850,30,789,login,2026-03-26
7851,30,782,integration_used,2026-03-18
7852,30,782,report_created,2026-04-12
7853,30,783,integration_used,2026-04-08
7854,30,787,login,2026-04-09
7855,30,788,export,2026-03-14
7856,30,784,dashboard_view,2026-04-11
7857,30,788,integration_used,2026-04-02
7858,30,790,export,2026-04-05
7859,30,785,dashboard_view,2026-03-29
7860,30,791,integration_used,2026-04-07
7861,30,787,dashboard_view,2026-03-22
7862,30,779,export,2026-03-30
7863,30,780,report_created,2026-04-02
7864,30,794,integration_used,2026-04-12
7865,30,788,dashboard_view,2026-04-09
7866,30,784,login,2026-03-20
7867,30,785,integration_used,2026-03-23
7868,30,779,report_created,2026-04-11
7869,30,785,dashboard_view,2026-03-21
7870,30,780,login,2026-03-17
7871,30,783,dashboard_view,2026-03-16
7872,30,781,dashboard_view,2026-03-17
7873,30,780,report_created,2026-04-01
7874,30,794,login,2026-03-22
7875,30,789,dashboard_view,2026-03-26
7876,30,791,export,2026-03-26
7877,30,793,report_created,2026-03-31
7878,30,778,integration_used,2026-04-09
7879,30,781,report_created,2026-03-27
7880,30,786,integration_used,2026-03-26
7881,30,779,report_created,2026-03-31
7882,30,787,dashboard_view,2026-03-19
7883,30,778,export,2026-04-11
7884,30,794,export,2026-04-13
7885,30,792,integration_used,2026-04-22
7886,30,793,report_created,2026-05-05
7887,30,794,export,2026-05-02
7888,30,790,export,2026-05-03
7889,30,787,login,2026-04-18
7890,30,791,dashboard_view,2026-04-19
7891,30,784,dashboard_view,2026-05-03
7892,30,781,dashboard_view,2026-04-23
7893,30,791,dashboard_view,2026-04-17
7894,30,783,dashboard_view,2026-05-10
7895,30,783,report_created,2026-05-12
7896,30,780,report_created,2026-05-11
7897,30,783,report_created,2026-04-23
7898,30,784,login,2026-04-17
7899,30,787,export,2026-04-19
7900,30,794,integration_used,2026-04-13
7901,30,781,export,2026-05-10
7902,30,792,export,2026-05-08
7903,30,786,integration_used,2026-04-24
7904,30,781,dashboard_view,2026-04-22
7905,30,794,dashboard_view,2026-04-20
7906,30,781,integration_used,2026-04-19
7907,30,778,dashboard_view,2026-05-11
7908,30,791,export,2026-04-29
7909,30,778,dashboard_view,2026-04-19
7910,30,778,login,2026-05-11
7911,30,789,dashboard_view,2026-04-13
7912,30,783,report_created,2026-04-25
7913,30,784,export,2026-04-25
7914,30,784,login,2026-04-15
7915,30,778,login,2026-05-02
7916,30,788,dashboard_view,2026-04-17
7917,30,786,integration_used,2026-05-05
7918,30,785,login,2026-04-25
7919,30,789,dashboard_view,2026-04-25
7920,30,791,integration_used,2026-04-16
7921,30,783,integration_used,2026-04-21
7922,30,779,export,2026-05-11
7923,30,790,export,2026-04-25
7924,30,783,export,2026-04-16
7925,30,791,dashboard_view,2026-04-13
7926,30,785,integration_used,2026-05-07
7927,30,784,integration_used,2026-04-14
7928,30,790,dashboard_view,2026-04-21
7929,30,793,login,2026-05-29
7930,30,794,login,2026-06-01
7931,30,790,export,2026-06-06
7932,30,792,dashboard_view,2026-06-08
7933,30,791,report_created,2026-05-25
7934,30,781,login,2026-06-11
7935,30,784,integration_used,2026-06-07
7936,30,783,dashboard_view,2026-06-05
7937,30,782,integration_used,2026-06-08
7938,30,794,dashboard_view,2026-05-19
7939,30,789,dashboard_view,2026-05-14
7940,30,792,integration_used,2026-05-19
7941,30,780,export,2026-05-26
7942,30,788,login,2026-05-20
7943,30,790,export,2026-05-14
7944,30,793,login,2026-05-30
7945,30,779,report_created,2026-05-29
7946,30,783,integration_used,2026-06-11
7947,30,794,report_created,2026-06-08
7948,30,785,login,2026-05-18
7949,30,782,integration_used,2026-05-28
7950,30,792,login,2026-05-29
7951,30,792,integration_used,2026-05-13
7952,30,781,integration_used,2026-05-31
7953,30,791,integration_used,2026-05-24
7954,30,785,report_created,2026-05-25
7955,30,789,export,2026-05-21
7956,30,783,login,2026-05-19
7957,30,782,export,2026-05-20
7958,30,790,export,2026-05-31
7959,30,790,dashboard_view,2026-05-18
7960,30,789,login,2026-05-24
7961,30,782,export,2026-06-01
7962,30,784,integration_used,2026-06-02
7963,30,794,integration_used,2026-05-24
7964,30,783,report_created,2026-06-01
7965,30,785,report_created,2026-05-23
7966,30,791,login,2026-05-22
7967,30,792,report_created,2026-05-19
7968,30,782,integration_used,2026-05-24
7969,30,778,report_created,2026-05-28
7970,30,793,integration_used,2026-06-07
7971,30,791,integration_used,2026-05-29
7972,30,787,export,2026-06-09
7973,30,790,login,2026-05-27
7974,30,778,integration_used,2026-05-25
7975,30,787,export,2026-06-20
7976,30,786,report_created,2026-06-24
7977,30,787,report_created,2026-06-29
7978,30,780,dashboard_view,2026-06-25
7979,30,794,report_created,2026-06-14
7980,30,781,export,2026-06-28
7981,30,785,export,2026-07-02
7982,30,794,report_created,2026-06-21
7983,30,784,integration_used,2026-06-29
7984,30,781,report_created,2026-06-29
7985,30,778,report_created,2026-07-03
7986,30,788,integration_used,2026-07-11
7987,30,783,integration_used,2026-06-20
7988,30,790,login,2026-06-13
7989,30,788,login,2026-07-06
7990,30,779,export,2026-07-06
7991,30,782,login,2026-06-27
7992,30,790,report_created,2026-06-29
7993,30,779,integration_used,2026-07-11
7994,30,783,integration_used,2026-07-03
7995,30,786,integration_used,2026-06-30
7996,30,781,dashboard_view,2026-06-17
7997,30,778,integration_used,2026-06-24
7998,30,784,login,2026-06-14
7999,30,788,report_created,2026-06-26
8000,30,785,integration_used,2026-06-22
8001,30,793,login,2026-07-03
8002,30,789,dashboard_view,2026-06-28
8003,30,778,export,2026-07-07
8004,30,789,login,2026-06-12
8005,30,779,dashboard_view,2026-07-11
8006,30,779,report_created,2026-06-20
8007,30,790,export,2026-06-17
8008,30,781,integration_used,2026-06-23
8009,30,789,dashboard_view,2026-06-21
8010,30,778,report_created,2026-06-12
8011,30,790,login,2026-07-02
8012,30,786,integration_used,2026-06-17
8013,30,784,export,2026-06-15
8014,30,787,export,2026-06-28
8015,30,779,export,2026-06-25
8016,30,778,login,2026-06-21
8017,30,794,dashboard_view,2026-06-26
8018,30,791,login,2026-06-13
8019,30,778,dashboard_view,2026-07-08
8020,30,791,login,2026-06-30
8021,30,779,report_created,2026-07-04
8022,30,787,report_created,2026-07-02
8023,30,782,integration_used,2026-06-22
8024,30,779,export,2026-06-29
8025,30,786,report_created,2026-06-20
8026,30,791,export,2026-06-24
8027,30,789,report_created,2026-07-06
8028,30,779,dashboard_view,2026-06-29
8029,30,782,report_created,2026-07-08
8030,30,789,integration_used,2026-06-22
8031,30,791,export,2026-06-14
8032,30,782,export,2026-07-01
8033,30,783,dashboard_view,2026-07-06
8034,30,778,dashboard_view,2026-07-31
8035,30,784,report_created,2026-07-12
8036,30,792,login,2026-07-16
8037,30,786,report_created,2026-07-26
8038,30,793,export,2026-07-13
8039,30,787,report_created,2026-07-24
8040,30,788,integration_used,2026-07-30
8041,30,785,export,2026-07-22
8042,30,788,login,2026-08-05
8043,30,785,dashboard_view,2026-07-24
8044,30,788,export,2026-08-10
8045,30,780,report_created,2026-08-06
8046,30,788,report_created,2026-07-18
8047,30,784,dashboard_view,2026-08-07
8048,30,779,dashboard_view,2026-08-10
8049,30,790,dashboard_view,2026-08-06
8050,30,780,login,2026-07-12
8051,30,793,dashboard_view,2026-08-03
8052,30,792,dashboard_view,2026-07-26
8053,30,791,report_created,2026-07-17
8054,30,785,report_created,2026-07-22
8055,30,788,report_created,2026-07-19
8056,30,788,dashboard_view,2026-08-05
8057,30,787,report_created,2026-08-05
8058,30,782,report_created,2026-07-19
8059,30,781,login,2026-07-29
8060,30,794,export,2026-07-31
8061,30,789,login,2026-07-22
8062,30,792,login,2026-08-08
8063,30,788,login,2026-07-12
8064,30,794,login,2026-07-14
8065,30,789,integration_used,2026-08-01
8066,30,780,export,2026-08-02
8067,30,792,report_created,2026-08-01
8068,30,793,report_created,2026-08-03
8069,30,784,dashboard_view,2026-07-30
8070,30,787,integration_used,2026-07-27
8071,30,787,export,2026-08-07
8072,30,781,integration_used,2026-07-30
8073,30,787,integration_used,2026-07-19
8074,30,792,report_created,2026-08-04
8075,30,787,integration_used,2026-07-14
8076,30,784,report_created,2026-08-09
8077,30,785,integration_used,2026-07-26
8078,30,778,dashboard_view,2026-08-03
8079,30,781,dashboard_view,2026-07-25
8080,30,791,login,2026-08-08
8081,30,784,integration_used,2026-08-03
8082,31,806,login,2026-02-28
8083,31,827,integration_used,2026-02-26
8084,31,829,dashboard_view,2026-02-13
8085,31,846,integration_used,2026-02-12
8086,31,799,dashboard_view,2026-03-02
8087,31,825,export,2026-02-24
8088,31,807,report_created,2026-03-13
8089,31,847,export,2026-02-24
8090,31,806,login,2026-03-03
8091,31,815,login,2026-03-08
8092,31,823,report_created,2026-02-19
8093,31,821,dashboard_view,2026-03-03
8094,31,815,dashboard_view,2026-02-18
8095,31,825,integration_used,2026-02-16
8096,31,798,integration_used,2026-03-10
8097,31,831,login,2026-02-14
8098,31,817,export,2026-02-28
8099,31,807,report_created,2026-03-04
8100,31,819,login,2026-02-26
8101,31,842,export,2026-02-26
8102,31,842,dashboard_view,2026-03-01
8103,31,832,export,2026-02-16
8104,31,832,login,2026-02-12
8105,31,814,dashboard_view,2026-03-06
8106,31,847,dashboard_view,2026-03-01
8107,31,832,integration_used,2026-02-22
8108,31,811,export,2026-02-13
8109,31,835,export,2026-02-16
8110,31,811,report_created,2026-02-13
8111,31,798,integration_used,2026-02-22
8112,31,831,login,2026-02-23
8113,31,839,login,2026-03-12
8114,31,798,integration_used,2026-02-24
8115,31,830,export,2026-03-03
8116,31,809,login,2026-02-23
8117,31,829,dashboard_view,2026-02-13
8118,31,848,report_created,2026-02-12
8119,31,805,login,2026-03-10
8120,31,829,export,2026-02-22
8121,31,837,report_created,2026-02-25
8122,31,813,report_created,2026-03-08
8123,31,819,integration_used,2026-03-05
8124,31,844,report_created,2026-02-25
8125,31,834,integration_used,2026-02-17
8126,31,841,integration_used,2026-02-27
8127,31,818,dashboard_view,2026-02-27
8128,31,830,report_created,2026-02-12
8129,31,847,export,2026-02-17
8130,31,816,integration_used,2026-02-21
8131,31,817,integration_used,2026-02-17
8132,31,803,login,2026-02-25
8133,31,848,login,2026-02-23
8134,31,806,login,2026-03-09
8135,31,823,integration_used,2026-02-18
8136,31,824,integration_used,2026-02-18
8137,31,833,login,2026-02-20
8138,31,847,report_created,2026-03-09
8139,31,828,dashboard_view,2026-02-24
8140,31,835,export,2026-02-22
8141,31,800,login,2026-02-27
8142,31,816,integration_used,2026-02-17
8143,31,828,report_created,2026-03-04
8144,31,816,login,2026-02-16
8145,31,845,dashboard_view,2026-03-05
8146,31,822,dashboard_view,2026-02-26
8147,31,828,integration_used,2026-03-01
8148,31,801,dashboard_view,2026-03-11
8149,31,841,login,2026-03-07
8150,31,808,integration_used,2026-02-25
8151,31,816,export,2026-02-17
8152,31,829,login,2026-03-10
8153,31,831,integration_used,2026-03-06
8154,31,826,integration_used,2026-02-15
8155,31,800,report_created,2026-03-05
8156,31,831,login,2026-03-13
8157,31,842,integration_used,2026-02-16
8158,31,837,integration_used,2026-02-12
8159,31,835,dashboard_view,2026-02-14
8160,31,848,export,2026-03-10
8161,31,831,report_created,2026-04-11
8162,31,815,integration_used,2026-04-08
8163,31,822,export,2026-03-14
8164,31,832,dashboard_view,2026-04-06
8165,31,847,report_created,2026-03-18
8166,31,800,report_created,2026-03-23
8167,31,842,integration_used,2026-03-27
8168,31,843,export,2026-04-12
8169,31,842,report_created,2026-04-12
8170,31,807,export,2026-04-08
8171,31,796,login,2026-03-20
8172,31,802,dashboard_view,2026-03-25
8173,31,845,login,2026-03-25
8174,31,795,integration_used,2026-04-05
8175,31,803,integration_used,2026-03-16
8176,31,825,dashboard_view,2026-04-03
8177,31,836,report_created,2026-03-16
8178,31,817,dashboard_view,2026-04-09
8179,31,841,login,2026-03-30
8180,31,831,integration_used,2026-04-11
8181,31,815,integration_used,2026-03-17
8182,31,846,integration_used,2026-04-09
8183,31,840,login,2026-04-09
8184,31,813,login,2026-04-02
8185,31,803,dashboard_view,2026-04-03
8186,31,840,dashboard_view,2026-03-29
8187,31,820,report_created,2026-04-10
8188,31,839,integration_used,2026-03-18
8189,31,826,export,2026-04-06
8190,31,843,dashboard_view,2026-03-31
8191,31,823,dashboard_view,2026-04-10
8192,31,839,integration_used,2026-04-01
8193,31,841,export,2026-03-24
8194,31,831,dashboard_view,2026-04-05
8195,31,817,integration_used,2026-04-05
8196,31,798,login,2026-03-21
8197,31,835,integration_used,2026-04-02
8198,31,815,export,2026-03-16
8199,31,800,report_created,2026-04-01
8200,31,823,dashboard_view,2026-03-22
8201,31,800,report_created,2026-03-23
8202,31,819,export,2026-03-17
8203,31,810,export,2026-03-25
8204,31,831,report_created,2026-04-07
8205,31,817,login,2026-03-18
8206,31,801,report_created,2026-03-31
8207,31,810,integration_used,2026-03-31
8208,31,797,dashboard_view,2026-03-22
8209,31,848,dashboard_view,2026-03-27
8210,31,825,dashboard_view,2026-03-28
8211,31,824,dashboard_view,2026-04-12
8212,31,829,export,2026-03-24
8213,31,844,export,2026-03-23
8214,31,821,report_created,2026-04-12
8215,31,810,dashboard_view,2026-04-03
8216,31,828,export,2026-04-10
8217,31,846,report_created,2026-04-04
8218,31,799,export,2026-03-17
8219,31,799,login,2026-04-11
8220,31,834,export,2026-03-21
8221,31,815,dashboard_view,2026-03-23
8222,31,816,report_created,2026-03-26
8223,31,821,report_created,2026-03-17
8224,31,797,login,2026-04-01
8225,31,797,integration_used,2026-04-06
8226,31,829,dashboard_view,2026-04-12
8227,31,826,login,2026-04-06
8228,31,811,export,2026-04-08
8229,31,821,export,2026-04-06
8230,31,827,login,2026-04-15
8231,31,811,report_created,2026-04-22
8232,31,838,export,2026-05-04
8233,31,802,integration_used,2026-04-26
8234,31,809,report_created,2026-04-24
8235,31,845,login,2026-05-06
8236,31,831,integration_used,2026-04-29
8237,31,846,export,2026-05-11
8238,31,826,report_created,2026-04-30
8239,31,839,integration_used,2026-04-18
8240,31,835,login,2026-04-20
8241,31,831,dashboard_view,2026-05-07
8242,31,827,report_created,2026-04-25
8243,31,834,export,2026-04-26
8244,31,843,report_created,2026-05-04
8245,31,843,login,2026-05-01
8246,31,840,report_created,2026-05-05
8247,31,829,export,2026-04-19
8248,31,803,export,2026-04-15
8249,31,802,report_created,2026-04-28
8250,31,807,export,2026-05-12
8251,31,846,integration_used,2026-04-25
8252,31,802,login,2026-04-17
8253,31,843,report_created,2026-04-30
8254,31,844,login,2026-04-19
8255,31,807,dashboard_view,2026-05-03
8256,31,832,integration_used,2026-04-26
8257,31,799,export,2026-04-26
8258,31,808,export,2026-04-25
8259,31,823,report_created,2026-04-22
8260,31,827,dashboard_view,2026-05-05
8261,31,808,report_created,2026-04-30
8262,31,843,export,2026-04-27
8263,31,795,report_created,2026-04-16
8264,31,801,login,2026-05-05
8265,31,833,integration_used,2026-05-12
8266,31,802,dashboard_view,2026-05-01
8267,31,827,export,2026-04-16
8268,31,796,integration_used,2026-05-07
8269,31,803,dashboard_view,2026-04-30
8270,31,817,dashboard_view,2026-05-04
8271,31,797,report_created,2026-04-13
8272,31,799,dashboard_view,2026-04-22
8273,31,809,login,2026-04-14
8274,31,797,report_created,2026-05-19
8275,31,823,dashboard_view,2026-05-28
8276,31,795,report_created,2026-06-03
8277,31,799,login,2026-06-11
8278,31,840,export,2026-05-20
8279,31,839,report_created,2026-05-24
8280,31,801,dashboard_view,2026-05-24
8281,31,805,report_created,2026-06-03
8282,31,844,integration_used,2026-06-04
8283,31,836,login,2026-06-09
8284,31,834,integration_used,2026-05-27
8285,31,814,dashboard_view,2026-06-08
8286,31,804,report_created,2026-05-18
8287,31,829,login,2026-05-28
8288,31,832,integration_used,2026-05-19
8289,31,825,export,2026-06-07
8290,31,811,integration_used,2026-05-15
8291,31,821,dashboard_view,2026-06-05
8292,31,806,login,2026-05-31
8293,31,826,report_created,2026-05-16
8294,31,845,dashboard_view,2026-06-07
8295,31,813,report_created,2026-06-11
8296,31,848,dashboard_view,2026-05-14
8297,31,806,login,2026-05-29
8298,31,801,integration_used,2026-05-25
8299,31,798,dashboard_view,2026-06-10
8300,31,814,integration_used,2026-05-30
8301,31,822,export,2026-06-08
8302,31,808,export,2026-06-10
8303,31,795,integration_used,2026-06-07
8304,31,820,dashboard_view,2026-05-28
8305,31,798,dashboard_view,2026-05-13
8306,31,844,login,2026-06-10
8307,31,833,dashboard_view,2026-06-01
8308,31,820,export,2026-05-14
8309,31,841,login,2026-06-07
8310,31,831,dashboard_view,2026-05-31
8311,31,821,integration_used,2026-05-25
8312,31,796,report_created,2026-06-11
8313,31,824,integration_used,2026-05-27
8314,31,815,login,2026-06-11
8315,31,801,dashboard_view,2026-05-27
8316,31,803,integration_used,2026-06-01
8317,31,795,export,2026-06-11
8318,31,834,login,2026-06-27
8319,31,807,login,2026-06-17
8320,31,836,dashboard_view,2026-06-27
8321,31,805,login,2026-07-09
8322,31,808,export,2026-06-24
8323,31,831,integration_used,2026-07-10
8324,31,825,login,2026-06-13
8325,31,836,export,2026-06-29
8326,31,804,login,2026-07-06
8327,31,796,report_created,2026-06-16
8328,31,815,report_created,2026-06-14
8329,31,842,login,2026-06-28
8330,31,826,integration_used,2026-07-08
8331,31,805,login,2026-06-24
8332,31,825,login,2026-06-15
8333,31,824,report_created,2026-07-03
8334,31,810,login,2026-06-28
8335,31,804,dashboard_view,2026-06-15
8336,31,843,report_created,2026-07-02
8337,31,845,dashboard_view,2026-06-12
8338,31,806,dashboard_view,2026-06-30
8339,31,836,login,2026-07-29
8340,31,804,dashboard_view,2026-07-31
8341,31,808,integration_used,2026-07-12
8342,31,812,login,2026-07-17
8343,31,804,login,2026-07-18
8344,31,832,report_created,2026-08-02
8345,32,855,export,2026-02-15
8346,32,850,integration_used,2026-03-01
8347,32,849,dashboard_view,2026-03-07
8348,32,852,report_created,2026-02-21
8349,32,851,dashboard_view,2026-03-10
8350,32,850,export,2026-02-26
8351,32,849,export,2026-02-21
8352,32,853,report_created,2026-02-15
8353,32,854,login,2026-02-24
8354,32,854,report_created,2026-03-09
8355,32,851,report_created,2026-02-15
8356,32,853,report_created,2026-02-24
8357,32,849,login,2026-03-01
8358,32,850,login,2026-03-10
8359,32,853,login,2026-02-20
8360,32,851,integration_used,2026-02-12
8361,32,853,login,2026-02-12
8362,32,850,export,2026-02-16
8363,32,853,export,2026-02-13
8364,32,855,report_created,2026-02-19
8365,32,854,integration_used,2026-02-22
8366,32,852,export,2026-03-05
8367,32,853,integration_used,2026-02-28
8368,32,854,dashboard_view,2026-02-28
8369,32,850,export,2026-02-27
8370,32,849,login,2026-02-12
8371,32,853,report_created,2026-02-25
8372,32,851,report_created,2026-02-27
8373,32,849,dashboard_view,2026-02-25
8374,32,852,integration_used,2026-02-15
8375,32,849,login,2026-02-23
8376,32,853,export,2026-03-12
8377,32,851,integration_used,2026-02-22
8378,32,850,export,2026-03-11
8379,32,851,login,2026-03-12
8380,32,852,integration_used,2026-02-23
8381,32,855,dashboard_view,2026-02-17
8382,32,852,dashboard_view,2026-02-22
8383,32,855,report_created,2026-03-07
8384,32,850,integration_used,2026-03-05
8385,32,851,export,2026-02-25
8386,32,851,login,2026-02-27
8387,32,853,login,2026-03-08
8388,32,850,integration_used,2026-02-23
8389,32,852,report_created,2026-03-03
8390,32,852,dashboard_view,2026-03-08
8391,32,854,login,2026-02-14
8392,32,850,dashboard_view,2026-03-11
8393,32,850,export,2026-02-18
8394,32,854,dashboard_view,2026-02-18
8395,32,855,report_created,2026-03-13
8396,32,851,dashboard_view,2026-03-13
8397,32,855,login,2026-03-07
8398,32,849,login,2026-03-13
8399,32,853,export,2026-02-25
8400,32,850,report_created,2026-02-16
8401,32,854,export,2026-02-19
8402,32,852,integration_used,2026-03-06
8403,32,849,login,2026-02-22
8404,32,849,integration_used,2026-02-25
8405,32,853,integration_used,2026-02-17
8406,32,849,report_created,2026-03-10
8407,32,849,login,2026-03-01
8408,32,849,login,2026-02-23
8409,32,852,dashboard_view,2026-02-23
8410,32,855,dashboard_view,2026-03-06
8411,32,854,dashboard_view,2026-02-26
8412,32,852,integration_used,2026-02-18
8413,32,854,integration_used,2026-02-24
8414,32,854,integration_used,2026-02-27
8415,32,849,login,2026-03-01
8416,32,853,report_created,2026-02-16
8417,32,851,login,2026-02-24
8418,32,855,integration_used,2026-02-14
8419,32,852,export,2026-04-04
8420,32,850,login,2026-04-11
8421,32,849,integration_used,2026-03-14
8422,32,855,integration_used,2026-03-17
8423,32,853,dashboard_view,2026-04-04
8424,32,850,login,2026-03-30
8425,32,849,dashboard_view,2026-03-20
8426,32,852,login,2026-04-10
8427,32,853,login,2026-03-15
8428,32,851,integration_used,2026-04-10
8429,32,853,report_created,2026-03-23
8430,32,854,report_created,2026-04-04
8431,32,853,integration_used,2026-04-08
8432,32,855,dashboard_view,2026-04-03
8433,32,849,report_created,2026-04-06
8434,32,855,login,2026-03-16
8435,32,849,dashboard_view,2026-04-01
8436,32,851,dashboard_view,2026-03-19
8437,32,851,export,2026-03-30
8438,32,849,report_created,2026-03-29
8439,32,852,integration_used,2026-03-25
8440,32,853,report_created,2026-04-04
8441,32,853,report_created,2026-03-15
8442,32,855,export,2026-03-31
8443,32,852,login,2026-04-08
8444,32,849,integration_used,2026-04-11
8445,32,850,login,2026-04-04
8446,32,855,integration_used,2026-04-08
8447,32,849,integration_used,2026-03-21
8448,32,850,dashboard_view,2026-03-14
8449,32,854,integration_used,2026-04-05
8450,32,852,report_created,2026-03-24
8451,32,849,export,2026-04-08
8452,32,850,integration_used,2026-04-11
8453,32,851,login,2026-03-27
8454,32,852,report_created,2026-04-04
8455,32,850,dashboard_view,2026-03-29
8456,32,855,report_created,2026-03-14
8457,32,854,export,2026-04-06
8458,32,851,dashboard_view,2026-04-07
8459,32,851,login,2026-03-29
8460,32,849,login,2026-04-03
8461,32,850,login,2026-03-24
8462,32,855,dashboard_view,2026-03-26
8463,32,853,report_created,2026-03-21
8464,32,849,login,2026-03-26
8465,32,854,login,2026-03-30
8466,32,854,report_created,2026-04-07
8467,32,851,login,2026-03-25
8468,32,851,export,2026-03-22
8469,32,849,login,2026-03-15
8470,32,849,integration_used,2026-03-29
8471,32,850,login,2026-04-05
8472,32,851,export,2026-03-30
8473,32,849,login,2026-04-11
8474,32,850,dashboard_view,2026-03-26
8475,32,853,export,2026-04-08
8476,32,849,login,2026-04-12
8477,32,854,dashboard_view,2026-03-15
8478,32,850,dashboard_view,2026-03-15
8479,32,853,export,2026-03-20
8480,32,849,login,2026-04-01
8481,32,850,report_created,2026-04-12
8482,32,853,report_created,2026-03-21
8483,32,849,export,2026-03-28
8484,32,852,report_created,2026-03-19
8485,32,850,report_created,2026-03-17
8486,32,851,login,2026-03-31
8487,32,854,dashboard_view,2026-05-07
8488,32,852,dashboard_view,2026-04-29
8489,32,855,report_created,2026-04-22
8490,32,852,login,2026-04-16
8491,32,849,login,2026-04-23
8492,32,851,login,2026-05-05
8493,32,851,dashboard_view,2026-04-27
8494,32,854,export,2026-05-03
8495,32,855,report_created,2026-05-08
8496,32,850,integration_used,2026-05-01
8497,32,852,export,2026-05-10
8498,32,852,dashboard_view,2026-04-25
8499,32,850,login,2026-05-02
8500,32,854,dashboard_view,2026-04-21
8501,32,855,dashboard_view,2026-04-28
8502,32,852,login,2026-04-28
8503,32,853,export,2026-04-30
8504,32,854,export,2026-04-17
8505,32,851,export,2026-04-13
8506,32,850,dashboard_view,2026-04-15
8507,32,851,integration_used,2026-05-10
8508,32,852,export,2026-04-14
8509,32,855,export,2026-04-25
8510,32,853,report_created,2026-04-15
8511,32,855,report_created,2026-04-23
8512,32,852,login,2026-04-28
8513,32,854,integration_used,2026-05-07
8514,32,849,dashboard_view,2026-04-22
8515,32,851,login,2026-05-12
8516,32,852,login,2026-04-13
8517,32,855,report_created,2026-04-26
8518,32,853,export,2026-04-24
8519,32,851,dashboard_view,2026-05-08
8520,32,850,report_created,2026-05-02
8521,32,855,report_created,2026-05-06
8522,32,849,export,2026-05-03
8523,32,854,export,2026-04-18
8524,32,853,login,2026-05-08
8525,32,850,report_created,2026-05-10
8526,32,855,export,2026-04-22
8527,32,855,integration_used,2026-05-04
8528,32,854,report_created,2026-04-18
8529,32,850,report_created,2026-05-01
8530,32,853,dashboard_view,2026-04-17
8531,32,849,report_created,2026-04-30
8532,32,855,login,2026-05-03
8533,32,855,login,2026-05-09
8534,32,854,integration_used,2026-04-20
8535,32,852,dashboard_view,2026-04-18
8536,32,853,integration_used,2026-06-09
8537,32,850,dashboard_view,2026-05-28
8538,32,849,export,2026-05-15
8539,32,850,dashboard_view,2026-06-02
8540,32,851,integration_used,2026-05-21
8541,32,855,integration_used,2026-06-02
8542,32,855,integration_used,2026-05-15
8543,32,855,login,2026-06-06
8544,32,853,report_created,2026-05-26
8545,32,853,export,2026-05-17
8546,32,853,export,2026-06-11
8547,32,852,login,2026-06-03
8548,32,851,login,2026-05-15
8549,32,855,login,2026-06-08
8550,32,850,dashboard_view,2026-06-09
8551,32,855,report_created,2026-05-14
8552,32,851,report_created,2026-06-05
8553,32,849,dashboard_view,2026-05-17
8554,32,850,login,2026-05-15
8555,32,849,export,2026-05-20
8556,32,849,integration_used,2026-06-02
8557,32,854,export,2026-05-26
8558,32,849,dashboard_view,2026-05-16
8559,32,852,login,2026-06-07
8560,32,854,integration_used,2026-05-19
8561,32,852,login,2026-06-10
8562,32,850,login,2026-06-06
8563,32,854,login,2026-06-05
8564,32,853,integration_used,2026-05-28
8565,32,855,integration_used,2026-05-24
8566,32,853,login,2026-05-13
8567,32,849,report_created,2026-06-09
8568,32,849,dashboard_view,2026-06-11
8569,32,851,export,2026-05-13
8570,32,855,dashboard_view,2026-06-08
8571,32,849,export,2026-05-18
8572,32,854,integration_used,2026-06-08
8573,32,855,integration_used,2026-05-28
8574,32,852,login,2026-06-10
8575,32,854,export,2026-05-18
8576,32,850,report_created,2026-05-18
8577,32,854,integration_used,2026-05-20
8578,32,854,report_created,2026-06-25
8579,32,849,report_created,2026-06-23
8580,32,855,export,2026-06-21
8581,32,855,report_created,2026-06-25
8582,32,855,login,2026-06-30
8583,32,854,login,2026-07-08
8584,32,850,report_created,2026-06-27
8585,32,850,integration_used,2026-07-01
8586,32,850,login,2026-06-19
8587,32,849,dashboard_view,2026-06-26
8588,32,853,export,2026-06-25
8589,32,853,login,2026-06-18
8590,32,852,export,2026-07-07
8591,32,853,login,2026-06-17
8592,32,854,export,2026-07-04
8593,32,849,login,2026-06-28
8594,32,849,integration_used,2026-07-24
8595,32,849,integration_used,2026-07-17
8596,32,852,dashboard_view,2026-07-15
8597,32,850,dashboard_view,2026-07-13
8598,32,854,integration_used,2026-07-22
8599,32,854,report_created,2026-07-29
8600,32,852,login,2026-07-26
8601,32,853,export,2026-08-04
8602,32,851,dashboard_view,2026-07-15
8603,32,849,export,2026-07-27
8604,32,853,login,2026-07-14
8605,33,861,report_created,2026-02-16
8606,33,873,integration_used,2026-03-13
8607,33,867,report_created,2026-02-16
8608,33,870,integration_used,2026-02-14
8609,33,857,dashboard_view,2026-03-13
8610,33,876,report_created,2026-03-05
8611,33,862,dashboard_view,2026-02-16
8612,33,862,export,2026-02-13
8613,33,886,dashboard_view,2026-03-08
8614,33,882,export,2026-03-10
8615,33,874,export,2026-03-12
8616,33,875,export,2026-02-20
8617,33,873,export,2026-03-02
8618,33,864,export,2026-03-01
8619,33,856,export,2026-03-01
8620,33,877,report_created,2026-02-20
8621,33,858,integration_used,2026-02-28
8622,33,878,dashboard_view,2026-03-10
8623,33,874,report_created,2026-02-14
8624,33,878,dashboard_view,2026-02-18
8625,33,858,login,2026-03-03
8626,33,879,export,2026-03-10
8627,33,884,dashboard_view,2026-03-04
8628,33,868,login,2026-03-11
8629,33,871,login,2026-02-12
8630,33,862,report_created,2026-03-07
8631,33,857,integration_used,2026-02-15
8632,33,880,dashboard_view,2026-03-05
8633,33,865,dashboard_view,2026-02-14
8634,33,878,login,2026-02-18
8635,33,875,dashboard_view,2026-02-24
8636,33,874,report_created,2026-03-09
8637,33,873,report_created,2026-02-14
8638,33,872,dashboard_view,2026-03-11
8639,33,856,report_created,2026-03-13
8640,33,879,integration_used,2026-03-30
8641,33,881,login,2026-03-18
8642,33,882,report_created,2026-04-12
8643,33,883,login,2026-04-05
8644,33,860,report_created,2026-04-09
8645,33,885,export,2026-04-10
8646,33,871,report_created,2026-03-20
8647,33,880,integration_used,2026-03-18
8648,33,868,report_created,2026-03-21
8649,33,868,dashboard_view,2026-03-21
8650,33,863,integration_used,2026-03-22
8651,33,883,dashboard_view,2026-04-02
8652,33,865,login,2026-03-26
8653,33,858,report_created,2026-04-12
8654,33,856,login,2026-03-17
8655,33,884,report_created,2026-03-19
8656,33,885,export,2026-03-28
8657,33,864,dashboard_view,2026-03-19
8658,33,871,integration_used,2026-03-27
8659,33,881,login,2026-03-30
8660,33,866,dashboard_view,2026-03-28
8661,33,873,report_created,2026-04-02
8662,33,879,login,2026-03-19
8663,33,860,login,2026-03-26
8664,33,884,export,2026-03-29
8665,33,866,login,2026-03-18
8666,33,860,integration_used,2026-04-05
8667,33,867,integration_used,2026-03-19
8668,33,871,login,2026-03-27
8669,33,866,report_created,2026-04-01
8670,33,860,login,2026-03-31
8671,33,880,integration_used,2026-03-22
8672,33,870,dashboard_view,2026-04-07
8673,33,879,login,2026-03-31
8674,33,860,report_created,2026-04-03
8675,33,869,report_created,2026-03-19
8676,33,880,export,2026-04-04
8677,33,880,export,2026-03-29
8678,33,857,login,2026-05-01
8679,33,870,login,2026-05-09
8680,33,870,login,2026-05-06
8681,33,882,export,2026-04-26
8682,33,859,export,2026-05-01
8683,33,881,export,2026-05-04
8684,33,873,dashboard_view,2026-04-22
8685,33,871,login,2026-04-21
8686,33,862,export,2026-05-09
8687,33,866,dashboard_view,2026-05-03
8688,33,872,dashboard_view,2026-05-12
8689,33,884,report_created,2026-04-28
8690,33,882,report_created,2026-05-10
8691,33,872,report_created,2026-04-15
8692,33,878,dashboard_view,2026-04-28
8693,33,868,dashboard_view,2026-05-11
8694,33,874,report_created,2026-05-07
8695,33,864,export,2026-04-18
8696,33,877,export,2026-04-26
8697,33,860,export,2026-04-14
8698,33,861,integration_used,2026-04-25
8699,33,882,login,2026-05-03
8700,33,870,export,2026-04-29
8701,33,864,login,2026-05-08
8702,33,870,export,2026-04-22
8703,33,877,dashboard_view,2026-05-06
8704,33,871,dashboard_view,2026-05-10
8705,33,886,dashboard_view,2026-05-02
8706,33,879,export,2026-04-25
8707,33,871,dashboard_view,2026-04-29
8708,33,867,dashboard_view,2026-04-23
8709,33,862,integration_used,2026-04-14
8710,33,869,integration_used,2026-04-19
8711,33,882,integration_used,2026-04-27
8712,33,857,login,2026-04-29
8713,33,881,integration_used,2026-05-04
8714,33,885,integration_used,2026-04-13
8715,33,868,dashboard_view,2026-04-24
8716,33,861,report_created,2026-05-11
8717,33,880,dashboard_view,2026-05-01
8718,33,864,report_created,2026-05-12
8719,33,881,integration_used,2026-05-12
8720,33,886,integration_used,2026-04-16
8721,33,880,export,2026-05-08
8722,33,874,login,2026-05-29
8723,33,886,report_created,2026-05-14
8724,33,875,export,2026-05-15
8725,33,869,login,2026-06-03
8726,33,866,report_created,2026-06-05
8727,33,869,login,2026-05-28
8728,33,879,integration_used,2026-05-27
8729,33,875,export,2026-05-14
8730,33,871,report_created,2026-05-20
8731,33,867,dashboard_view,2026-06-03
8732,33,869,login,2026-05-15
8733,33,874,login,2026-05-20
8734,33,863,integration_used,2026-05-16
8735,33,864,dashboard_view,2026-06-07
8736,33,871,export,2026-06-05
8737,33,879,dashboard_view,2026-05-16
8738,33,870,dashboard_view,2026-05-19
8739,33,861,dashboard_view,2026-06-10
8740,33,861,dashboard_view,2026-05-22
8741,33,871,login,2026-06-08
8742,33,880,export,2026-06-09
8743,33,882,export,2026-05-31
8744,33,869,login,2026-05-23
8745,33,886,login,2026-05-27
8746,33,869,login,2026-06-06
8747,33,880,dashboard_view,2026-06-02
8748,33,875,integration_used,2026-05-14
8749,33,867,report_created,2026-06-08
8750,33,864,integration_used,2026-05-16
8751,33,868,integration_used,2026-05-24
8752,33,863,report_created,2026-06-10
8753,33,861,export,2026-06-08
8754,33,886,login,2026-05-24
8755,33,862,dashboard_view,2026-05-24
8756,33,861,dashboard_view,2026-06-11
8757,33,879,integration_used,2026-05-29
8758,33,881,login,2026-05-25
8759,33,859,report_created,2026-05-14
8760,33,861,export,2026-05-21
8761,33,864,login,2026-05-27
8762,33,857,integration_used,2026-05-29
8763,33,856,login,2026-05-15
8764,33,870,login,2026-05-28
8765,33,885,login,2026-06-05
8766,33,868,dashboard_view,2026-05-13
8767,33,870,login,2026-05-14
8768,33,877,login,2026-07-11
8769,33,865,dashboard_view,2026-06-23
8770,33,862,export,2026-07-06
8771,33,882,dashboard_view,2026-06-27
8772,33,864,report_created,2026-06-12
8773,33,868,dashboard_view,2026-06-23
8774,33,883,export,2026-07-08
8775,33,861,report_created,2026-06-23
8776,33,881,export,2026-06-27
8777,33,863,integration_used,2026-06-12
8778,33,856,dashboard_view,2026-06-24
8779,33,886,login,2026-06-23
8780,33,879,report_created,2026-06-29
8781,33,864,dashboard_view,2026-07-10
8782,33,884,integration_used,2026-06-30
8783,33,879,integration_used,2026-06-22
8784,33,866,integration_used,2026-07-08
8785,33,863,integration_used,2026-06-18
8786,33,863,export,2026-07-07
8787,33,878,export,2026-07-06
8788,33,861,login,2026-06-24
8789,33,861,integration_used,2026-06-13
8790,33,859,export,2026-06-15
8791,33,863,login,2026-06-30
8792,33,865,integration_used,2026-06-17
8793,33,882,login,2026-06-28
8794,33,860,export,2026-06-15
8795,33,878,export,2026-06-28
8796,33,868,report_created,2026-06-21
8797,33,882,export,2026-07-06
8798,33,883,integration_used,2026-07-06
8799,33,876,report_created,2026-07-02
8800,33,862,export,2026-06-23
8801,33,864,integration_used,2026-06-22
8802,33,867,export,2026-07-11
8803,33,879,integration_used,2026-07-11
8804,33,883,export,2026-06-24
8805,33,865,login,2026-06-15
8806,33,869,export,2026-06-18
8807,33,867,export,2026-06-17
8808,33,883,login,2026-06-14
8809,33,861,integration_used,2026-07-10
8810,33,856,login,2026-06-20
8811,33,874,dashboard_view,2026-06-15
8812,33,875,dashboard_view,2026-07-10
8813,33,861,login,2026-06-17
8814,33,884,report_created,2026-06-30
8815,33,884,dashboard_view,2026-06-15
8816,33,875,report_created,2026-07-10
8817,33,864,integration_used,2026-06-24
8818,33,885,integration_used,2026-07-10
8819,33,863,dashboard_view,2026-07-06
8820,33,867,dashboard_view,2026-07-05
8821,33,862,login,2026-07-06
8822,33,886,dashboard_view,2026-07-06
8823,33,858,dashboard_view,2026-08-09
8824,33,881,report_created,2026-07-30
8825,33,867,login,2026-07-14
8826,33,859,dashboard_view,2026-07-22
8827,33,866,report_created,2026-08-01
8828,33,881,login,2026-07-19
8829,33,863,export,2026-07-14
8830,33,874,integration_used,2026-07-25
8831,33,881,report_created,2026-07-24
8832,33,878,dashboard_view,2026-07-16
8833,33,875,dashboard_view,2026-08-04
8834,33,862,dashboard_view,2026-07-13
8835,33,865,dashboard_view,2026-07-14
8836,33,868,dashboard_view,2026-07-12
8837,33,874,dashboard_view,2026-07-28
8838,33,856,integration_used,2026-07-16
8839,33,856,integration_used,2026-07-30
8840,33,879,integration_used,2026-07-18
8841,33,876,login,2026-08-03
8842,33,860,report_created,2026-07-15
8843,33,880,login,2026-08-02
8844,33,861,integration_used,2026-07-13
8845,33,857,report_created,2026-07-27
8846,33,880,export,2026-07-22
8847,33,866,integration_used,2026-07-12
8848,33,875,dashboard_view,2026-07-22
8849,33,886,login,2026-08-09
8850,33,860,export,2026-08-03
8851,33,868,login,2026-08-04
8852,33,871,report_created,2026-07-27
8853,33,874,report_created,2026-07-30
8854,33,861,login,2026-08-08
8855,33,868,integration_used,2026-08-05
8856,33,880,report_created,2026-07-14
8857,33,876,integration_used,2026-08-08
8858,33,862,export,2026-07-13
8859,33,866,login,2026-07-22
8860,33,874,dashboard_view,2026-08-06
8861,33,868,login,2026-07-27
8862,33,878,login,2026-08-03
8863,33,871,dashboard_view,2026-07-30
8864,33,879,dashboard_view,2026-07-29
8865,33,886,report_created,2026-07-28
8866,33,871,dashboard_view,2026-07-31
8867,33,877,integration_used,2026-07-14
8868,33,876,export,2026-07-12
8869,33,864,login,2026-07-29
8870,33,884,dashboard_view,2026-07-13
8871,33,878,integration_used,2026-08-10
8872,33,869,export,2026-08-07
8873,33,881,dashboard_view,2026-07-17
8874,33,856,integration_used,2026-08-10
8875,33,874,integration_used,2026-08-05
8876,33,884,report_created,2026-08-02
8877,33,883,report_created,2026-08-06
8878,33,857,dashboard_view,2026-08-04
8879,34,895,dashboard_view,2026-03-02
8880,34,929,login,2026-03-02
8881,34,927,report_created,2026-03-10
8882,34,913,dashboard_view,2026-02-18
8883,34,899,login,2026-02-23
8884,34,925,login,2026-03-06
8885,34,953,export,2026-02-14
8886,34,949,integration_used,2026-02-12
8887,34,946,dashboard_view,2026-02-21
8888,34,920,integration_used,2026-02-27
8889,34,903,report_created,2026-03-02
8890,34,903,login,2026-03-09
8891,34,951,dashboard_view,2026-02-24
8892,34,919,report_created,2026-02-21
8893,34,956,login,2026-02-16
8894,34,910,login,2026-02-18
8895,34,925,integration_used,2026-02-17
8896,34,948,login,2026-02-26
8897,34,942,export,2026-02-26
8898,34,960,dashboard_view,2026-03-07
8899,34,917,dashboard_view,2026-02-17
8900,34,958,report_created,2026-02-28
8901,34,899,integration_used,2026-03-02
8902,34,894,report_created,2026-03-08
8903,34,946,integration_used,2026-02-19
8904,34,924,report_created,2026-02-28
8905,34,894,integration_used,2026-02-13
8906,34,929,integration_used,2026-02-21
8907,34,932,integration_used,2026-02-18
8908,34,954,integration_used,2026-03-07
8909,34,908,report_created,2026-02-17
8910,34,942,export,2026-02-19
8911,34,904,dashboard_view,2026-03-01
8912,34,889,integration_used,2026-02-18
8913,34,921,export,2026-03-01
8914,34,903,integration_used,2026-02-20
8915,34,908,report_created,2026-03-02
8916,34,914,report_created,2026-02-14
8917,34,897,integration_used,2026-03-18
8918,34,937,integration_used,2026-04-07
8919,34,907,dashboard_view,2026-04-07
8920,34,931,login,2026-04-12
8921,34,955,report_created,2026-04-07
8922,34,938,report_created,2026-04-07
8923,34,944,integration_used,2026-04-07
8924,34,939,integration_used,2026-04-06
8925,34,919,dashboard_view,2026-03-15
8926,34,888,dashboard_view,2026-04-10
8927,34,907,report_created,2026-04-05
8928,34,898,integration_used,2026-04-03
8929,34,960,integration_used,2026-04-07
8930,34,888,login,2026-03-18
8931,34,940,dashboard_view,2026-03-31
8932,34,943,dashboard_view,2026-04-11
8933,34,939,login,2026-03-31
8934,34,920,report_created,2026-03-14
8935,34,893,report_created,2026-03-25
8936,34,942,dashboard_view,2026-04-06
8937,34,895,report_created,2026-03-28
8938,34,892,dashboard_view,2026-04-12
8939,34,896,login,2026-04-11
8940,34,960,dashboard_view,2026-04-05
8941,34,934,dashboard_view,2026-03-19
8942,34,955,dashboard_view,2026-03-24
8943,34,904,report_created,2026-04-07
8944,34,946,login,2026-04-10
8945,34,915,login,2026-03-31
8946,34,892,login,2026-03-30
8947,34,954,export,2026-04-08
8948,34,949,login,2026-03-22
8949,34,928,report_created,2026-03-31
8950,34,938,export,2026-04-09
8951,34,894,export,2026-03-28
8952,34,903,report_created,2026-03-31
8953,34,914,integration_used,2026-03-21
8954,34,932,login,2026-04-12
8955,34,960,dashboard_view,2026-04-02
8956,34,946,dashboard_view,2026-04-07
8957,34,921,login,2026-03-30
8958,34,943,export,2026-03-17
8959,34,905,dashboard_view,2026-03-16
8960,34,901,dashboard_view,2026-04-06
8961,34,939,login,2026-04-09
8962,34,920,login,2026-04-03
8963,34,925,dashboard_view,2026-05-08
8964,34,899,report_created,2026-04-30
8965,34,922,report_created,2026-04-14
8966,34,901,dashboard_view,2026-04-13
8967,34,945,export,2026-05-07
8968,34,947,export,2026-04-21
8969,34,953,export,2026-05-01
8970,34,940,login,2026-04-14
8971,34,941,dashboard_view,2026-04-15
8972,34,919,report_created,2026-04-23
8973,34,910,login,2026-04-23
8974,34,922,export,2026-04-14
8975,34,895,report_created,2026-04-27
8976,34,930,integration_used,2026-05-09
8977,34,957,login,2026-04-28
8978,34,898,export,2026-04-16
8979,34,959,dashboard_view,2026-05-06
8980,34,925,dashboard_view,2026-04-20
8981,34,892,dashboard_view,2026-04-14
8982,34,923,dashboard_view,2026-04-25
8983,34,943,report_created,2026-05-03
8984,34,921,export,2026-05-10
8985,34,908,report_created,2026-05-05
8986,34,931,report_created,2026-04-29
8987,34,912,export,2026-04-26
8988,34,960,export,2026-05-04
8989,34,959,login,2026-04-18
8990,34,908,report_created,2026-05-01
8991,34,955,dashboard_view,2026-05-01
8992,34,935,dashboard_view,2026-04-16
8993,34,940,integration_used,2026-04-25
8994,34,892,export,2026-05-04
8995,34,909,integration_used,2026-05-06
8996,34,942,report_created,2026-04-19
8997,34,895,login,2026-04-22
8998,34,887,report_created,2026-04-23
8999,34,916,report_created,2026-04-26
9000,34,927,report_created,2026-04-27
9001,34,909,export,2026-05-10
9002,34,922,report_created,2026-05-05
9003,34,889,login,2026-04-16
9004,34,915,integration_used,2026-04-27
9005,34,896,export,2026-05-04
9006,34,893,export,2026-05-03
9007,34,939,login,2026-04-19
9008,34,924,export,2026-05-05
9009,34,951,integration_used,2026-04-13
9010,34,920,dashboard_view,2026-05-04
9011,34,945,export,2026-05-11
9012,34,935,integration_used,2026-05-10
9013,34,944,report_created,2026-04-16
9014,34,940,export,2026-05-04
9015,34,946,export,2026-05-08
9016,34,938,login,2026-05-25
9017,34,934,report_created,2026-05-21
9018,34,898,report_created,2026-05-26
9019,34,953,integration_used,2026-05-19
9020,34,960,login,2026-06-10
9021,34,906,export,2026-05-28
9022,34,908,login,2026-05-24
9023,34,888,integration_used,2026-05-18
9024,34,926,login,2026-06-01
9025,34,945,integration_used,2026-05-22
9026,34,936,report_created,2026-06-11
9027,34,917,export,2026-05-31
9028,34,941,report_created,2026-06-10
9029,34,891,dashboard_view,2026-06-04
9030,34,943,export,2026-06-03
9031,34,952,dashboard_view,2026-06-04
9032,34,890,export,2026-05-30
9033,34,943,dashboard_view,2026-05-21
9034,34,889,export,2026-05-16
9035,34,947,login,2026-05-20
9036,34,957,dashboard_view,2026-05-13
9037,34,910,dashboard_view,2026-05-19
9038,34,940,export,2026-05-29
9039,34,960,report_created,2026-05-22
9040,34,897,login,2026-05-23
9041,34,952,integration_used,2026-05-28
9042,34,951,report_created,2026-05-29
9043,34,914,report_created,2026-05-26
9044,34,892,export,2026-05-30
9045,34,913,export,2026-05-24
9046,34,913,dashboard_view,2026-06-02
9047,34,952,integration_used,2026-05-20
9048,34,951,export,2026-05-18
9049,34,938,report_created,2026-06-11
9050,34,928,login,2026-05-15
9051,34,925,dashboard_view,2026-05-24
9052,34,904,login,2026-05-16
9053,34,945,report_created,2026-06-10
9054,34,958,login,2026-05-29
9055,34,956,export,2026-05-15
9056,34,943,export,2026-06-11
9057,34,937,dashboard_view,2026-06-05
9058,34,894,login,2026-05-18
9059,34,938,dashboard_view,2026-05-18
9060,34,960,login,2026-05-13
9061,34,947,integration_used,2026-06-05
9062,34,909,integration_used,2026-05-18
9063,34,959,integration_used,2026-06-15
9064,34,907,login,2026-06-26
9065,34,958,export,2026-07-07
9066,34,928,dashboard_view,2026-06-13
9067,34,916,login,2026-06-27
9068,34,945,login,2026-06-18
9069,34,955,report_created,2026-06-28
9070,34,920,export,2026-07-06
9071,34,924,login,2026-07-06
9072,34,913,integration_used,2026-06-19
9073,34,955,dashboard_view,2026-06-20
9074,34,898,dashboard_view,2026-06-20
9075,34,928,integration_used,2026-07-02
9076,34,889,report_created,2026-07-08
9077,34,932,integration_used,2026-06-17
9078,34,940,login,2026-06-27
9079,34,935,dashboard_view,2026-06-22
9080,34,895,report_created,2026-06-22
9081,34,955,dashboard_view,2026-06-27
9082,34,887,report_created,2026-06-30
9083,34,954,report_created,2026-07-06
9084,34,916,integration_used,2026-06-24
9085,34,922,dashboard_view,2026-06-20
9086,34,893,dashboard_view,2026-06-19
9087,34,896,integration_used,2026-06-27
9088,34,901,export,2026-06-28
9089,34,951,login,2026-06-14
9090,34,936,export,2026-06-21
9091,34,921,dashboard_view,2026-06-20
9092,34,901,integration_used,2026-07-01
9093,34,893,export,2026-07-08
9094,34,919,integration_used,2026-06-13
9095,34,905,integration_used,2026-06-13
9096,34,898,login,2026-07-01
9097,34,912,login,2026-06-27
9098,34,901,login,2026-06-26
9099,34,906,report_created,2026-06-28
9100,34,892,login,2026-06-27
9101,34,913,integration_used,2026-07-11
9102,34,956,integration_used,2026-07-10
9103,34,895,dashboard_view,2026-06-27
9104,34,938,integration_used,2026-07-07
9105,34,908,export,2026-06-22
9106,34,957,report_created,2026-07-06
9107,34,925,integration_used,2026-06-15
9108,34,928,login,2026-06-17
9109,34,889,dashboard_view,2026-06-27
9110,34,959,export,2026-08-05
9111,34,922,login,2026-08-08
9112,34,940,login,2026-07-24
9113,34,941,integration_used,2026-07-12
9114,34,901,integration_used,2026-07-18
9115,34,936,login,2026-07-14
9116,34,908,export,2026-07-16
9117,34,938,dashboard_view,2026-07-29
9118,34,888,login,2026-07-24
9119,34,954,login,2026-08-06
9120,34,917,login,2026-07-22
9121,34,945,dashboard_view,2026-08-09
9122,34,940,report_created,2026-08-04
9123,34,922,dashboard_view,2026-08-02
9124,34,928,integration_used,2026-07-16
9125,34,935,dashboard_view,2026-07-21
9126,34,919,integration_used,2026-07-31
9127,34,949,login,2026-07-13
9128,34,897,login,2026-08-05
9129,34,924,dashboard_view,2026-07-16
9130,34,925,report_created,2026-08-05
9131,34,914,integration_used,2026-07-28
9132,34,889,login,2026-07-23
9133,34,906,export,2026-08-03
9134,34,933,login,2026-08-03
9135,34,910,report_created,2026-07-24
9136,34,959,export,2026-07-27
9137,34,894,integration_used,2026-08-03
9138,34,935,export,2026-07-21
9139,34,887,report_created,2026-08-06
9140,34,918,report_created,2026-07-29
9141,34,904,report_created,2026-07-14
9142,34,892,report_created,2026-07-30
9143,34,915,export,2026-07-19
9144,34,919,login,2026-07-25
9145,34,955,export,2026-07-15
9146,34,934,report_created,2026-07-17
9147,34,889,export,2026-08-03
9148,34,921,integration_used,2026-07-15
9149,34,956,login,2026-08-06
9150,34,932,integration_used,2026-07-14
9151,34,944,dashboard_view,2026-07-26
9152,34,953,report_created,2026-07-30
9153,34,938,dashboard_view,2026-07-28
9154,34,912,dashboard_view,2026-08-06
9155,34,941,export,2026-08-09
9156,34,938,export,2026-07-16
9157,34,954,report_created,2026-07-28
9158,34,896,report_created,2026-08-06
9159,34,926,export,2026-07-23
9160,34,909,login,2026-08-06
9161,34,919,integration_used,2026-08-05
9162,34,954,dashboard_view,2026-07-29
9163,34,908,integration_used,2026-07-28
9164,34,903,export,2026-08-10
9165,35,964,export,2026-03-11
9166,35,964,dashboard_view,2026-03-08
9167,35,963,integration_used,2026-03-01
9168,35,962,integration_used,2026-02-23
9169,35,962,report_created,2026-03-07
9170,35,964,export,2026-02-14
9171,35,964,export,2026-02-19
9172,35,964,dashboard_view,2026-02-22
9173,35,963,export,2026-02-12
9174,35,961,login,2026-03-04
9175,35,962,integration_used,2026-03-05
9176,35,962,integration_used,2026-03-12
9177,35,963,integration_used,2026-02-13
9178,35,962,report_created,2026-03-10
9179,35,962,integration_used,2026-02-22
9180,35,962,integration_used,2026-02-17
9181,35,961,dashboard_view,2026-03-09
9182,35,964,login,2026-03-13
9183,35,961,login,2026-02-13
9184,35,963,login,2026-03-04
9185,35,964,export,2026-02-12
9186,35,962,integration_used,2026-02-15
9187,35,961,report_created,2026-02-16
9188,35,962,login,2026-02-14
9189,35,963,integration_used,2026-02-18
9190,35,961,report_created,2026-03-07
9191,35,961,dashboard_view,2026-03-13
9192,35,964,dashboard_view,2026-03-03
9193,35,964,login,2026-03-09
9194,35,964,report_created,2026-02-21
9195,35,964,dashboard_view,2026-03-04
9196,35,962,login,2026-03-04
9197,35,963,dashboard_view,2026-02-22
9198,35,961,dashboard_view,2026-02-25
9199,35,962,dashboard_view,2026-03-03
9200,35,961,export,2026-02-23
9201,35,964,integration_used,2026-02-28
9202,35,961,report_created,2026-02-22
9203,35,964,integration_used,2026-03-09
9204,35,961,report_created,2026-02-21
9205,35,964,dashboard_view,2026-02-24
9206,35,961,export,2026-03-11
9207,35,963,login,2026-03-06
9208,35,964,export,2026-02-22
9209,35,964,integration_used,2026-03-10
9210,35,964,report_created,2026-02-23
9211,35,964,report_created,2026-03-09
9212,35,961,dashboard_view,2026-03-04
9213,35,964,login,2026-04-04
9214,35,962,dashboard_view,2026-04-02
9215,35,961,dashboard_view,2026-03-22
9216,35,964,integration_used,2026-03-22
9217,35,963,export,2026-03-16
9218,35,961,login,2026-04-12
9219,35,964,export,2026-03-28
9220,35,962,dashboard_view,2026-03-23
9221,35,961,report_created,2026-03-28
9222,35,961,export,2026-04-05
9223,35,961,integration_used,2026-03-19
9224,35,962,dashboard_view,2026-04-11
9225,35,963,integration_used,2026-03-17
9226,35,961,dashboard_view,2026-03-25
9227,35,964,dashboard_view,2026-04-06
9228,35,964,dashboard_view,2026-04-11
9229,35,963,dashboard_view,2026-03-20
9230,35,963,report_created,2026-03-16
9231,35,963,export,2026-03-16
9232,35,963,integration_used,2026-03-26
9233,35,961,report_created,2026-03-19
9234,35,964,login,2026-03-30
9235,35,964,integration_used,2026-03-20
9236,35,964,dashboard_view,2026-03-16
9237,35,962,login,2026-04-02
9238,35,961,export,2026-03-21
9239,35,964,login,2026-04-02
9240,35,961,export,2026-03-18
9241,35,961,integration_used,2026-03-14
9242,35,963,export,2026-04-10
9243,35,962,dashboard_view,2026-03-22
9244,35,963,report_created,2026-04-10
9245,35,963,dashboard_view,2026-03-31
9246,35,963,integration_used,2026-04-11
9247,35,961,report_created,2026-03-26
9248,35,961,report_created,2026-04-01
9249,35,961,login,2026-03-20
9250,35,963,export,2026-03-15
9251,35,963,integration_used,2026-04-04
9252,35,964,report_created,2026-03-22
9253,35,962,login,2026-03-24
9254,35,964,export,2026-04-11
9255,35,964,login,2026-04-12
9256,35,963,integration_used,2026-04-12
9257,35,961,report_created,2026-04-20
9258,35,963,report_created,2026-04-14
9259,35,961,report_created,2026-04-25
9260,35,961,dashboard_view,2026-04-18
9261,35,962,login,2026-05-07
9262,35,961,dashboard_view,2026-04-21
9263,35,964,dashboard_view,2026-04-30
9264,35,961,integration_used,2026-05-05
9265,35,963,integration_used,2026-04-13
9266,35,964,report_created,2026-04-21
9267,35,961,export,2026-04-21
9268,35,961,export,2026-05-08
9269,35,963,integration_used,2026-05-07
9270,35,963,export,2026-05-10
9271,35,963,export,2026-04-20
9272,35,962,dashboard_view,2026-04-15
9273,35,962,export,2026-05-02
9274,35,962,login,2026-05-06
9275,35,962,export,2026-04-23
9276,35,963,login,2026-05-04
9277,35,961,export,2026-04-18
9278,35,964,integration_used,2026-05-11
9279,35,964,integration_used,2026-05-11
9280,35,962,login,2026-05-11
9281,35,961,report_created,2026-04-25
9282,35,962,login,2026-05-10
9283,35,962,dashboard_view,2026-04-21
9284,35,964,login,2026-04-30
9285,35,961,integration_used,2026-05-02
9286,35,963,report_created,2026-04-25
9287,35,961,dashboard_view,2026-05-02
9288,35,964,dashboard_view,2026-05-05
9289,35,961,integration_used,2026-05-09
9290,35,964,report_created,2026-05-11
9291,35,964,dashboard_view,2026-04-17
9292,35,962,report_created,2026-05-12
9293,35,962,export,2026-04-23
9294,35,961,export,2026-04-27
9295,35,963,report_created,2026-05-01
9296,35,963,login,2026-04-27
9297,35,962,dashboard_view,2026-04-13
9298,35,961,login,2026-04-28
9299,35,963,login,2026-04-30
9300,35,963,dashboard_view,2026-04-19
9301,35,963,export,2026-04-29
9302,35,964,dashboard_view,2026-04-29
9303,35,964,dashboard_view,2026-05-07
9304,35,964,login,2026-05-13
9305,35,963,login,2026-06-04
9306,35,962,export,2026-05-19
9307,35,961,integration_used,2026-05-19
9308,35,963,dashboard_view,2026-06-11
9309,35,963,integration_used,2026-05-27
9310,35,964,dashboard_view,2026-06-11
9311,35,964,export,2026-05-26
9312,35,961,login,2026-06-01
9313,35,964,login,2026-06-04
9314,35,964,dashboard_view,2026-05-30
9315,35,964,login,2026-05-16
9316,35,963,dashboard_view,2026-06-10
9317,35,961,export,2026-05-22
9318,35,963,login,2026-05-16
9319,35,961,dashboard_view,2026-06-11
9320,35,961,login,2026-05-24
9321,35,962,dashboard_view,2026-06-10
9322,35,961,report_created,2026-06-07
9323,35,962,integration_used,2026-06-11
9324,35,963,dashboard_view,2026-06-01
9325,35,962,export,2026-05-18
9326,35,963,export,2026-05-24
9327,35,963,login,2026-06-04
9328,35,962,login,2026-05-30
9329,35,961,integration_used,2026-05-23
9330,35,964,dashboard_view,2026-06-10
9331,35,964,export,2026-05-31
9332,35,963,report_created,2026-05-21
9333,35,963,report_created,2026-05-17
9334,35,962,report_created,2026-06-10
9335,35,963,integration_used,2026-05-19
9336,35,963,report_created,2026-05-20
9337,35,963,integration_used,2026-06-04
9338,35,961,integration_used,2026-06-08
9339,35,961,integration_used,2026-05-22
9340,35,961,integration_used,2026-05-20
9341,35,964,report_created,2026-05-31
9342,35,962,report_created,2026-06-02
9343,35,963,export,2026-05-30
9344,35,962,dashboard_view,2026-05-15
9345,35,963,login,2026-06-07
9346,35,964,export,2026-05-23
9347,35,961,export,2026-06-01
9348,35,964,dashboard_view,2026-06-11
9349,35,964,export,2026-06-08
9350,35,962,integration_used,2026-06-02
9351,35,964,export,2026-06-11
9352,35,961,export,2026-06-02
9353,35,962,export,2026-05-18
9354,35,961,dashboard_view,2026-07-07
9355,35,963,login,2026-06-16
9356,35,963,report_created,2026-06-25
9357,35,961,report_created,2026-07-09
9358,35,962,login,2026-06-20
9359,35,961,dashboard_view,2026-06-27
9360,35,961,export,2026-06-28
9361,35,961,export,2026-07-01
9362,35,961,integration_used,2026-06-30
9363,35,964,login,2026-06-23
9364,35,963,dashboard_view,2026-07-07
9365,35,963,login,2026-07-02
9366,35,962,integration_used,2026-07-04
9367,35,963,export,2026-07-02
9368,35,963,export,2026-07-10
9369,35,963,report_created,2026-06-18
9370,35,962,report_created,2026-07-08
9371,35,964,login,2026-06-23
9372,35,963,export,2026-06-18
9373,35,961,login,2026-06-23
9374,35,964,report_created,2026-06-28
9375,35,964,dashboard_view,2026-06-23
9376,35,964,export,2026-07-01
9377,35,961,dashboard_view,2026-06-24
9378,35,962,report_created,2026-06-13
9379,35,964,integration_used,2026-07-03
9380,35,964,integration_used,2026-06-29
9381,35,961,export,2026-06-30
9382,35,961,dashboard_view,2026-06-17
9383,35,962,export,2026-06-18
9384,35,964,login,2026-06-16
9385,35,963,login,2026-07-04
9386,35,961,dashboard_view,2026-06-23
9387,35,962,integration_used,2026-07-11
9388,35,963,export,2026-06-28
9389,35,962,dashboard_view,2026-07-05
9390,35,962,integration_used,2026-06-19
9391,35,964,dashboard_view,2026-07-05
9392,35,962,export,2026-06-23
9393,35,963,login,2026-07-03
9394,35,962,integration_used,2026-06-14
9395,35,962,dashboard_view,2026-07-01
9396,35,962,export,2026-06-15
9397,35,964,integration_used,2026-06-29
9398,35,962,dashboard_view,2026-07-03
9399,35,964,dashboard_view,2026-06-26
9400,35,962,integration_used,2026-07-04
9401,35,963,dashboard_view,2026-06-21
9402,35,961,dashboard_view,2026-07-07
9403,35,962,integration_used,2026-07-11
9404,35,961,login,2026-07-03
9405,35,961,integration_used,2026-06-28
9406,35,962,dashboard_view,2026-07-04
9407,35,963,dashboard_view,2026-07-02
9408,35,962,export,2026-07-02
9409,35,961,integration_used,2026-06-22
9410,35,962,integration_used,2026-06-13
9411,35,964,report_created,2026-07-31
9412,35,961,report_created,2026-07-31
9413,35,963,export,2026-08-06
9414,35,961,export,2026-07-12
9415,35,963,integration_used,2026-07-28
9416,35,961,integration_used,2026-08-04
9417,35,962,login,2026-08-07
9418,35,961,export,2026-07-19
9419,35,963,dashboard_view,2026-08-03
9420,35,962,export,2026-08-05
9421,35,962,dashboard_view,2026-07-12
9422,35,964,export,2026-07-27
9423,35,964,dashboard_view,2026-08-04
9424,35,961,integration_used,2026-07-28
9425,35,961,export,2026-07-29
9426,35,963,export,2026-07-18
9427,35,961,export,2026-07-12
9428,35,961,integration_used,2026-08-04
9429,35,963,dashboard_view,2026-08-09
9430,35,964,login,2026-07-16
9431,35,963,report_created,2026-07-22
9432,35,962,integration_used,2026-07-22
9433,35,963,report_created,2026-08-06
9434,35,961,login,2026-07-18
9435,35,964,report_created,2026-07-16
9436,35,961,export,2026-08-06
9437,35,963,export,2026-08-10
9438,35,964,report_created,2026-07-16
9439,35,962,export,2026-07-28
9440,35,964,report_created,2026-08-06
9441,35,961,export,2026-07-15
9442,35,962,login,2026-08-10
9443,35,962,export,2026-07-19
9444,35,962,integration_used,2026-07-16
9445,35,963,export,2026-07-21
9446,35,963,login,2026-07-28
9447,35,963,export,2026-07-23
9448,35,963,integration_used,2026-07-31
9449,35,964,integration_used,2026-07-21
9450,35,962,integration_used,2026-08-07
9451,35,962,integration_used,2026-07-23
9452,35,964,integration_used,2026-07-18
9453,35,963,integration_used,2026-07-15
9454,35,961,integration_used,2026-08-02
9455,35,964,integration_used,2026-08-09
9456,36,993,report_created,2026-03-03
9457,36,965,report_created,2026-02-14
9458,36,984,dashboard_view,2026-02-19
9459,36,969,export,2026-02-15
9460,36,989,export,2026-02-14
9461,36,974,dashboard_view,2026-03-07
9462,36,969,dashboard_view,2026-02-18
9463,36,983,export,2026-03-05
9464,36,968,login,2026-03-09
9465,36,970,integration_used,2026-02-19
9466,36,983,integration_used,2026-02-19
9467,36,990,login,2026-02-21
9468,36,986,login,2026-02-14
9469,36,975,report_created,2026-02-22
9470,36,982,report_created,2026-02-12
9471,36,972,login,2026-03-05
9472,36,965,login,2026-02-19
9473,36,970,export,2026-02-20
9474,36,978,dashboard_view,2026-02-18
9475,36,969,dashboard_view,2026-02-12
9476,36,991,integration_used,2026-02-23
9477,36,987,report_created,2026-02-12
9478,36,980,dashboard_view,2026-03-04
9479,36,991,dashboard_view,2026-02-13
9480,36,975,export,2026-03-01
9481,36,988,export,2026-02-25
9482,36,967,integration_used,2026-02-14
9483,36,989,integration_used,2026-02-25
9484,36,969,dashboard_view,2026-02-12
9485,36,971,integration_used,2026-02-27
9486,36,985,export,2026-02-24
9487,36,966,integration_used,2026-03-03
9488,36,992,login,2026-03-04
9489,36,977,login,2026-02-25
9490,36,977,login,2026-02-19
9491,36,988,report_created,2026-03-07
9492,36,983,report_created,2026-02-21
9493,36,977,export,2026-03-04
9494,36,988,integration_used,2026-02-23
9495,36,982,report_created,2026-02-14
9496,36,977,report_created,2026-03-13
9497,36,981,export,2026-02-28
9498,36,984,integration_used,2026-03-05
9499,36,989,export,2026-02-16
9500,36,971,integration_used,2026-02-13
9501,36,972,integration_used,2026-03-13
9502,36,992,export,2026-02-12
9503,36,969,export,2026-03-07
9504,36,990,login,2026-03-10
9505,36,991,login,2026-02-24
9506,36,983,dashboard_view,2026-02-13
9507,36,978,export,2026-03-11
9508,36,977,login,2026-03-09
9509,36,968,report_created,2026-02-28
9510,36,976,report_created,2026-02-13
9511,36,988,integration_used,2026-02-27
9512,36,978,report_created,2026-03-05
9513,36,980,integration_used,2026-02-20
9514,36,977,report_created,2026-03-03
9515,36,989,report_created,2026-02-17
9516,36,993,report_created,2026-02-26
9517,36,968,report_created,2026-03-08
9518,36,980,report_created,2026-02-28
9519,36,965,login,2026-03-13
9520,36,977,export,2026-02-25
9521,36,975,export,2026-02-25
9522,36,990,dashboard_view,2026-02-25
9523,36,974,login,2026-02-20
9524,36,976,export,2026-03-11
9525,36,977,report_created,2026-03-02
9526,36,975,dashboard_view,2026-03-10
9527,36,970,report_created,2026-02-13
9528,36,992,report_created,2026-03-04
9529,36,967,integration_used,2026-02-17
9530,36,983,export,2026-02-22
9531,36,994,login,2026-03-04
9532,36,969,dashboard_view,2026-02-16
9533,36,971,export,2026-02-25
9534,36,994,export,2026-02-24
9535,36,981,dashboard_view,2026-03-19
9536,36,991,export,2026-04-02
9537,36,992,login,2026-04-11
9538,36,979,dashboard_view,2026-04-12
9539,36,978,login,2026-04-06
9540,36,993,report_created,2026-03-24
9541,36,990,report_created,2026-03-14
9542,36,969,dashboard_view,2026-03-14
9543,36,981,export,2026-03-23
9544,36,966,login,2026-04-07
9545,36,990,report_created,2026-03-21
9546,36,988,integration_used,2026-04-11
9547,36,984,integration_used,2026-03-20
9548,36,972,integration_used,2026-04-12
9549,36,989,report_created,2026-03-16
9550,36,988,dashboard_view,2026-04-10
9551,36,973,integration_used,2026-03-22
9552,36,965,export,2026-03-25
9553,36,985,integration_used,2026-04-10
9554,36,980,export,2026-03-24
9555,36,992,integration_used,2026-03-16
9556,36,993,dashboard_view,2026-03-28
9557,36,991,report_created,2026-04-04
9558,36,969,report_created,2026-03-26
9559,36,968,report_created,2026-04-06
9560,36,977,report_created,2026-03-24
9561,36,981,report_created,2026-04-12
9562,36,975,login,2026-03-14
9563,36,979,report_created,2026-04-06
9564,36,989,export,2026-03-19
9565,36,989,export,2026-03-21
9566,36,974,login,2026-03-27
9567,36,983,export,2026-04-02
9568,36,985,dashboard_view,2026-03-23
9569,36,983,login,2026-04-04
9570,36,993,integration_used,2026-04-02
9571,36,991,integration_used,2026-03-23
9572,36,966,export,2026-04-08
9573,36,965,integration_used,2026-04-07
9574,36,973,dashboard_view,2026-04-04
9575,36,985,login,2026-03-16
9576,36,990,login,2026-04-05
9577,36,976,integration_used,2026-03-14
9578,36,984,dashboard_view,2026-03-19
9579,36,975,report_created,2026-03-27
9580,36,984,login,2026-03-17
9581,36,979,report_created,2026-04-06
9582,36,969,dashboard_view,2026-04-11
9583,36,968,export,2026-03-25
9584,36,986,export,2026-03-29
9585,36,974,export,2026-03-26
9586,36,979,integration_used,2026-04-01
9587,36,976,report_created,2026-04-09
9588,36,967,export,2026-03-27
9589,36,988,integration_used,2026-04-04
9590,36,971,integration_used,2026-05-12
9591,36,981,dashboard_view,2026-04-18
9592,36,991,report_created,2026-04-23
9593,36,990,integration_used,2026-04-22
9594,36,992,integration_used,2026-04-30
9595,36,990,login,2026-05-04
9596,36,983,dashboard_view,2026-04-29
9597,36,972,dashboard_view,2026-04-22
9598,36,970,export,2026-04-14
9599,36,965,report_created,2026-04-19
9600,36,988,export,2026-04-25
9601,36,987,report_created,2026-04-23
9602,36,970,export,2026-04-28
9603,36,991,report_created,2026-04-27
9604,36,994,dashboard_view,2026-04-26
9605,36,968,export,2026-04-15
9606,36,971,login,2026-04-20
9607,36,977,dashboard_view,2026-04-30
9608,36,991,dashboard_view,2026-04-24
9609,36,986,login,2026-04-22
9610,36,976,integration_used,2026-05-10
9611,36,994,login,2026-04-14
9612,36,979,integration_used,2026-04-25
9613,36,969,dashboard_view,2026-05-03
9614,36,993,report_created,2026-04-30
9615,36,991,integration_used,2026-05-02
9616,36,974,integration_used,2026-04-29
9617,36,982,login,2026-04-24
9618,36,994,dashboard_view,2026-04-29
9619,36,972,export,2026-05-08
9620,36,988,dashboard_view,2026-05-08
9621,36,985,login,2026-04-27
9622,36,979,integration_used,2026-04-23
9623,36,983,dashboard_view,2026-05-12
9624,36,993,dashboard_view,2026-05-07
9625,36,980,integration_used,2026-04-21
9626,36,966,export,2026-05-11
9627,36,975,report_created,2026-04-16
9628,36,992,integration_used,2026-04-17
9629,36,985,export,2026-04-22
9630,36,966,integration_used,2026-04-21
9631,36,973,export,2026-04-17
9632,36,979,report_created,2026-04-24
9633,36,987,login,2026-05-04
9634,36,985,export,2026-04-17
9635,36,980,report_created,2026-06-01
9636,36,971,integration_used,2026-05-24
9637,36,967,integration_used,2026-05-16
9638,36,982,login,2026-05-23
9639,36,991,dashboard_view,2026-05-28
9640,36,979,login,2026-05-26
9641,36,976,login,2026-05-24
9642,36,975,integration_used,2026-05-27
9643,36,966,integration_used,2026-05-25
9644,36,974,integration_used,2026-05-31
9645,36,984,export,2026-05-18
9646,36,970,integration_used,2026-05-30
9647,36,971,report_created,2026-05-26
9648,36,982,export,2026-05-26
9649,36,978,integration_used,2026-06-05
9650,36,965,dashboard_view,2026-05-15
9651,36,965,export,2026-05-21
9652,36,977,dashboard_view,2026-06-09
9653,36,972,export,2026-05-24
9654,36,986,dashboard_view,2026-06-08
9655,36,968,integration_used,2026-05-13
9656,36,965,report_created,2026-05-22
9657,36,988,integration_used,2026-06-09
9658,36,993,integration_used,2026-05-17
9659,36,968,integration_used,2026-06-07
9660,36,985,integration_used,2026-05-17
9661,36,981,export,2026-05-22
9662,36,992,login,2026-05-22
9663,36,981,dashboard_view,2026-05-18
9664,36,991,login,2026-05-17
9665,36,985,export,2026-05-16
9666,36,965,export,2026-05-13
9667,36,977,integration_used,2026-05-20
9668,36,966,login,2026-05-15
9669,36,966,integration_used,2026-05-28
9670,36,969,export,2026-06-04
9671,36,989,integration_used,2026-06-07
9672,36,982,export,2026-06-07
9673,36,972,integration_used,2026-07-03
9674,36,986,export,2026-06-12
9675,36,986,integration_used,2026-07-02
9676,36,993,login,2026-06-27
9677,36,972,report_created,2026-06-19
9678,36,966,export,2026-06-28
9679,36,975,integration_used,2026-06-27
9680,36,984,integration_used,2026-06-28
9681,36,990,dashboard_view,2026-06-18
9682,36,971,report_created,2026-07-01
9683,36,987,login,2026-06-27
9684,36,990,export,2026-06-26
9685,36,972,login,2026-06-18
9686,36,989,dashboard_view,2026-07-06
9687,36,968,report_created,2026-07-01
9688,36,975,login,2026-06-21
9689,36,986,report_created,2026-06-14
9690,36,979,login,2026-06-20
9691,36,976,login,2026-07-07
9692,36,981,integration_used,2026-06-26
9693,36,984,dashboard_view,2026-06-20
9694,36,981,report_created,2026-07-03
9695,36,966,report_created,2026-08-01
9696,36,981,dashboard_view,2026-07-24
9697,36,968,report_created,2026-08-08
9698,36,967,export,2026-08-01
9699,36,966,login,2026-07-21
9700,36,989,dashboard_view,2026-08-06
9701,36,985,report_created,2026-07-16
9702,36,992,dashboard_view,2026-08-09
9703,36,977,export,2026-07-24
9704,37,1015,export,2026-02-21
9705,37,1029,login,2026-02-22
9706,37,1042,integration_used,2026-03-12
9707,37,1035,export,2026-02-27
9708,37,1034,integration_used,2026-02-27
9709,37,998,dashboard_view,2026-02-14
9710,37,1009,report_created,2026-02-21
9711,37,1035,report_created,2026-03-05
9712,37,1022,report_created,2026-02-25
9713,37,1011,export,2026-02-28
9714,37,1031,report_created,2026-02-16
9715,37,996,dashboard_view,2026-02-12
9716,37,1022,export,2026-02-18
9717,37,1014,login,2026-02-15
9718,37,999,dashboard_view,2026-02-28
9719,37,1003,report_created,2026-02-22
9720,37,1025,export,2026-03-07
9721,37,1027,dashboard_view,2026-02-20
9722,37,1002,integration_used,2026-03-02
9723,37,1026,export,2026-03-02
9724,37,1040,dashboard_view,2026-02-12
9725,37,1033,dashboard_view,2026-02-12
9726,37,1037,dashboard_view,2026-02-27
9727,37,1001,export,2026-02-25
9728,37,1030,dashboard_view,2026-02-17
9729,37,1040,dashboard_view,2026-03-12
9730,37,1031,login,2026-02-15
9731,37,1016,report_created,2026-02-24
9732,37,1040,report_created,2026-02-20
9733,37,1036,dashboard_view,2026-03-08
9734,37,1009,report_created,2026-03-08
9735,37,1000,report_created,2026-03-01
9736,37,999,report_created,2026-02-24
9737,37,1035,report_created,2026-02-18
9738,37,1029,integration_used,2026-03-06
9739,37,1022,export,2026-02-16
9740,37,996,dashboard_view,2026-02-27
9741,37,1014,export,2026-03-04
9742,37,1025,report_created,2026-02-19
9743,37,1019,login,2026-03-08
9744,37,1017,integration_used,2026-02-18
9745,37,1017,report_created,2026-02-24
9746,37,1036,export,2026-03-11
9747,37,1012,integration_used,2026-02-18
9748,37,1002,login,2026-02-28
9749,37,1023,report_created,2026-03-13
9750,37,995,dashboard_view,2026-03-08
9751,37,999,login,2026-02-25
9752,37,1031,login,2026-03-26
9753,37,1036,report_created,2026-03-17
9754,37,1001,report_created,2026-04-05
9755,37,1012,export,2026-03-22
9756,37,1019,login,2026-03-21
9757,37,1040,report_created,2026-03-25
9758,37,1030,export,2026-04-06
9759,37,1023,login,2026-04-03
9760,37,1042,integration_used,2026-04-08
9761,37,1041,dashboard_view,2026-03-16
9762,37,1029,report_created,2026-03-31
9763,37,1037,dashboard_view,2026-03-23
9764,37,1007,login,2026-03-19
9765,37,1004,report_created,2026-03-30
9766,37,1042,integration_used,2026-04-12
9767,37,1041,integration_used,2026-03-23
9768,37,1019,dashboard_view,2026-03-21
9769,37,1002,dashboard_view,2026-03-26
9770,37,1021,export,2026-03-31
9771,37,1024,integration_used,2026-04-09
9772,37,1042,export,2026-03-31
9773,37,1021,login,2026-03-30
9774,37,995,report_created,2026-04-08
9775,37,1042,dashboard_view,2026-03-31
9776,37,1012,login,2026-04-07
9777,37,1003,dashboard_view,2026-03-18
9778,37,1003,dashboard_view,2026-03-22
9779,37,1012,integration_used,2026-03-24
9780,37,1029,login,2026-04-11
9781,37,1008,export,2026-03-20
9782,37,1022,dashboard_view,2026-03-26
9783,37,1021,report_created,2026-03-28
9784,37,1034,login,2026-03-20
9785,37,1001,export,2026-03-28
9786,37,1034,report_created,2026-04-10
9787,37,1004,report_created,2026-03-23
9788,37,1012,export,2026-03-17
9789,37,1002,report_created,2026-04-04
9790,37,996,dashboard_view,2026-03-24
9791,37,1008,report_created,2026-04-05
9792,37,999,report_created,2026-03-29
9793,37,1020,report_created,2026-03-14
9794,37,1022,report_created,2026-03-15
9795,37,1003,export,2026-03-16
9796,37,998,integration_used,2026-04-09
9797,37,1019,export,2026-04-05
9798,37,1003,dashboard_view,2026-03-31
9799,37,999,integration_used,2026-03-25
9800,37,1017,export,2026-03-20
9801,37,1034,report_created,2026-03-23
9802,37,1017,dashboard_view,2026-03-25
9803,37,1035,export,2026-04-07
9804,37,1019,report_created,2026-04-15
9805,37,1000,integration_used,2026-05-03
9806,37,997,dashboard_view,2026-05-12
9807,37,1030,login,2026-05-02
9808,37,1006,report_created,2026-04-19
9809,37,1016,dashboard_view,2026-05-10
9810,37,1012,report_created,2026-04-18
9811,37,1038,integration_used,2026-05-04
9812,37,1020,dashboard_view,2026-04-27
9813,37,1006,integration_used,2026-04-25
9814,37,1009,login,2026-04-24
9815,37,1014,dashboard_view,2026-04-27
9816,37,1009,report_created,2026-05-10
9817,37,1018,export,2026-05-04
9818,37,1041,login,2026-04-19
9819,37,1018,export,2026-04-21
9820,37,1013,dashboard_view,2026-04-24
9821,37,1004,login,2026-05-01
9822,37,1002,integration_used,2026-05-04
9823,37,1024,integration_used,2026-04-26
9824,37,1024,report_created,2026-04-24
9825,37,1008,dashboard_view,2026-05-10
9826,37,1039,report_created,2026-05-12
9827,37,995,report_created,2026-04-24
9828,37,1013,export,2026-05-05
9829,37,1026,export,2026-04-22
9830,37,1022,integration_used,2026-05-09
9831,37,1007,integration_used,2026-05-11
9832,37,1018,login,2026-04-26
9833,37,998,integration_used,2026-05-09
9834,37,1025,login,2026-05-05
9835,37,1014,integration_used,2026-05-06
9836,37,1000,login,2026-05-02
9837,37,999,dashboard_view,2026-05-04
9838,37,1022,integration_used,2026-04-27
9839,37,1021,login,2026-05-07
9840,37,995,integration_used,2026-04-27
9841,37,999,export,2026-04-25
9842,37,1001,integration_used,2026-05-11
9843,37,1037,integration_used,2026-04-30
9844,37,1015,report_created,2026-04-29
9845,37,1003,export,2026-05-02
9846,37,998,integration_used,2026-04-29
9847,37,1036,login,2026-04-16
9848,37,1004,export,2026-04-15
9849,37,1032,dashboard_view,2026-04-21
9850,37,1010,login,2026-04-13
9851,37,1018,dashboard_view,2026-05-04
9852,37,1040,dashboard_view,2026-04-19
9853,37,1020,login,2026-06-10
9854,37,1006,login,2026-06-05
9855,37,1006,export,2026-05-26
9856,37,1016,report_created,2026-05-22
9857,37,1039,report_created,2026-06-11
9858,37,1003,report_created,2026-06-06
9859,37,1042,login,2026-06-08
9860,37,1013,dashboard_view,2026-05-17
9861,37,996,export,2026-05-30
9862,37,1025,login,2026-06-10
9863,37,1015,report_created,2026-06-09
9864,37,1015,integration_used,2026-05-19
9865,37,1031,login,2026-06-07
9866,37,1001,export,2026-05-15
9867,37,1022,dashboard_view,2026-05-14
9868,37,1008,integration_used,2026-05-15
9869,37,1004,dashboard_view,2026-06-07
9870,37,1003,login,2026-06-03
9871,37,997,dashboard_view,2026-06-01
9872,37,1032,dashboard_view,2026-06-07
9873,37,1037,login,2026-06-06
9874,37,1018,dashboard_view,2026-05-30
9875,37,1036,login,2026-06-11
9876,37,1037,integration_used,2026-05-19
9877,37,997,login,2026-05-15
9878,37,1002,dashboard_view,2026-05-18
9879,37,1011,report_created,2026-05-25
9880,37,1008,integration_used,2026-06-04
9881,37,1001,dashboard_view,2026-06-05
9882,37,1036,report_created,2026-06-06
9883,37,1028,login,2026-06-29
9884,37,1008,dashboard_view,2026-07-06
9885,37,1041,report_created,2026-06-22
9886,37,1016,export,2026-06-15
9887,37,1038,report_created,2026-07-02
9888,37,1003,report_created,2026-07-05
9889,37,1006,export,2026-06-25
9890,37,1014,report_created,2026-06-17
9891,37,1034,export,2026-06-27
9892,37,995,report_created,2026-07-06
9893,37,1032,export,2026-06-25
9894,37,1022,report_created,2026-07-05
9895,37,1006,login,2026-06-18
9896,37,1041,integration_used,2026-06-16
9897,37,1017,export,2026-07-04
9898,37,1024,export,2026-06-21
9899,37,1035,dashboard_view,2026-06-13
9900,37,1012,integration_used,2026-06-20
9901,37,1030,report_created,2026-06-21
9902,37,1006,export,2026-06-22
9903,37,1009,export,2026-06-30
9904,37,1000,dashboard_view,2026-07-01
9905,37,1019,report_created,2026-06-29
9906,37,1016,login,2026-06-23
9907,37,1012,export,2026-06-26
9908,37,1005,dashboard_view,2026-06-30
9909,37,1035,login,2026-06-25
9910,37,1034,export,2026-06-12
9911,37,1021,login,2026-07-02
9912,37,1012,report_created,2026-06-26
9913,37,1010,integration_used,2026-07-29
9914,37,1039,dashboard_view,2026-07-30
9915,37,1013,export,2026-07-13
9916,37,1012,export,2026-07-12
9917,37,1022,report_created,2026-07-18
9918,37,1037,report_created,2026-08-03
9919,37,1008,integration_used,2026-07-24
9920,37,1039,export,2026-07-19
9921,37,1003,integration_used,2026-07-17
9922,37,1030,report_created,2026-07-13
9923,37,1042,dashboard_view,2026-08-03
9924,37,1013,export,2026-08-04
9925,37,1026,integration_used,2026-07-12
9926,37,1004,login,2026-08-01
9927,37,1016,login,2026-07-26
9928,37,1005,export,2026-07-21
9929,37,1036,export,2026-07-19
9930,37,1007,integration_used,2026-07-18
9931,37,1009,report_created,2026-07-31
9932,37,1008,report_created,2026-07-20
9933,37,1021,report_created,2026-07-24
9934,37,1027,export,2026-07-18
9935,37,1010,integration_used,2026-07-20
9936,37,996,login,2026-07-28
9937,37,1020,integration_used,2026-07-18
9938,37,1004,integration_used,2026-08-01
9939,37,1025,dashboard_view,2026-07-23
9940,38,1046,report_created,2026-03-10
9941,38,1044,integration_used,2026-02-20
9942,38,1043,export,2026-03-10
9943,38,1047,dashboard_view,2026-02-21
9944,38,1046,login,2026-03-11
9945,38,1044,export,2026-03-13
9946,38,1044,dashboard_view,2026-02-26
9947,38,1046,export,2026-03-12
9948,38,1044,login,2026-02-17
9949,38,1043,integration_used,2026-03-05
9950,38,1047,export,2026-02-28
9951,38,1047,login,2026-02-13
9952,38,1047,dashboard_view,2026-02-13
9953,38,1046,report_created,2026-02-18
9954,38,1047,login,2026-03-07
9955,38,1044,report_created,2026-03-10
9956,38,1046,dashboard_view,2026-02-16
9957,38,1047,report_created,2026-02-17
9958,38,1046,dashboard_view,2026-03-01
9959,38,1045,report_created,2026-02-21
9960,38,1044,integration_used,2026-02-18
9961,38,1044,report_created,2026-03-01
9962,38,1045,export,2026-02-17
9963,38,1044,dashboard_view,2026-02-12
9964,38,1047,export,2026-03-10
9965,38,1044,integration_used,2026-02-18
9966,38,1047,report_created,2026-02-21
9967,38,1043,export,2026-03-07
9968,38,1047,integration_used,2026-03-05
9969,38,1043,login,2026-02-20
9970,38,1044,export,2026-02-21
9971,38,1046,report_created,2026-02-19
9972,38,1047,login,2026-02-27
9973,38,1047,export,2026-02-28
9974,38,1043,integration_used,2026-02-28
9975,38,1044,report_created,2026-03-07
9976,38,1044,login,2026-02-22
9977,38,1043,login,2026-03-31
9978,38,1044,integration_used,2026-04-01
9979,38,1043,export,2026-04-09
9980,38,1044,integration_used,2026-03-25
9981,38,1045,integration_used,2026-03-20
9982,38,1043,login,2026-03-19
9983,38,1044,dashboard_view,2026-04-05
9984,38,1045,dashboard_view,2026-04-04
9985,38,1046,export,2026-03-14
9986,38,1046,dashboard_view,2026-03-22
9987,38,1045,login,2026-03-26
9988,38,1045,integration_used,2026-04-11
9989,38,1047,report_created,2026-03-18
9990,38,1043,login,2026-03-20
9991,38,1043,export,2026-03-16
9992,38,1046,dashboard_view,2026-03-24
9993,38,1043,report_created,2026-04-10
9994,38,1047,login,2026-04-10
9995,38,1046,report_created,2026-04-12
9996,38,1047,integration_used,2026-03-23
9997,38,1043,login,2026-03-19
9998,38,1043,report_created,2026-03-16
9999,38,1044,login,2026-03-15
10000,38,1044,integration_used,2026-03-27
10001,38,1046,export,2026-03-16
10002,38,1043,integration_used,2026-03-31
10003,38,1043,login,2026-03-20
10004,38,1047,login,2026-03-24
10005,38,1044,dashboard_view,2026-04-03
10006,38,1043,dashboard_view,2026-03-16
10007,38,1045,report_created,2026-03-27
10008,38,1045,report_created,2026-03-26
10009,38,1044,dashboard_view,2026-04-11
10010,38,1045,login,2026-04-06
10011,38,1046,export,2026-04-11
10012,38,1047,login,2026-03-22
10013,38,1047,dashboard_view,2026-05-09
10014,38,1047,login,2026-04-30
10015,38,1043,export,2026-05-02
10016,38,1043,login,2026-04-15
10017,38,1046,dashboard_view,2026-05-09
10018,38,1044,login,2026-04-17
10019,38,1047,report_created,2026-04-21
10020,38,1043,report_created,2026-05-08
10021,38,1046,login,2026-04-21
10022,38,1044,integration_used,2026-04-13
10023,38,1047,login,2026-04-17
10024,38,1045,login,2026-05-10
10025,38,1044,integration_used,2026-04-16
10026,38,1046,report_created,2026-04-15
10027,38,1045,export,2026-05-08
10028,38,1043,integration_used,2026-04-18
10029,38,1044,export,2026-04-29
10030,38,1047,export,2026-05-01
10031,38,1046,export,2026-05-03
10032,38,1044,login,2026-04-23
10033,38,1044,login,2026-04-25
10034,38,1043,export,2026-04-13
10035,38,1045,login,2026-04-23
10036,38,1046,integration_used,2026-05-09
10037,38,1045,dashboard_view,2026-05-07
10038,38,1044,report_created,2026-05-09
10039,38,1045,login,2026-04-14
10040,38,1043,dashboard_view,2026-04-20
10041,38,1043,report_created,2026-04-13
10042,38,1044,login,2026-05-02
10043,38,1046,export,2026-04-23
10044,38,1044,login,2026-04-30
10045,38,1046,report_created,2026-04-25
10046,38,1045,dashboard_view,2026-05-02
10047,38,1045,export,2026-05-07
10048,38,1045,login,2026-04-14
10049,38,1043,report_created,2026-05-08
10050,38,1045,login,2026-04-27
10051,38,1046,integration_used,2026-04-24
10052,38,1047,integration_used,2026-04-20
10053,38,1045,integration_used,2026-04-26
10054,38,1045,export,2026-04-29
10055,38,1047,integration_used,2026-05-03
10056,38,1047,dashboard_view,2026-04-23
10057,38,1043,report_created,2026-05-12
10058,38,1043,report_created,2026-04-24
10059,38,1046,report_created,2026-04-28
10060,38,1046,report_created,2026-05-06
10061,38,1045,integration_used,2026-04-18
10062,38,1045,dashboard_view,2026-04-14
10063,38,1044,login,2026-04-28
10064,38,1046,export,2026-05-08
10065,38,1046,report_created,2026-05-08
10066,38,1046,login,2026-05-01
10067,38,1045,login,2026-04-30
10068,38,1043,login,2026-05-21
10069,38,1043,report_created,2026-06-02
10070,38,1043,dashboard_view,2026-05-16
10071,38,1043,export,2026-05-16
10072,38,1047,export,2026-05-22
10073,38,1044,login,2026-06-03
10074,38,1047,login,2026-05-28
10075,38,1043,export,2026-06-11
10076,38,1046,integration_used,2026-05-25
10077,38,1043,report_created,2026-05-21
10078,38,1043,dashboard_view,2026-05-27
10079,38,1047,login,2026-06-07
10080,38,1046,dashboard_view,2026-05-29
10081,38,1044,login,2026-05-26
10082,38,1043,dashboard_view,2026-05-31
10083,38,1044,dashboard_view,2026-06-04
10084,38,1047,dashboard_view,2026-06-07
10085,38,1044,dashboard_view,2026-05-25
10086,38,1045,integration_used,2026-06-11
10087,38,1045,report_created,2026-05-27
10088,38,1044,dashboard_view,2026-05-26
10089,38,1045,integration_used,2026-05-23
10090,38,1047,login,2026-06-02
10091,38,1043,login,2026-06-03
10092,38,1043,integration_used,2026-05-19
10093,38,1045,integration_used,2026-05-28
10094,38,1043,report_created,2026-06-04
10095,38,1043,login,2026-05-20
10096,38,1044,login,2026-05-31
10097,38,1045,report_created,2026-06-05
10098,38,1046,dashboard_view,2026-05-13
10099,38,1044,integration_used,2026-05-18
10100,38,1047,login,2026-06-07
10101,38,1046,login,2026-06-02
10102,38,1045,integration_used,2026-05-27
10103,38,1043,export,2026-05-23
10104,38,1047,login,2026-06-04
10105,38,1044,integration_used,2026-05-13
10106,38,1043,login,2026-05-15
10107,38,1043,report_created,2026-05-14
10108,38,1043,report_created,2026-05-23
10109,38,1045,report_created,2026-06-04
10110,38,1043,report_created,2026-05-23
10111,38,1044,integration_used,2026-05-17
10112,38,1043,report_created,2026-05-13
10113,38,1045,integration_used,2026-05-27
10114,38,1046,export,2026-05-17
10115,38,1045,dashboard_view,2026-05-19
10116,38,1047,dashboard_view,2026-06-10
10117,38,1043,integration_used,2026-05-22
10118,38,1047,integration_used,2026-05-13
10119,38,1044,export,2026-06-11
10120,38,1044,report_created,2026-05-18
10121,38,1046,integration_used,2026-05-13
10122,38,1043,dashboard_view,2026-05-21
10123,38,1047,login,2026-06-23
10124,38,1044,dashboard_view,2026-07-08
10125,38,1047,export,2026-06-18
10126,38,1045,dashboard_view,2026-06-12
10127,38,1046,integration_used,2026-06-22
10128,38,1043,report_created,2026-07-01
10129,38,1047,report_created,2026-07-01
10130,38,1046,report_created,2026-06-16
10131,38,1047,report_created,2026-06-23
10132,38,1043,report_created,2026-06-24
10133,38,1044,login,2026-06-23
10134,38,1046,export,2026-06-22
10135,38,1047,login,2026-06-21
10136,38,1045,dashboard_view,2026-06-30
10137,38,1047,integration_used,2026-06-22
10138,38,1046,export,2026-07-11
10139,38,1043,login,2026-06-18
10140,38,1046,export,2026-07-01
10141,38,1046,dashboard_view,2026-07-04
10142,38,1046,report_created,2026-06-17
10143,38,1045,login,2026-06-27
10144,38,1043,report_created,2026-06-29
10145,38,1044,export,2026-06-27
10146,38,1043,dashboard_view,2026-06-12
10147,38,1046,integration_used,2026-06-20
10148,38,1043,integration_used,2026-07-02
10149,38,1047,dashboard_view,2026-07-10
10150,38,1045,login,2026-07-04
10151,38,1047,dashboard_view,2026-07-03
10152,38,1046,export,2026-06-18
10153,38,1047,dashboard_view,2026-06-22
10154,38,1047,export,2026-06-14
10155,38,1045,report_created,2026-07-03
10156,38,1046,export,2026-06-17
10157,38,1044,login,2026-07-01
10158,38,1047,dashboard_view,2026-07-02
10159,38,1044,dashboard_view,2026-06-18
10160,38,1045,dashboard_view,2026-07-06
10161,38,1045,login,2026-06-25
10162,38,1043,login,2026-07-03
10163,38,1046,dashboard_view,2026-06-19
10164,38,1045,report_created,2026-07-08
10165,38,1045,export,2026-07-04
10166,38,1047,report_created,2026-07-08
10167,38,1047,report_created,2026-07-01
10168,38,1046,integration_used,2026-07-02
10169,38,1043,dashboard_view,2026-06-29
10170,38,1046,export,2026-06-23
10171,38,1043,report_created,2026-07-06
10172,38,1044,export,2026-06-30
10173,38,1043,dashboard_view,2026-07-04
10174,38,1044,dashboard_view,2026-06-20
10175,38,1047,report_created,2026-06-16
10176,38,1047,report_created,2026-07-02
10177,38,1044,dashboard_view,2026-06-12
10178,38,1043,integration_used,2026-07-01
10179,38,1044,export,2026-06-25
10180,38,1044,report_created,2026-07-10
10181,38,1043,dashboard_view,2026-06-12
10182,38,1046,integration_used,2026-08-05
10183,38,1047,export,2026-08-08
10184,38,1044,export,2026-08-07
10185,38,1045,integration_used,2026-08-05
10186,38,1044,dashboard_view,2026-07-15
10187,38,1043,login,2026-08-01
10188,38,1046,integration_used,2026-07-27
10189,38,1044,login,2026-07-13
10190,38,1045,dashboard_view,2026-07-20
10191,38,1047,export,2026-08-05
10192,38,1046,dashboard_view,2026-07-22
10193,38,1046,login,2026-07-14
10194,38,1046,dashboard_view,2026-08-03
10195,38,1045,login,2026-07-17
10196,38,1044,dashboard_view,2026-08-07
10197,38,1047,integration_used,2026-08-05
10198,38,1043,integration_used,2026-08-01
10199,38,1045,dashboard_view,2026-08-10
10200,38,1044,export,2026-08-09
10201,38,1043,integration_used,2026-07-20
10202,38,1043,integration_used,2026-08-07
10203,38,1044,dashboard_view,2026-07-21
10204,38,1044,integration_used,2026-07-30
10205,38,1044,integration_used,2026-07-26
10206,38,1046,integration_used,2026-08-08
10207,38,1043,login,2026-08-10
10208,38,1043,integration_used,2026-08-05
10209,38,1045,login,2026-07-28
10210,38,1046,dashboard_view,2026-08-06
10211,38,1045,report_created,2026-07-29
10212,38,1046,integration_used,2026-08-08
10213,38,1045,integration_used,2026-07-30
10214,38,1045,export,2026-08-10
10215,38,1047,dashboard_view,2026-07-22
10216,38,1044,report_created,2026-08-10
10217,38,1045,dashboard_view,2026-07-18
10218,38,1044,dashboard_view,2026-07-18
10219,38,1043,export,2026-07-29
10220,38,1046,integration_used,2026-07-12
10221,38,1043,report_created,2026-08-01
10222,38,1046,export,2026-08-01
10223,38,1045,dashboard_view,2026-07-15
10224,38,1046,login,2026-08-10
10225,38,1047,report_created,2026-08-01
10226,38,1044,integration_used,2026-07-20
10227,38,1043,login,2026-07-12
10228,38,1046,export,2026-07-26
10229,38,1046,export,2026-07-19
10230,38,1045,report_created,2026-08-09
10231,38,1044,export,2026-07-20
10232,38,1046,dashboard_view,2026-08-08
10233,38,1043,integration_used,2026-07-16
10234,38,1044,login,2026-07-24
10235,38,1045,integration_used,2026-07-26
10236,38,1043,login,2026-07-28
10237,38,1047,dashboard_view,2026-08-09
10238,38,1044,login,2026-08-03
10239,38,1043,export,2026-07-29
10240,39,1048,export,2026-03-01
10241,39,1061,report_created,2026-03-07
10242,39,1055,dashboard_view,2026-03-09
10243,39,1054,export,2026-02-20
10244,39,1051,report_created,2026-02-24
10245,39,1066,login,2026-03-09
10246,39,1052,integration_used,2026-03-01
10247,39,1057,integration_used,2026-02-21
10248,39,1059,dashboard_view,2026-02-28
10249,39,1063,login,2026-03-11
10250,39,1057,dashboard_view,2026-02-14
10251,39,1057,login,2026-03-07
10252,39,1049,dashboard_view,2026-03-13
10253,39,1062,report_created,2026-02-15
10254,39,1055,integration_used,2026-02-23
10255,39,1066,dashboard_view,2026-02-12
10256,39,1055,login,2026-02-19
10257,39,1054,report_created,2026-03-09
10258,39,1061,integration_used,2026-03-02
10259,39,1064,export,2026-02-14
10260,39,1060,dashboard_view,2026-02-22
10261,39,1052,integration_used,2026-02-26
10262,39,1056,export,2026-03-10
10263,39,1065,export,2026-03-07
10264,39,1061,integration_used,2026-03-03
10265,39,1050,report_created,2026-02-13
10266,39,1054,integration_used,2026-02-12
10267,39,1052,login,2026-03-12
10268,39,1051,report_created,2026-02-17
10269,39,1048,export,2026-02-15
10270,39,1059,export,2026-03-08
10271,39,1060,dashboard_view,2026-03-04
10272,39,1061,dashboard_view,2026-02-27
10273,39,1059,dashboard_view,2026-03-11
10274,39,1063,report_created,2026-03-08
10275,39,1058,dashboard_view,2026-03-02
10276,39,1055,report_created,2026-02-26
10277,39,1060,export,2026-03-03
10278,39,1063,report_created,2026-02-28
10279,39,1064,integration_used,2026-02-27
10280,39,1057,export,2026-02-23
10281,39,1053,report_created,2026-03-08
10282,39,1066,report_created,2026-03-04
10283,39,1051,report_created,2026-03-13
10284,39,1061,dashboard_view,2026-02-21
10285,39,1058,export,2026-03-13
10286,39,1066,integration_used,2026-03-09
10287,39,1061,export,2026-03-03
10288,39,1065,report_created,2026-02-12
10289,39,1051,login,2026-03-09
10290,39,1061,dashboard_view,2026-02-17
10291,39,1062,export,2026-02-13
10292,39,1063,integration_used,2026-03-08
10293,39,1055,report_created,2026-02-18
10294,39,1048,export,2026-02-22
10295,39,1066,dashboard_view,2026-02-17
10296,39,1056,report_created,2026-02-20
10297,39,1052,dashboard_view,2026-03-11
10298,39,1066,report_created,2026-03-10
10299,39,1059,login,2026-03-15
10300,39,1053,dashboard_view,2026-04-08
10301,39,1057,export,2026-03-15
10302,39,1062,login,2026-03-26
10303,39,1057,report_created,2026-03-14
10304,39,1063,integration_used,2026-03-20
10305,39,1062,dashboard_view,2026-03-16
10306,39,1059,integration_used,2026-04-09
10307,39,1057,login,2026-03-21
10308,39,1062,dashboard_view,2026-04-12
10309,39,1055,integration_used,2026-03-23
10310,39,1064,login,2026-04-08
10311,39,1057,integration_used,2026-03-29
10312,39,1052,dashboard_view,2026-03-19
10313,39,1054,dashboard_view,2026-03-29
10314,39,1049,integration_used,2026-03-14
10315,39,1056,login,2026-04-02
10316,39,1060,export,2026-03-28
10317,39,1062,export,2026-04-12
10318,39,1054,dashboard_view,2026-03-30
10319,39,1052,integration_used,2026-03-16
10320,39,1061,login,2026-04-06
10321,39,1051,dashboard_view,2026-04-10
10322,39,1052,login,2026-04-12
10323,39,1064,integration_used,2026-04-03
10324,39,1056,export,2026-04-08
10325,39,1056,integration_used,2026-03-19
10326,39,1054,dashboard_view,2026-04-06
10327,39,1061,export,2026-03-16
10328,39,1066,login,2026-03-31
10329,39,1064,integration_used,2026-04-07
10330,39,1060,login,2026-03-28
10331,39,1054,login,2026-03-31
10332,39,1058,report_created,2026-03-23
10333,39,1057,export,2026-03-15
10334,39,1052,integration_used,2026-04-12
10335,39,1059,export,2026-03-14
10336,39,1056,login,2026-03-25
10337,39,1051,dashboard_view,2026-03-16
10338,39,1052,integration_used,2026-04-04
10339,39,1059,login,2026-03-19
10340,39,1066,dashboard_view,2026-03-14
10341,39,1059,login,2026-04-11
10342,39,1050,report_created,2026-04-09
10343,39,1057,login,2026-03-31
10344,39,1063,integration_used,2026-04-01
10345,39,1049,login,2026-03-26
10346,39,1054,integration_used,2026-03-27
10347,39,1066,login,2026-03-23
10348,39,1057,login,2026-04-04
10349,39,1049,login,2026-04-03
10350,39,1056,login,2026-04-05
10351,39,1059,export,2026-03-31
10352,39,1050,dashboard_view,2026-04-21
10353,39,1058,integration_used,2026-05-06
10354,39,1051,integration_used,2026-05-04
10355,39,1054,report_created,2026-04-27
10356,39,1062,report_created,2026-05-02
10357,39,1064,dashboard_view,2026-05-11
10358,39,1049,login,2026-04-23
10359,39,1051,export,2026-04-13
10360,39,1064,report_created,2026-04-13
10361,39,1060,export,2026-05-03
10362,39,1051,export,2026-04-27
10363,39,1065,login,2026-05-04
10364,39,1050,integration_used,2026-04-13
10365,39,1049,export,2026-05-08
10366,39,1051,integration_used,2026-04-30
10367,39,1064,integration_used,2026-04-20
10368,39,1054,login,2026-04-27
10369,39,1061,login,2026-05-10
10370,39,1059,export,2026-04-26
10371,39,1061,integration_used,2026-04-17
10372,39,1061,login,2026-05-09
10373,39,1066,export,2026-04-24
10374,39,1060,report_created,2026-04-28
10375,39,1066,integration_used,2026-04-19
10376,39,1054,dashboard_view,2026-04-21
10377,39,1053,login,2026-04-29
10378,39,1063,login,2026-04-15
10379,39,1058,login,2026-04-15
10380,39,1058,dashboard_view,2026-04-25
10381,39,1059,report_created,2026-05-06
10382,39,1059,integration_used,2026-04-22
10383,39,1050,report_created,2026-04-24
10384,39,1061,export,2026-05-02
10385,39,1052,report_created,2026-04-25
10386,39,1055,dashboard_view,2026-05-01
10387,39,1055,integration_used,2026-04-24
10388,39,1064,report_created,2026-05-07
10389,39,1053,export,2026-04-30
10390,39,1052,export,2026-05-09
10391,39,1063,integration_used,2026-05-02
10392,39,1049,report_created,2026-05-10
10393,39,1065,report_created,2026-04-16
10394,39,1061,integration_used,2026-04-29
10395,39,1063,dashboard_view,2026-04-23
10396,39,1048,dashboard_view,2026-04-16
10397,39,1052,integration_used,2026-05-17
10398,39,1058,dashboard_view,2026-06-05
10399,39,1062,export,2026-06-06
10400,39,1060,integration_used,2026-05-29
10401,39,1065,dashboard_view,2026-05-17
10402,39,1056,login,2026-06-01
10403,39,1059,login,2026-05-17
10404,39,1053,dashboard_view,2026-06-01
10405,39,1064,report_created,2026-05-31
10406,39,1061,dashboard_view,2026-06-08
10407,39,1048,integration_used,2026-05-17
10408,39,1062,dashboard_view,2026-05-16
10409,39,1048,integration_used,2026-05-25
10410,39,1063,login,2026-06-07
10411,39,1062,dashboard_view,2026-05-18
10412,39,1065,dashboard_view,2026-05-15
10413,39,1063,export,2026-05-17
10414,39,1063,login,2026-05-28
10415,39,1051,integration_used,2026-05-14
10416,39,1057,report_created,2026-06-07
10417,39,1052,export,2026-05-20
10418,39,1064,export,2026-05-13
10419,39,1054,integration_used,2026-06-11
10420,39,1049,export,2026-06-11
10421,39,1050,login,2026-06-07
10422,39,1049,dashboard_view,2026-05-16
10423,39,1056,dashboard_view,2026-06-07
10424,39,1057,report_created,2026-05-21
10425,39,1063,login,2026-06-05
10426,39,1059,export,2026-05-19
10427,39,1063,integration_used,2026-07-08
10428,39,1061,login,2026-06-12
10429,39,1066,export,2026-06-23
10430,39,1051,report_created,2026-06-29
10431,39,1061,export,2026-06-30
10432,39,1060,export,2026-06-17
10433,39,1061,login,2026-07-02
10434,39,1060,dashboard_view,2026-06-25
10435,39,1054,report_created,2026-07-02
10436,39,1048,integration_used,2026-07-11
10437,39,1059,dashboard_view,2026-07-07
10438,39,1057,export,2026-07-07
10439,39,1059,export,2026-07-05
10440,39,1054,dashboard_view,2026-06-19
10441,39,1052,login,2026-06-15
10442,39,1066,report_created,2026-07-09
10443,39,1055,login,2026-06-22
10444,39,1062,report_created,2026-07-11
10445,39,1057,dashboard_view,2026-06-26
10446,39,1061,login,2026-07-10
10447,39,1058,integration_used,2026-06-26
10448,39,1051,report_created,2026-07-09
10449,39,1049,login,2026-06-18
10450,39,1049,export,2026-07-09
10451,39,1052,login,2026-06-28
10452,39,1048,login,2026-06-25
10453,39,1052,report_created,2026-06-29
10454,39,1065,dashboard_view,2026-06-23
10455,39,1056,export,2026-06-14
10456,39,1058,export,2026-06-22
10457,39,1065,dashboard_view,2026-06-12
10458,39,1055,report_created,2026-07-01
10459,39,1064,dashboard_view,2026-06-25
10460,39,1059,login,2026-06-26
10461,39,1053,report_created,2026-07-08
10462,39,1066,export,2026-06-29
10463,39,1066,report_created,2026-07-09
10464,39,1060,integration_used,2026-07-04
10465,39,1061,export,2026-06-21
10466,39,1055,dashboard_view,2026-07-16
10467,39,1048,dashboard_view,2026-07-13
10468,39,1050,dashboard_view,2026-07-26
10469,39,1061,report_created,2026-07-28
10470,39,1052,integration_used,2026-07-17
10471,39,1052,export,2026-08-01
10472,39,1065,report_created,2026-07-31
10473,39,1066,dashboard_view,2026-07-13
10474,39,1063,dashboard_view,2026-07-20
10475,39,1057,login,2026-08-10
10476,39,1049,dashboard_view,2026-07-19
10477,39,1048,export,2026-07-24
10478,39,1049,report_created,2026-08-08
10479,39,1060,login,2026-07-16
10480,39,1058,integration_used,2026-08-08
10481,39,1048,report_created,2026-07-24
10482,39,1056,dashboard_view,2026-08-04
10483,39,1063,login,2026-07-13
10484,39,1060,dashboard_view,2026-07-21
10485,39,1049,dashboard_view,2026-07-13
10486,39,1055,export,2026-07-31
10487,39,1054,integration_used,2026-07-29
10488,39,1054,login,2026-07-16
10489,39,1050,login,2026-07-12
10490,39,1049,login,2026-07-18
10491,39,1066,integration_used,2026-08-09
10492,39,1066,login,2026-08-03
10493,39,1065,integration_used,2026-07-27
10494,39,1051,login,2026-07-18
10495,40,1075,dashboard_view,2026-03-12
10496,40,1075,dashboard_view,2026-02-21
10497,40,1072,report_created,2026-02-19
10498,40,1068,integration_used,2026-03-03
10499,40,1076,dashboard_view,2026-02-17
10500,40,1076,login,2026-02-20
10501,40,1076,dashboard_view,2026-02-18
10502,40,1067,report_created,2026-02-12
10503,40,1070,export,2026-02-21
10504,40,1073,login,2026-02-28
10505,40,1070,export,2026-02-17
10506,40,1073,integration_used,2026-03-08
10507,40,1067,login,2026-02-25
10508,40,1069,export,2026-03-09
10509,40,1075,report_created,2026-03-11
10510,40,1076,export,2026-03-04
10511,40,1071,export,2026-02-17
10512,40,1067,report_created,2026-02-14
10513,40,1070,login,2026-03-11
10514,40,1067,integration_used,2026-03-02
10515,40,1070,dashboard_view,2026-02-20
10516,40,1067,integration_used,2026-02-14
10517,40,1073,dashboard_view,2026-02-26
10518,40,1076,integration_used,2026-02-27
10519,40,1075,dashboard_view,2026-03-04
10520,40,1068,integration_used,2026-02-24
10521,40,1068,report_created,2026-02-18
10522,40,1069,export,2026-02-20
10523,40,1076,export,2026-03-06
10524,40,1073,report_created,2026-02-18
10525,40,1067,login,2026-02-17
10526,40,1073,export,2026-02-16
10527,40,1073,login,2026-02-26
10528,40,1075,export,2026-02-26
10529,40,1073,dashboard_view,2026-02-14
10530,40,1075,dashboard_view,2026-02-24
10531,40,1073,dashboard_view,2026-02-12
10532,40,1073,integration_used,2026-02-24
10533,40,1072,login,2026-03-13
10534,40,1073,dashboard_view,2026-02-13
10535,40,1074,export,2026-02-12
10536,40,1069,dashboard_view,2026-02-23
10537,40,1069,export,2026-02-28
10538,40,1073,integration_used,2026-02-27
10539,40,1075,integration_used,2026-03-13
10540,40,1070,export,2026-02-27
10541,40,1068,report_created,2026-03-01
10542,40,1069,integration_used,2026-03-08
10543,40,1076,integration_used,2026-02-20
10544,40,1076,export,2026-03-13
10545,40,1071,integration_used,2026-02-23
10546,40,1070,report_created,2026-02-16
10547,40,1076,login,2026-02-24
10548,40,1069,report_created,2026-03-03
10549,40,1074,dashboard_view,2026-03-29
10550,40,1073,integration_used,2026-04-02
10551,40,1074,report_created,2026-03-31
10552,40,1067,dashboard_view,2026-03-26
10553,40,1075,integration_used,2026-04-01
10554,40,1067,login,2026-04-02
10555,40,1068,report_created,2026-03-14
10556,40,1068,export,2026-03-19
10557,40,1068,export,2026-03-15
10558,40,1072,integration_used,2026-03-28
10559,40,1076,integration_used,2026-04-06
10560,40,1068,dashboard_view,2026-03-17
10561,40,1076,report_created,2026-03-16
10562,40,1073,login,2026-04-01
10563,40,1075,export,2026-03-26
10564,40,1068,login,2026-03-23
10565,40,1071,export,2026-03-27
10566,40,1067,report_created,2026-04-11
10567,40,1067,integration_used,2026-04-12
10568,40,1069,report_created,2026-04-04
10569,40,1076,dashboard_view,2026-03-21
10570,40,1075,integration_used,2026-03-29
10571,40,1074,export,2026-04-01
10572,40,1067,dashboard_view,2026-03-23
10573,40,1067,dashboard_view,2026-03-19
10574,40,1076,login,2026-04-06
10575,40,1068,dashboard_view,2026-04-09
10576,40,1072,login,2026-03-23
10577,40,1068,integration_used,2026-03-23
10578,40,1073,login,2026-03-17
10579,40,1074,dashboard_view,2026-04-04
10580,40,1076,login,2026-03-19
10581,40,1073,integration_used,2026-03-22
10582,40,1072,dashboard_view,2026-04-08
10583,40,1069,dashboard_view,2026-04-05
10584,40,1073,dashboard_view,2026-03-24
10585,40,1068,integration_used,2026-03-23
10586,40,1067,dashboard_view,2026-03-31
10587,40,1067,export,2026-04-12
10588,40,1070,dashboard_view,2026-04-12
10589,40,1071,dashboard_view,2026-03-18
10590,40,1073,export,2026-03-23
10591,40,1069,integration_used,2026-04-04
10592,40,1074,dashboard_view,2026-04-01
10593,40,1074,report_created,2026-03-18
10594,40,1067,report_created,2026-03-21
10595,40,1074,login,2026-03-15
10596,40,1071,export,2026-04-03
10597,40,1076,export,2026-04-01
10598,40,1074,login,2026-04-04
10599,40,1073,export,2026-03-26
10600,40,1070,report_created,2026-04-01
10601,40,1071,dashboard_view,2026-04-01
10602,40,1071,login,2026-04-02
10603,40,1071,export,2026-03-31
10604,40,1072,integration_used,2026-04-13
10605,40,1070,report_created,2026-04-21
10606,40,1075,report_created,2026-05-06
10607,40,1075,dashboard_view,2026-04-19
10608,40,1072,integration_used,2026-04-22
10609,40,1073,dashboard_view,2026-04-22
10610,40,1073,export,2026-04-16
10611,40,1070,export,2026-04-29
10612,40,1071,report_created,2026-04-26
10613,40,1070,login,2026-05-08
10614,40,1074,report_created,2026-04-27
10615,40,1075,login,2026-04-27
10616,40,1075,integration_used,2026-04-14
10617,40,1071,dashboard_view,2026-05-05
10618,40,1073,integration_used,2026-04-18
10619,40,1075,report_created,2026-05-06
10620,40,1071,export,2026-05-05
10621,40,1076,report_created,2026-04-20
10622,40,1075,report_created,2026-05-11
10623,40,1067,report_created,2026-04-18
10624,40,1072,login,2026-04-17
10625,40,1072,login,2026-04-19
10626,40,1076,integration_used,2026-05-07
10627,40,1071,export,2026-04-30
10628,40,1069,login,2026-04-19
10629,40,1067,dashboard_view,2026-04-28
10630,40,1071,integration_used,2026-05-07
10631,40,1070,login,2026-04-24
10632,40,1074,dashboard_view,2026-04-28
10633,40,1074,dashboard_view,2026-04-13
10634,40,1076,report_created,2026-05-02
10635,40,1072,login,2026-04-21
10636,40,1070,login,2026-04-25
10637,40,1068,dashboard_view,2026-04-29
10638,40,1072,report_created,2026-04-25
10639,40,1068,login,2026-05-01
10640,40,1069,login,2026-04-20
10641,40,1071,login,2026-05-02
10642,40,1069,login,2026-04-25
10643,40,1071,report_created,2026-05-06
10644,40,1070,login,2026-04-14
10645,40,1069,export,2026-04-13
10646,40,1076,dashboard_view,2026-05-04
10647,40,1070,export,2026-04-18
10648,40,1076,report_created,2026-04-15
10649,40,1070,login,2026-05-10
10650,40,1068,dashboard_view,2026-05-08
10651,40,1072,login,2026-04-24
10652,40,1069,report_created,2026-05-30
10653,40,1069,export,2026-05-14
10654,40,1071,integration_used,2026-06-07
10655,40,1073,export,2026-05-16
10656,40,1069,report_created,2026-05-17
10657,40,1068,login,2026-05-20
10658,40,1075,export,2026-05-31
10659,40,1070,dashboard_view,2026-05-26
10660,40,1075,report_created,2026-05-20
10661,40,1072,report_created,2026-06-02
10662,40,1068,export,2026-06-03
10663,40,1067,integration_used,2026-05-17
10664,40,1068,dashboard_view,2026-05-24
10665,40,1072,login,2026-06-08
10666,40,1074,report_created,2026-05-21
10667,40,1072,report_created,2026-05-16
10668,40,1072,dashboard_view,2026-05-18
10669,40,1074,login,2026-05-20
10670,40,1073,export,2026-06-07
10671,40,1069,login,2026-05-25
10672,40,1073,dashboard_view,2026-05-28
10673,40,1070,report_created,2026-05-28
10674,40,1073,dashboard_view,2026-06-08
10675,40,1068,report_created,2026-05-21
10676,40,1074,export,2026-05-31
10677,40,1069,export,2026-05-18
10678,40,1071,login,2026-05-14
10679,40,1069,export,2026-05-18
10680,40,1067,report_created,2026-05-26
10681,40,1075,integration_used,2026-06-08
10682,40,1074,dashboard_view,2026-05-30
10683,40,1067,integration_used,2026-05-24
10684,40,1067,integration_used,2026-05-29
10685,40,1070,integration_used,2026-06-09
10686,40,1073,login,2026-06-04
10687,40,1070,integration_used,2026-05-13
10688,40,1076,login,2026-06-01
10689,40,1073,export,2026-05-19
10690,40,1071,login,2026-07-01
10691,40,1072,integration_used,2026-06-18
10692,40,1076,dashboard_view,2026-06-24
10693,40,1069,export,2026-06-12
10694,40,1074,login,2026-07-04
10695,40,1069,dashboard_view,2026-06-17
10696,40,1071,dashboard_view,2026-06-16
10697,40,1075,integration_used,2026-06-12
10698,40,1075,report_created,2026-07-10
10699,40,1075,login,2026-06-30
10700,40,1071,dashboard_view,2026-06-21
10701,40,1067,report_created,2026-07-07
10702,40,1076,dashboard_view,2026-06-15
10703,40,1073,report_created,2026-07-02
10704,40,1067,dashboard_view,2026-06-14
10705,40,1075,dashboard_view,2026-07-06
10706,40,1068,report_created,2026-07-04
10707,40,1069,report_created,2026-06-26
10708,40,1072,export,2026-06-27
10709,40,1074,integration_used,2026-07-06
10710,40,1076,login,2026-07-09
10711,40,1072,integration_used,2026-07-02
10712,40,1067,report_created,2026-06-18
10713,40,1071,login,2026-07-05
10714,40,1075,dashboard_view,2026-06-14
10715,40,1071,export,2026-07-04
10716,40,1070,login,2026-07-12
10717,40,1067,dashboard_view,2026-07-20
10718,40,1076,export,2026-07-26
10719,40,1068,login,2026-07-20
10720,40,1072,export,2026-08-10
10721,40,1069,integration_used,2026-07-20
10722,40,1068,export,2026-07-20
10723,40,1076,export,2026-08-06
10724,40,1072,login,2026-07-16
10725,40,1074,dashboard_view,2026-08-04
10726,40,1075,export,2026-08-07
10727,40,1069,integration_used,2026-07-20
10728,40,1068,login,2026-07-18
10729,40,1075,dashboard_view,2026-07-26
10730,40,1076,dashboard_view,2026-08-06
10731,40,1068,integration_used,2026-07-23
10732,40,1070,integration_used,2026-07-29
10733,40,1068,report_created,2026-07-16
10734,40,1074,export,2026-08-04
10735,40,1073,export,2026-07-17
10736,40,1068,login,2026-07-17
10737,40,1072,integration_used,2026-08-06
10738,40,1075,export,2026-07-20
10739,40,1074,export,2026-08-10
10740,40,1071,integration_used,2026-07-30
10741,40,1076,login,2026-07-15
10742,40,1072,dashboard_view,2026-07-14
10743,40,1067,report_created,2026-08-02
10744,40,1072,login,2026-08-09
10745,40,1069,dashboard_view,2026-08-10
10746,40,1073,integration_used,2026-07-18
10747,41,1085,integration_used,2026-02-26
10748,41,1086,dashboard_view,2026-03-12
10749,41,1081,report_created,2026-02-21
10750,41,1077,integration_used,2026-03-08
10751,41,1082,export,2026-02-25
10752,41,1084,export,2026-02-17
10753,41,1077,login,2026-03-06
10754,41,1081,integration_used,2026-03-13
10755,41,1080,export,2026-03-05
10756,41,1084,report_created,2026-02-20
10757,41,1081,login,2026-02-21
10758,41,1085,dashboard_view,2026-02-19
10759,41,1080,export,2026-02-16
10760,41,1085,login,2026-02-25
10761,41,1077,dashboard_view,2026-03-11
10762,41,1085,dashboard_view,2026-02-20
10763,41,1084,login,2026-03-08
10764,41,1077,report_created,2026-02-14
10765,41,1078,dashboard_view,2026-03-06
10766,41,1081,login,2026-03-01
10767,41,1078,report_created,2026-02-24
10768,41,1079,login,2026-03-09
10769,41,1078,integration_used,2026-03-06
10770,41,1085,report_created,2026-03-08
10771,41,1080,login,2026-03-08
10772,41,1085,dashboard_view,2026-02-18
10773,41,1078,export,2026-02-13
10774,41,1085,export,2026-03-10
10775,41,1080,login,2026-02-28
10776,41,1080,integration_used,2026-02-24
10777,41,1078,export,2026-02-21
10778,41,1080,export,2026-02-18
10779,41,1086,export,2026-03-13
10780,41,1085,report_created,2026-02-23
10781,41,1084,export,2026-02-28
10782,41,1079,login,2026-03-12
10783,41,1077,dashboard_view,2026-03-02
10784,41,1078,login,2026-03-05
10785,41,1077,login,2026-02-26
10786,41,1084,export,2026-03-10
10787,41,1080,integration_used,2026-03-05
10788,41,1082,login,2026-02-14
10789,41,1085,integration_used,2026-02-15
10790,41,1082,dashboard_view,2026-03-10
10791,41,1080,login,2026-02-27
10792,41,1085,login,2026-03-02
10793,41,1078,integration_used,2026-02-13
10794,41,1078,report_created,2026-02-22
10795,41,1081,report_created,2026-03-02
10796,41,1082,integration_used,2026-02-28
10797,41,1084,integration_used,2026-03-09
10798,41,1083,report_created,2026-03-02
10799,41,1078,dashboard_view,2026-03-24
10800,41,1084,export,2026-03-30
10801,41,1078,export,2026-04-05
10802,41,1084,login,2026-03-20
10803,41,1085,export,2026-03-27
10804,41,1079,export,2026-03-16
10805,41,1080,report_created,2026-03-25
10806,41,1083,dashboard_view,2026-04-09
10807,41,1083,export,2026-03-19
10808,41,1084,dashboard_view,2026-03-26
10809,41,1077,report_created,2026-04-01
10810,41,1084,export,2026-04-06
10811,41,1078,integration_used,2026-04-06
10812,41,1085,report_created,2026-03-28
10813,41,1077,dashboard_view,2026-04-07
10814,41,1080,report_created,2026-03-22
10815,41,1083,report_created,2026-04-10
10816,41,1081,export,2026-03-18
10817,41,1083,export,2026-04-07
10818,41,1083,dashboard_view,2026-04-06
10819,41,1077,login,2026-04-03
10820,41,1078,export,2026-03-18
10821,41,1083,login,2026-03-19
10822,41,1081,login,2026-04-07
10823,41,1082,report_created,2026-04-07
10824,41,1085,login,2026-04-05
10825,41,1086,integration_used,2026-03-31
10826,41,1083,export,2026-04-06
10827,41,1081,login,2026-03-28
10828,41,1081,report_created,2026-03-31
10829,41,1083,integration_used,2026-03-26
10830,41,1083,integration_used,2026-03-25
10831,41,1084,login,2026-03-14
10832,41,1080,integration_used,2026-03-31
10833,41,1085,dashboard_view,2026-03-19
10834,41,1077,report_created,2026-04-12
10835,41,1085,export,2026-04-05
10836,41,1086,dashboard_view,2026-03-14
10837,41,1083,dashboard_view,2026-03-20
10838,41,1078,report_created,2026-03-19
10839,41,1086,dashboard_view,2026-04-07
10840,41,1086,dashboard_view,2026-04-09
10841,41,1084,login,2026-03-14
10842,41,1083,integration_used,2026-04-02
10843,41,1080,login,2026-04-04
10844,41,1077,report_created,2026-03-14
10845,41,1077,dashboard_view,2026-03-31
10846,41,1086,login,2026-04-09
10847,41,1085,dashboard_view,2026-03-29
10848,41,1079,dashboard_view,2026-03-27
10849,41,1081,login,2026-03-28
10850,41,1085,login,2026-04-06
10851,41,1085,export,2026-05-09
10852,41,1086,export,2026-04-18
10853,41,1077,export,2026-04-15
10854,41,1082,export,2026-04-21
10855,41,1085,integration_used,2026-04-23
10856,41,1081,integration_used,2026-04-16
10857,41,1084,report_created,2026-04-14
10858,41,1086,export,2026-04-23
10859,41,1086,login,2026-04-23
10860,41,1082,dashboard_view,2026-05-07
10861,41,1078,login,2026-04-27
10862,41,1078,integration_used,2026-05-04
10863,41,1083,report_created,2026-04-17
10864,41,1083,integration_used,2026-05-01
10865,41,1078,integration_used,2026-04-25
10866,41,1085,login,2026-04-21
10867,41,1077,login,2026-04-29
10868,41,1084,report_created,2026-05-06
10869,41,1083,dashboard_view,2026-04-15
10870,41,1078,dashboard_view,2026-04-29
10871,41,1078,integration_used,2026-05-07
10872,41,1084,report_created,2026-05-01
10873,41,1084,dashboard_view,2026-04-16
10874,41,1083,export,2026-05-09
10875,41,1086,integration_used,2026-05-03
10876,41,1083,export,2026-05-06
10877,41,1085,login,2026-04-26
10878,41,1078,dashboard_view,2026-04-24
10879,41,1085,integration_used,2026-04-15
10880,41,1086,integration_used,2026-04-14
10881,41,1077,integration_used,2026-04-30
10882,41,1079,login,2026-04-20
10883,41,1078,dashboard_view,2026-04-18
10884,41,1077,login,2026-04-27
10885,41,1083,report_created,2026-04-27
10886,41,1080,dashboard_view,2026-04-17
10887,41,1078,dashboard_view,2026-04-30
10888,41,1083,login,2026-05-13
10889,41,1080,export,2026-06-09
10890,41,1086,integration_used,2026-05-15
10891,41,1082,integration_used,2026-06-03
10892,41,1077,login,2026-05-18
10893,41,1081,integration_used,2026-05-20
10894,41,1077,export,2026-06-04
10895,41,1079,report_created,2026-05-23
10896,41,1081,integration_used,2026-05-31
10897,41,1082,dashboard_view,2026-05-26
10898,41,1082,export,2026-05-20
10899,41,1080,integration_used,2026-05-21
10900,41,1086,login,2026-05-25
10901,41,1079,report_created,2026-05-27
10902,41,1080,dashboard_view,2026-05-23
10903,41,1079,report_created,2026-05-13
10904,41,1082,export,2026-06-08
10905,41,1081,integration_used,2026-06-09
10906,41,1079,integration_used,2026-06-01
10907,41,1078,report_created,2026-05-22
10908,41,1084,export,2026-05-15
10909,41,1079,login,2026-05-14
10910,41,1079,dashboard_view,2026-05-20
10911,41,1083,login,2026-05-17
10912,41,1078,integration_used,2026-05-20
10913,41,1083,integration_used,2026-06-04
10914,41,1086,report_created,2026-06-03
10915,41,1081,dashboard_view,2026-06-08
10916,41,1085,report_created,2026-06-03
10917,41,1080,report_created,2026-06-08
10918,41,1083,login,2026-06-05
10919,41,1086,login,2026-06-04
10920,41,1084,export,2026-05-23
10921,41,1085,report_created,2026-05-21
10922,41,1086,integration_used,2026-06-10
10923,41,1083,report_created,2026-05-20
10924,41,1086,export,2026-06-24
10925,41,1079,report_created,2026-06-21
10926,41,1077,integration_used,2026-06-24
10927,41,1086,dashboard_view,2026-06-14
10928,41,1078,export,2026-06-27
10929,41,1080,login,2026-07-01
10930,41,1083,integration_used,2026-06-29
10931,41,1078,dashboard_view,2026-07-09
10932,41,1080,export,2026-06-22
10933,41,1080,export,2026-06-12
10934,41,1084,export,2026-07-11
10935,41,1079,export,2026-07-08
10936,41,1080,report_created,2026-06-19
10937,41,1077,dashboard_view,2026-06-19
10938,41,1081,dashboard_view,2026-07-07
10939,41,1079,report_created,2026-06-18
10940,41,1078,integration_used,2026-06-19
10941,41,1085,dashboard_view,2026-06-13
10942,41,1077,dashboard_view,2026-06-28
10943,41,1079,dashboard_view,2026-06-18
10944,41,1083,report_created,2026-07-01
10945,41,1077,integration_used,2026-07-08
10946,41,1078,report_created,2026-06-21
10947,41,1081,dashboard_view,2026-07-03
10948,41,1081,integration_used,2026-06-17
10949,41,1081,login,2026-07-07
10950,41,1079,report_created,2026-06-19
10951,41,1080,report_created,2026-06-16
10952,41,1077,integration_used,2026-06-19
10953,41,1081,export,2026-06-27
10954,41,1082,login,2026-06-19
10955,41,1078,integration_used,2026-06-20
10956,41,1083,login,2026-06-20
10957,41,1082,report_created,2026-06-28
10958,41,1077,integration_used,2026-06-22
10959,41,1081,report_created,2026-07-08
10960,41,1082,integration_used,2026-08-04
10961,41,1085,login,2026-07-22
10962,41,1080,login,2026-07-27
10963,41,1082,dashboard_view,2026-08-01
10964,41,1081,report_created,2026-07-15
10965,41,1078,integration_used,2026-07-20
10966,41,1077,dashboard_view,2026-07-25
10967,41,1083,login,2026-07-14
10968,41,1078,dashboard_view,2026-08-10
10969,41,1082,report_created,2026-07-29
10970,41,1086,dashboard_view,2026-08-02
10971,41,1086,dashboard_view,2026-07-23
10972,41,1077,dashboard_view,2026-07-21
10973,41,1080,export,2026-07-26
10974,41,1083,integration_used,2026-07-28
10975,41,1083,dashboard_view,2026-07-22
10976,41,1079,report_created,2026-07-23
10977,41,1080,integration_used,2026-08-03
10978,41,1083,integration_used,2026-08-08
10979,41,1081,login,2026-08-08
10980,41,1085,dashboard_view,2026-07-16
10981,41,1086,login,2026-07-20
10982,41,1086,dashboard_view,2026-07-16
10983,41,1081,report_created,2026-08-06
10984,41,1079,login,2026-08-01
10985,41,1083,dashboard_view,2026-07-28
10986,41,1085,dashboard_view,2026-07-18
10987,41,1081,dashboard_view,2026-07-28
10988,41,1080,report_created,2026-07-16
10989,41,1085,integration_used,2026-07-24
10990,41,1080,report_created,2026-08-03
10991,41,1080,report_created,2026-07-26
10992,41,1078,integration_used,2026-07-18
10993,41,1083,integration_used,2026-07-28
10994,41,1081,login,2026-07-18
10995,42,1110,report_created,2026-02-16
10996,42,1098,dashboard_view,2026-03-04
10997,42,1122,export,2026-03-08
10998,42,1126,integration_used,2026-03-09
10999,42,1108,login,2026-03-03
11000,42,1115,dashboard_view,2026-03-05
11001,42,1108,login,2026-02-15
11002,42,1123,report_created,2026-02-14
11003,42,1097,integration_used,2026-02-17
11004,42,1127,integration_used,2026-02-13
11005,42,1126,integration_used,2026-03-02
11006,42,1104,export,2026-02-13
11007,42,1127,login,2026-02-14
11008,42,1102,export,2026-02-23
11009,42,1125,export,2026-02-14
11010,42,1105,dashboard_view,2026-03-03
11011,42,1107,login,2026-02-22
11012,42,1117,report_created,2026-03-01
11013,42,1089,export,2026-03-05
11014,42,1094,integration_used,2026-02-16
11015,42,1120,login,2026-03-07
11016,42,1089,integration_used,2026-02-17
11017,42,1124,report_created,2026-03-03
11018,42,1095,integration_used,2026-02-24
11019,42,1116,report_created,2026-03-07
11020,42,1105,integration_used,2026-02-18
11021,42,1112,export,2026-02-20
11022,42,1120,export,2026-02-28
11023,42,1115,integration_used,2026-02-23
11024,42,1126,report_created,2026-02-23
11025,42,1116,export,2026-03-13
11026,42,1093,login,2026-02-27
11027,42,1114,login,2026-02-23
11028,42,1092,report_created,2026-02-14
11029,42,1126,login,2026-02-27
11030,42,1092,dashboard_view,2026-03-13
11031,42,1120,export,2026-03-05
11032,42,1093,export,2026-03-03
11033,42,1117,report_created,2026-02-15
11034,42,1113,report_created,2026-02-28
11035,42,1087,report_created,2026-02-21
11036,42,1091,integration_used,2026-02-24
11037,42,1114,login,2026-03-13
11038,42,1111,report_created,2026-02-26
11039,42,1103,dashboard_view,2026-02-23
11040,42,1100,dashboard_view,2026-03-04
11041,42,1110,export,2026-02-22
11042,42,1123,report_created,2026-02-25
11043,42,1088,report_created,2026-02-13
11044,42,1107,login,2026-02-17
11045,42,1108,export,2026-02-16
11046,42,1113,integration_used,2026-02-14
11047,42,1101,report_created,2026-02-26
11048,42,1106,dashboard_view,2026-03-12
11049,42,1103,dashboard_view,2026-02-13
11050,42,1122,login,2026-02-28
11051,42,1117,integration_used,2026-02-15
11052,42,1124,report_created,2026-03-08
11053,42,1094,login,2026-04-03
11054,42,1095,login,2026-04-02
11055,42,1102,report_created,2026-03-26
11056,42,1118,dashboard_view,2026-03-30
11057,42,1111,report_created,2026-03-16
11058,42,1119,login,2026-03-18
11059,42,1127,dashboard_view,2026-03-30
11060,42,1120,report_created,2026-03-23
11061,42,1123,export,2026-04-05
11062,42,1122,login,2026-03-16
11063,42,1111,report_created,2026-04-06
11064,42,1119,dashboard_view,2026-04-01
11065,42,1088,login,2026-03-20
11066,42,1088,login,2026-03-19
11067,42,1096,integration_used,2026-03-29
11068,42,1123,integration_used,2026-03-31
11069,42,1108,integration_used,2026-04-10
11070,42,1100,report_created,2026-04-12
11071,42,1119,report_created,2026-03-16
11072,42,1096,export,2026-03-14
11073,42,1116,integration_used,2026-04-01
11074,42,1111,export,2026-03-19
11075,42,1090,dashboard_view,2026-03-15
11076,42,1111,export,2026-04-02
11077,42,1096,dashboard_view,2026-04-11
11078,42,1114,report_created,2026-04-06
11079,42,1106,report_created,2026-03-22
11080,42,1100,integration_used,2026-03-23
11081,42,1103,integration_used,2026-03-31
11082,42,1125,dashboard_view,2026-03-31
11083,42,1101,integration_used,2026-04-09
11084,42,1091,dashboard_view,2026-03-22
11085,42,1099,report_created,2026-04-05
11086,42,1115,export,2026-03-22
11087,42,1092,login,2026-03-28
11088,42,1115,dashboard_view,2026-03-15
11089,42,1094,export,2026-03-15
11090,42,1106,report_created,2026-04-04
11091,42,1116,export,2026-03-29
11092,42,1098,export,2026-03-22
11093,42,1095,dashboard_view,2026-03-31
11094,42,1112,integration_used,2026-03-29
11095,42,1107,login,2026-03-21
11096,42,1119,integration_used,2026-03-24
11097,42,1125,export,2026-03-28
11098,42,1103,export,2026-03-18
11099,42,1110,report_created,2026-03-24
11100,42,1105,dashboard_view,2026-03-23
11101,42,1105,integration_used,2026-03-17
11102,42,1108,integration_used,2026-04-08
11103,42,1109,dashboard_view,2026-03-16
11104,42,1115,export,2026-03-20
11105,42,1103,login,2026-03-15
11106,42,1102,export,2026-03-28
11107,42,1113,export,2026-04-25
11108,42,1105,report_created,2026-05-12
11109,42,1096,export,2026-05-12
11110,42,1113,report_created,2026-04-28
11111,42,1092,integration_used,2026-05-03
11112,42,1115,dashboard_view,2026-05-01
11113,42,1106,login,2026-05-10
11114,42,1107,export,2026-04-18
11115,42,1100,dashboard_view,2026-04-22
11116,42,1090,integration_used,2026-04-23
11117,42,1090,login,2026-04-17
11118,42,1089,report_created,2026-04-24
11119,42,1089,export,2026-04-17
11120,42,1110,report_created,2026-04-30
11121,42,1119,dashboard_view,2026-05-08
11122,42,1105,report_created,2026-04-19
11123,42,1108,integration_used,2026-05-05
11124,42,1108,export,2026-04-22
11125,42,1110,report_created,2026-05-05
11126,42,1098,dashboard_view,2026-04-13
11127,42,1095,export,2026-04-29
11128,42,1089,login,2026-04-22
11129,42,1089,export,2026-05-04
11130,42,1088,integration_used,2026-04-15
11131,42,1092,login,2026-05-10
11132,42,1102,report_created,2026-04-16
11133,42,1124,report_created,2026-04-18
11134,42,1113,login,2026-05-10
11135,42,1125,integration_used,2026-04-20
11136,42,1119,integration_used,2026-04-24
11137,42,1112,report_created,2026-04-16
11138,42,1092,integration_used,2026-05-10
11139,42,1093,report_created,2026-04-21
11140,42,1119,export,2026-05-06
11141,42,1104,export,2026-04-30
11142,42,1091,report_created,2026-05-03
11143,42,1117,export,2026-04-28
11144,42,1092,export,2026-04-26
11145,42,1119,login,2026-04-27
11146,42,1104,export,2026-04-19
11147,42,1124,export,2026-04-29
11148,42,1111,dashboard_view,2026-04-25
11149,42,1126,report_created,2026-05-12
11150,42,1095,export,2026-05-01
11151,42,1108,integration_used,2026-04-23
11152,42,1110,integration_used,2026-05-12
11153,42,1126,report_created,2026-05-10
11154,42,1097,dashboard_view,2026-04-20
11155,42,1101,dashboard_view,2026-05-12
11156,42,1118,report_created,2026-05-29
11157,42,1088,report_created,2026-06-01
11158,42,1117,dashboard_view,2026-05-21
11159,42,1126,export,2026-05-25
11160,42,1098,dashboard_view,2026-05-13
11161,42,1091,login,2026-06-03
11162,42,1109,dashboard_view,2026-06-09
11163,42,1092,export,2026-05-25
11164,42,1111,report_created,2026-06-10
11165,42,1118,export,2026-06-02
11166,42,1102,integration_used,2026-06-05
11167,42,1124,login,2026-05-16
11168,42,1103,integration_used,2026-05-28
11169,42,1108,report_created,2026-06-06
11170,42,1116,report_created,2026-06-02
11171,42,1095,dashboard_view,2026-06-11
11172,42,1107,report_created,2026-05-23
11173,42,1105,login,2026-06-08
11174,42,1097,dashboard_view,2026-05-13
11175,42,1119,dashboard_view,2026-05-27
11176,42,1109,integration_used,2026-06-09
11177,42,1113,report_created,2026-05-29
11178,42,1118,report_created,2026-05-27
11179,42,1093,login,2026-06-05
11180,42,1100,report_created,2026-05-13
11181,42,1091,dashboard_view,2026-05-26
11182,42,1087,report_created,2026-06-07
11183,42,1119,dashboard_view,2026-05-31
11184,42,1104,export,2026-05-14
11185,42,1107,login,2026-05-25
11186,42,1109,integration_used,2026-06-05
11187,42,1120,integration_used,2026-05-18
11188,42,1110,dashboard_view,2026-05-22
11189,42,1094,integration_used,2026-05-27
11190,42,1125,report_created,2026-06-01
11191,42,1123,report_created,2026-06-25
11192,42,1091,dashboard_view,2026-06-12
11193,42,1122,report_created,2026-06-29
11194,42,1110,integration_used,2026-06-16
11195,42,1094,export,2026-06-29
11196,42,1109,integration_used,2026-06-17
11197,42,1098,integration_used,2026-07-05
11198,42,1100,login,2026-06-14
11199,42,1124,report_created,2026-07-04
11200,42,1121,integration_used,2026-06-17
11201,42,1092,login,2026-06-24
11202,42,1090,integration_used,2026-07-05
11203,42,1091,report_created,2026-06-15
11204,42,1111,report_created,2026-07-05
11205,42,1095,integration_used,2026-06-19
11206,42,1098,dashboard_view,2026-07-02
11207,42,1093,integration_used,2026-06-19
11208,42,1110,export,2026-06-23
11209,42,1102,login,2026-06-17
11210,42,1124,login,2026-06-18
11211,42,1098,integration_used,2026-07-09
11212,42,1107,export,2026-07-07
11213,42,1099,login,2026-07-02
11214,42,1092,export,2026-07-02
11215,42,1092,dashboard_view,2026-07-05
11216,42,1092,report_created,2026-07-01
11217,42,1099,login,2026-07-14
11218,42,1091,dashboard_view,2026-07-31
11219,42,1089,login,2026-08-04
11220,42,1106,login,2026-08-01
11221,42,1115,integration_used,2026-07-27
11222,42,1092,login,2026-07-20
11223,42,1090,export,2026-07-22
11224,42,1110,integration_used,2026-07-22
11225,42,1106,report_created,2026-07-20
11226,42,1107,export,2026-07-27
11227,42,1114,report_created,2026-08-03
11228,42,1107,report_created,2026-07-13
11229,42,1094,integration_used,2026-07-16
11230,42,1098,integration_used,2026-07-22
11231,42,1093,export,2026-08-06
11232,42,1126,integration_used,2026-07-14
11233,42,1104,dashboard_view,2026-07-31
11234,42,1090,report_created,2026-07-28
11235,42,1092,integration_used,2026-07-12
11236,42,1093,export,2026-08-10
11237,42,1093,export,2026-07-12
11238,42,1111,integration_used,2026-07-19
11239,42,1092,login,2026-08-10
11240,42,1120,dashboard_view,2026-07-21
11241,42,1097,report_created,2026-07-20
11242,42,1095,login,2026-07-16
11243,42,1112,dashboard_view,2026-07-24
11244,42,1113,integration_used,2026-07-15
11245,42,1095,login,2026-08-06
11246,42,1127,export,2026-07-16
11247,42,1109,export,2026-07-12
11248,43,1140,integration_used,2026-02-15
11249,43,1140,login,2026-03-09
11250,43,1144,report_created,2026-03-07
11251,43,1143,login,2026-02-23
11252,43,1128,report_created,2026-03-13
11253,43,1135,report_created,2026-03-09
11254,43,1143,dashboard_view,2026-03-09
11255,43,1145,export,2026-02-21
11256,43,1129,dashboard_view,2026-02-19
11257,43,1133,login,2026-03-09
11258,43,1129,export,2026-02-21
11259,43,1136,report_created,2026-02-24
11260,43,1143,dashboard_view,2026-02-18
11261,43,1136,dashboard_view,2026-02-16
11262,43,1145,login,2026-02-27
11263,43,1132,report_created,2026-02-22
11264,43,1130,report_created,2026-03-04
11265,43,1133,login,2026-02-13
11266,43,1138,integration_used,2026-02-20
11267,43,1128,dashboard_view,2026-02-19
11268,43,1144,login,2026-03-01
11269,43,1140,report_created,2026-03-12
11270,43,1145,dashboard_view,2026-03-13
11271,43,1133,login,2026-03-05
11272,43,1141,report_created,2026-02-16
11273,43,1137,export,2026-02-13
11274,43,1136,export,2026-02-27
11275,43,1138,integration_used,2026-03-12
11276,43,1128,login,2026-03-05
11277,43,1144,integration_used,2026-02-18
11278,43,1144,export,2026-03-03
11279,43,1140,report_created,2026-02-19
11280,43,1134,login,2026-03-12
11281,43,1140,report_created,2026-03-03
11282,43,1141,dashboard_view,2026-02-16
11283,43,1135,integration_used,2026-02-25
11284,43,1143,integration_used,2026-02-25
11285,43,1144,export,2026-02-27
11286,43,1139,integration_used,2026-02-28
11287,43,1135,dashboard_view,2026-03-11
11288,43,1129,dashboard_view,2026-03-30
11289,43,1132,integration_used,2026-03-17
11290,43,1128,login,2026-03-15
11291,43,1131,dashboard_view,2026-03-18
11292,43,1145,login,2026-03-31
11293,43,1136,integration_used,2026-03-28
11294,43,1136,export,2026-03-22
11295,43,1130,integration_used,2026-03-19
11296,43,1128,integration_used,2026-04-06
11297,43,1128,report_created,2026-04-06
11298,43,1131,report_created,2026-03-19
11299,43,1144,report_created,2026-03-25
11300,43,1135,dashboard_view,2026-03-26
11301,43,1137,login,2026-04-03
11302,43,1131,export,2026-04-04
11303,43,1129,dashboard_view,2026-04-01
11304,43,1137,dashboard_view,2026-03-29
11305,43,1145,integration_used,2026-04-05
11306,43,1139,login,2026-03-15
11307,43,1141,dashboard_view,2026-03-28
11308,43,1129,integration_used,2026-03-17
11309,43,1138,dashboard_view,2026-03-20
11310,43,1132,export,2026-03-22
11311,43,1143,integration_used,2026-04-12
11312,43,1136,integration_used,2026-03-16
11313,43,1144,integration_used,2026-03-31
11314,43,1141,report_created,2026-03-17
11315,43,1140,dashboard_view,2026-03-21
11316,43,1133,integration_used,2026-04-01
11317,43,1133,dashboard_view,2026-03-16
11318,43,1144,dashboard_view,2026-03-15
11319,43,1145,login,2026-03-15
11320,43,1131,dashboard_view,2026-03-27
11321,43,1132,report_created,2026-04-05
11322,43,1134,export,2026-04-11
11323,43,1144,report_created,2026-03-27
11324,43,1141,report_created,2026-03-26
11325,43,1141,export,2026-03-28
11326,43,1143,login,2026-03-27
11327,43,1140,report_created,2026-04-04
11328,43,1145,export,2026-04-05
11329,43,1136,report_created,2026-03-20
11330,43,1138,integration_used,2026-03-17
11331,43,1143,dashboard_view,2026-04-02
11332,43,1130,report_created,2026-04-05
11333,43,1134,export,2026-04-10
11334,43,1138,report_created,2026-03-15
11335,43,1133,integration_used,2026-04-13
11336,43,1143,integration_used,2026-05-04
11337,43,1142,login,2026-05-04
11338,43,1130,report_created,2026-04-20
11339,43,1144,dashboard_view,2026-04-30
11340,43,1141,report_created,2026-04-28
11341,43,1131,login,2026-04-16
11342,43,1143,report_created,2026-04-29
11343,43,1138,report_created,2026-05-05
11344,43,1141,report_created,2026-05-01
11345,43,1130,report_created,2026-04-18
11346,43,1141,login,2026-05-03
11347,43,1140,integration_used,2026-04-28
11348,43,1141,login,2026-05-05
11349,43,1129,dashboard_view,2026-04-24
11350,43,1139,integration_used,2026-04-19
11351,43,1133,login,2026-05-11
11352,43,1140,dashboard_view,2026-04-17
11353,43,1129,report_created,2026-05-10
11354,43,1143,dashboard_view,2026-04-22
11355,43,1133,report_created,2026-04-13
11356,43,1132,integration_used,2026-05-08
11357,43,1136,integration_used,2026-04-18
11358,43,1134,integration_used,2026-05-03
11359,43,1133,export,2026-04-27
11360,43,1141,login,2026-04-25
11361,43,1144,report_created,2026-04-18
11362,43,1141,login,2026-04-22
11363,43,1130,integration_used,2026-04-17
11364,43,1129,login,2026-05-04
11365,43,1134,report_created,2026-05-06
11366,43,1145,login,2026-05-12
11367,43,1138,dashboard_view,2026-04-15
11368,43,1142,dashboard_view,2026-04-19
11369,43,1139,integration_used,2026-04-17
11370,43,1140,export,2026-04-30
11371,43,1131,report_created,2026-04-13
11372,43,1138,report_created,2026-05-04
11373,43,1141,login,2026-04-14
11374,43,1139,integration_used,2026-05-05
11375,43,1132,export,2026-04-14
11376,43,1129,export,2026-04-23
11377,43,1143,report_created,2026-04-15
11378,43,1140,dashboard_view,2026-04-22
11379,43,1143,login,2026-05-08
11380,43,1138,dashboard_view,2026-04-19
11381,43,1140,report_created,2026-04-13
11382,43,1130,integration_used,2026-05-09
11383,43,1132,integration_used,2026-04-20
11384,43,1139,export,2026-04-29
11385,43,1144,login,2026-05-31
11386,43,1133,report_created,2026-06-09
11387,43,1138,dashboard_view,2026-05-19
11388,43,1145,login,2026-06-04
11389,43,1143,report_created,2026-05-28
11390,43,1138,dashboard_view,2026-05-25
11391,43,1130,dashboard_view,2026-05-13
11392,43,1140,export,2026-06-06
11393,43,1136,integration_used,2026-06-05
11394,43,1139,export,2026-05-30
11395,43,1144,report_created,2026-06-03
11396,43,1140,export,2026-06-11
11397,43,1145,login,2026-05-23
11398,43,1143,report_created,2026-05-16
11399,43,1130,integration_used,2026-05-21
11400,43,1131,integration_used,2026-05-23
11401,43,1130,export,2026-05-28
11402,43,1139,login,2026-05-31
11403,43,1132,report_created,2026-05-24
11404,43,1137,report_created,2026-06-08
11405,43,1133,dashboard_view,2026-06-01
11406,43,1131,report_created,2026-05-29
11407,43,1145,integration_used,2026-06-06
11408,43,1135,report_created,2026-05-26
11409,43,1143,export,2026-06-03
11410,43,1142,report_created,2026-05-29
11411,43,1140,report_created,2026-05-18
11412,43,1129,login,2026-05-27
11413,43,1139,report_created,2026-06-01
11414,43,1136,dashboard_view,2026-05-22
11415,43,1137,export,2026-06-04
11416,43,1145,export,2026-05-27
11417,43,1131,export,2026-06-01
11418,43,1133,login,2026-06-07
11419,43,1136,integration_used,2026-05-18
11420,43,1129,export,2026-05-27
11421,43,1135,login,2026-06-02
11422,43,1139,report_created,2026-06-05
11423,43,1142,login,2026-05-28
11424,43,1129,login,2026-05-21
11425,43,1131,report_created,2026-06-08
11426,43,1136,export,2026-05-28
11427,43,1135,report_created,2026-05-18
11428,43,1136,login,2026-06-04
11429,43,1145,dashboard_view,2026-06-26
11430,43,1133,report_created,2026-06-30
11431,43,1142,report_created,2026-06-25
11432,43,1140,login,2026-07-03
11433,43,1135,report_created,2026-07-01
11434,43,1143,login,2026-07-02
11435,43,1140,report_created,2026-06-24
11436,43,1139,dashboard_view,2026-06-27
11437,43,1138,dashboard_view,2026-07-07
11438,43,1132,report_created,2026-06-24
11439,43,1139,integration_used,2026-06-30
11440,43,1128,integration_used,2026-06-15
11441,43,1139,integration_used,2026-06-26
11442,43,1137,export,2026-06-15
11443,43,1139,integration_used,2026-06-12
11444,43,1131,export,2026-06-21
11445,43,1140,dashboard_view,2026-07-10
11446,43,1144,report_created,2026-06-17
11447,43,1131,dashboard_view,2026-06-17
11448,43,1141,dashboard_view,2026-07-06
11449,43,1134,report_created,2026-06-18
11450,43,1142,report_created,2026-07-11
11451,43,1128,login,2026-06-27
11452,43,1136,integration_used,2026-06-29
11453,43,1142,login,2026-06-21
11454,43,1136,export,2026-06-18
11455,43,1143,dashboard_view,2026-06-18
11456,43,1137,integration_used,2026-07-08
11457,43,1139,report_created,2026-06-19
11458,43,1138,integration_used,2026-07-10
11459,43,1134,report_created,2026-06-26
11460,43,1139,export,2026-06-19
11461,43,1129,export,2026-07-08
11462,43,1128,integration_used,2026-07-05
11463,43,1140,login,2026-07-08
11464,43,1130,report_created,2026-06-27
11465,43,1128,login,2026-06-20
11466,43,1131,login,2026-06-27
11467,43,1140,integration_used,2026-06-27
11468,43,1136,login,2026-06-23
11469,43,1143,export,2026-06-24
11470,43,1133,report_created,2026-06-25
11471,43,1138,login,2026-06-20
11472,43,1140,dashboard_view,2026-06-13
11473,43,1131,report_created,2026-06-18
11474,43,1135,integration_used,2026-06-20
11475,43,1141,export,2026-06-27
11476,43,1135,dashboard_view,2026-06-30
11477,43,1141,dashboard_view,2026-06-26
11478,43,1139,report_created,2026-06-13
11479,43,1144,export,2026-06-22
11480,43,1129,login,2026-06-26
11481,43,1142,dashboard_view,2026-07-07
11482,43,1136,login,2026-07-17
11483,43,1134,report_created,2026-08-03
11484,43,1131,dashboard_view,2026-07-17
11485,43,1128,report_created,2026-08-08
11486,43,1134,integration_used,2026-08-09
11487,43,1142,report_created,2026-07-12
11488,43,1133,report_created,2026-07-26
11489,43,1135,export,2026-07-28
11490,43,1135,export,2026-07-31
11491,43,1141,login,2026-07-27
11492,43,1136,login,2026-07-25
11493,43,1134,login,2026-07-19
11494,43,1129,export,2026-07-12
11495,43,1135,report_created,2026-07-16
11496,43,1141,report_created,2026-07-15
11497,43,1145,dashboard_view,2026-07-15
11498,43,1140,login,2026-07-15
11499,43,1144,report_created,2026-08-05
11500,43,1133,export,2026-07-20
11501,43,1135,export,2026-07-13
11502,43,1136,login,2026-07-19
11503,43,1132,integration_used,2026-07-13
11504,43,1144,export,2026-07-29
11505,43,1131,dashboard_view,2026-08-08
11506,43,1132,dashboard_view,2026-08-04
11507,43,1130,dashboard_view,2026-08-02
11508,43,1138,dashboard_view,2026-07-14
11509,43,1140,login,2026-08-08
11510,43,1143,integration_used,2026-07-16
11511,43,1132,report_created,2026-07-15
11512,43,1137,report_created,2026-07-29
11513,43,1142,report_created,2026-08-02
11514,43,1140,report_created,2026-07-12
11515,43,1134,report_created,2026-08-05
11516,43,1138,report_created,2026-08-02
11517,43,1130,integration_used,2026-08-07
11518,43,1131,integration_used,2026-07-16
11519,43,1138,dashboard_view,2026-08-08
11520,43,1140,export,2026-07-12
11521,43,1134,login,2026-07-25
11522,43,1138,login,2026-08-06
11523,43,1134,integration_used,2026-07-24
11524,43,1131,integration_used,2026-07-19
11525,43,1134,export,2026-07-27
11526,43,1144,login,2026-08-01
11527,43,1145,report_created,2026-07-17
11528,43,1143,report_created,2026-08-08
11529,43,1140,dashboard_view,2026-07-20
11530,43,1133,login,2026-08-10
11531,43,1136,integration_used,2026-07-20
11532,43,1135,dashboard_view,2026-08-04
11533,44,1154,login,2026-03-12
11534,44,1149,export,2026-03-08
11535,44,1151,dashboard_view,2026-02-24
11536,44,1158,dashboard_view,2026-03-13
11537,44,1146,export,2026-02-25
11538,44,1158,report_created,2026-02-12
11539,44,1160,export,2026-02-12
11540,44,1147,integration_used,2026-02-18
11541,44,1146,export,2026-02-28
11542,44,1159,integration_used,2026-03-10
11543,44,1153,export,2026-02-17
11544,44,1158,integration_used,2026-03-09
11545,44,1157,export,2026-03-13
11546,44,1159,export,2026-02-21
11547,44,1148,export,2026-02-21
11548,44,1151,export,2026-03-10
11549,44,1150,report_created,2026-03-12
11550,44,1163,integration_used,2026-02-25
11551,44,1158,login,2026-02-24
11552,44,1155,integration_used,2026-03-10
11553,44,1158,integration_used,2026-02-15
11554,44,1153,dashboard_view,2026-03-12
11555,44,1151,report_created,2026-03-01
11556,44,1156,export,2026-02-16
11557,44,1154,export,2026-02-22
11558,44,1160,login,2026-03-04
11559,44,1164,login,2026-02-22
11560,44,1158,report_created,2026-03-12
11561,44,1153,login,2026-02-22
11562,44,1158,report_created,2026-02-16
11563,44,1164,integration_used,2026-03-12
11564,44,1161,login,2026-02-21
11565,44,1153,dashboard_view,2026-03-04
11566,44,1156,login,2026-02-15
11567,44,1160,login,2026-02-20
11568,44,1149,login,2026-02-24
11569,44,1157,integration_used,2026-02-24
11570,44,1149,export,2026-03-07
11571,44,1163,integration_used,2026-03-09
11572,44,1158,login,2026-02-27
11573,44,1160,dashboard_view,2026-03-05
11574,44,1149,dashboard_view,2026-03-03
11575,44,1148,dashboard_view,2026-02-22
11576,44,1158,dashboard_view,2026-02-18
11577,44,1156,export,2026-03-08
11578,44,1150,login,2026-04-07
11579,44,1159,login,2026-03-25
11580,44,1163,integration_used,2026-03-21
11581,44,1160,report_created,2026-04-01
11582,44,1162,dashboard_view,2026-04-12
11583,44,1153,report_created,2026-04-06
11584,44,1163,integration_used,2026-04-05
11585,44,1155,integration_used,2026-04-06
11586,44,1148,export,2026-04-12
11587,44,1157,dashboard_view,2026-03-29
11588,44,1156,login,2026-03-16
11589,44,1161,report_created,2026-04-03
11590,44,1154,integration_used,2026-03-31
11591,44,1152,report_created,2026-03-19
11592,44,1149,dashboard_view,2026-04-12
11593,44,1148,login,2026-04-03
11594,44,1148,integration_used,2026-04-08
11595,44,1153,login,2026-04-06
11596,44,1164,report_created,2026-04-02
11597,44,1162,integration_used,2026-03-23
11598,44,1161,integration_used,2026-03-25
11599,44,1146,dashboard_view,2026-03-14
11600,44,1156,integration_used,2026-03-18
11601,44,1160,export,2026-04-09
11602,44,1161,export,2026-04-10
11603,44,1146,login,2026-04-06
11604,44,1157,integration_used,2026-03-30
11605,44,1160,login,2026-03-14
11606,44,1164,login,2026-04-03
11607,44,1150,export,2026-04-04
11608,44,1146,login,2026-04-02
11609,44,1158,integration_used,2026-04-04
11610,44,1153,integration_used,2026-03-19
11611,44,1164,dashboard_view,2026-04-02
11612,44,1153,export,2026-03-29
11613,44,1149,integration_used,2026-04-18
11614,44,1160,export,2026-04-18
11615,44,1160,export,2026-04-28
11616,44,1147,export,2026-05-12
11617,44,1154,report_created,2026-05-05
11618,44,1156,integration_used,2026-04-22
11619,44,1160,dashboard_view,2026-04-21
11620,44,1148,export,2026-04-22
11621,44,1153,dashboard_view,2026-05-11
11622,44,1153,report_created,2026-05-07
11623,44,1164,export,2026-04-17
11624,44,1160,export,2026-05-02
11625,44,1154,report_created,2026-04-15
11626,44,1149,login,2026-04-18
11627,44,1155,report_created,2026-04-25
11628,44,1163,login,2026-04-15
11629,44,1164,export,2026-05-03
11630,44,1152,login,2026-04-16
11631,44,1163,report_created,2026-05-10
11632,44,1158,report_created,2026-05-12
11633,44,1155,export,2026-05-07
11634,44,1147,integration_used,2026-04-28
11635,44,1164,report_created,2026-04-14
11636,44,1164,report_created,2026-04-20
11637,44,1161,login,2026-04-29
11638,44,1149,login,2026-05-09
11639,44,1161,export,2026-04-24
11640,44,1158,export,2026-05-03
11641,44,1157,report_created,2026-05-03
11642,44,1159,export,2026-05-02
11643,44,1150,integration_used,2026-04-26
11644,44,1160,dashboard_view,2026-05-08
11645,44,1158,integration_used,2026-04-21
11646,44,1152,integration_used,2026-05-03
11647,44,1156,login,2026-05-04
11648,44,1152,login,2026-04-24
11649,44,1162,export,2026-05-04
11650,44,1162,report_created,2026-04-15
11651,44,1159,export,2026-05-12
11652,44,1158,integration_used,2026-04-19
11653,44,1151,export,2026-04-13
11654,44,1148,integration_used,2026-05-06
11655,44,1150,export,2026-04-13
11656,44,1163,login,2026-04-27
11657,44,1160,export,2026-04-14
11658,44,1160,integration_used,2026-04-28
11659,44,1157,login,2026-04-28
11660,44,1152,integration_used,2026-04-24
11661,44,1150,dashboard_view,2026-05-30
11662,44,1161,integration_used,2026-05-28
11663,44,1151,export,2026-05-14
11664,44,1148,login,2026-05-21
11665,44,1147,dashboard_view,2026-05-28
11666,44,1157,dashboard_view,2026-06-08
11667,44,1163,export,2026-05-23
11668,44,1151,login,2026-06-06
11669,44,1159,dashboard_view,2026-05-25
11670,44,1155,dashboard_view,2026-06-05
11671,44,1153,dashboard_view,2026-06-05
11672,44,1147,dashboard_view,2026-05-17
11673,44,1152,integration_used,2026-05-23
11674,44,1153,report_created,2026-06-03
11675,44,1158,export,2026-06-11
11676,44,1146,export,2026-05-16
11677,44,1164,dashboard_view,2026-06-03
11678,44,1146,integration_used,2026-05-30
11679,44,1157,dashboard_view,2026-05-22
11680,44,1152,export,2026-06-01
11681,44,1163,export,2026-05-14
11682,44,1156,dashboard_view,2026-05-18
11683,44,1155,dashboard_view,2026-06-09
11684,44,1162,dashboard_view,2026-06-01
11685,44,1161,login,2026-05-20
11686,44,1147,export,2026-05-17
11687,44,1154,integration_used,2026-06-03
11688,44,1163,report_created,2026-06-01
11689,44,1163,report_created,2026-05-27
11690,44,1153,login,2026-06-08
11691,44,1164,integration_used,2026-05-22
11692,44,1146,dashboard_view,2026-06-03
11693,44,1157,report_created,2026-05-31
11694,44,1150,login,2026-05-26
11695,44,1156,export,2026-06-04
11696,44,1159,report_created,2026-05-18
11697,44,1150,report_created,2026-05-31
11698,44,1146,integration_used,2026-05-27
11699,44,1159,integration_used,2026-05-25
11700,44,1160,export,2026-05-25
11701,44,1146,dashboard_view,2026-05-21
11702,44,1147,integration_used,2026-06-04
11703,44,1150,login,2026-06-06
11704,44,1153,login,2026-05-14
11705,44,1161,login,2026-06-10
11706,44,1156,export,2026-05-25
11707,44,1159,dashboard_view,2026-05-13
11708,44,1164,integration_used,2026-05-18
11709,44,1150,export,2026-05-25
11710,44,1164,export,2026-05-26
11711,44,1151,integration_used,2026-05-13
11712,44,1161,login,2026-06-05
11713,44,1154,dashboard_view,2026-05-17
11714,44,1164,export,2026-06-30
11715,44,1151,login,2026-06-23
11716,44,1161,integration_used,2026-06-12
11717,44,1158,report_created,2026-07-02
11718,44,1149,login,2026-06-28
11719,44,1153,dashboard_view,2026-07-05
11720,44,1163,integration_used,2026-06-24
11721,44,1146,login,2026-06-26
11722,44,1146,login,2026-07-01
11723,44,1147,integration_used,2026-07-06
11724,44,1161,report_created,2026-07-02
11725,44,1148,login,2026-07-07
11726,44,1150,dashboard_view,2026-06-20
11727,44,1146,export,2026-07-09
11728,44,1157,report_created,2026-07-02
11729,44,1154,export,2026-07-09
11730,44,1154,export,2026-06-25
11731,44,1150,login,2026-06-20
11732,44,1147,report_created,2026-06-14
11733,44,1158,dashboard_view,2026-06-28
11734,44,1160,login,2026-07-01
11735,44,1149,dashboard_view,2026-06-30
11736,44,1158,integration_used,2026-06-20
11737,44,1160,report_created,2026-07-03
11738,44,1151,login,2026-06-15
11739,44,1153,export,2026-06-14
11740,44,1147,integration_used,2026-06-26
11741,44,1156,integration_used,2026-07-02
11742,44,1152,login,2026-07-05
11743,44,1164,integration_used,2026-06-30
11744,44,1161,dashboard_view,2026-07-07
11745,44,1163,export,2026-07-05
11746,44,1163,login,2026-06-19
11747,44,1159,login,2026-07-10
11748,44,1154,export,2026-07-01
11749,44,1150,dashboard_view,2026-07-04
11750,44,1158,login,2026-06-26
11751,44,1154,integration_used,2026-06-18
11752,44,1156,login,2026-06-25
11753,44,1160,login,2026-07-11
11754,44,1157,login,2026-07-10
11755,44,1164,export,2026-06-28
11756,44,1161,dashboard_view,2026-06-20
11757,44,1146,dashboard_view,2026-06-22
11758,44,1157,integration_used,2026-07-09
11759,44,1150,login,2026-07-10
11760,44,1163,integration_used,2026-07-07
11761,44,1157,dashboard_view,2026-07-07
11762,44,1153,dashboard_view,2026-06-19
11763,44,1164,login,2026-06-27
11764,44,1154,dashboard_view,2026-06-23
11765,44,1161,report_created,2026-06-23
11766,44,1162,integration_used,2026-07-06
11767,44,1149,integration_used,2026-07-01
11768,44,1156,login,2026-07-16
11769,44,1148,dashboard_view,2026-07-28
11770,44,1160,report_created,2026-08-08
11771,44,1151,export,2026-08-10
11772,44,1156,export,2026-07-15
11773,44,1155,login,2026-07-19
11774,44,1155,dashboard_view,2026-07-12
11775,44,1155,export,2026-07-24
11776,44,1153,export,2026-07-23
11777,44,1151,dashboard_view,2026-07-29
11778,44,1157,login,2026-07-22
11779,44,1162,integration_used,2026-07-12
11780,44,1153,login,2026-07-19
11781,44,1151,integration_used,2026-08-01
11782,44,1161,export,2026-07-18
11783,44,1153,export,2026-07-17
11784,44,1160,dashboard_view,2026-07-26
11785,44,1154,dashboard_view,2026-08-01
11786,44,1155,report_created,2026-08-04
11787,44,1155,export,2026-07-22
11788,44,1162,dashboard_view,2026-07-26
11789,44,1158,export,2026-07-30
11790,44,1149,export,2026-07-31
11791,44,1155,integration_used,2026-08-03
11792,44,1147,dashboard_view,2026-07-15
11793,44,1164,dashboard_view,2026-08-09
11794,44,1154,integration_used,2026-07-12
11795,44,1146,report_created,2026-07-21
11796,44,1150,export,2026-08-01
11797,44,1164,export,2026-07-14
11798,44,1147,login,2026-07-21
11799,44,1147,report_created,2026-07-23
11800,44,1146,login,2026-07-22
11801,44,1159,report_created,2026-07-19
11802,44,1161,export,2026-08-03
11803,44,1159,report_created,2026-08-06
11804,44,1151,export,2026-07-29
11805,44,1150,report_created,2026-08-06
11806,44,1154,dashboard_view,2026-07-22
11807,44,1147,export,2026-08-03
11808,44,1153,integration_used,2026-08-09
11809,44,1148,report_created,2026-07-19
11810,44,1147,login,2026-07-12
11811,44,1156,export,2026-08-06
11812,44,1153,login,2026-08-07
11813,44,1160,dashboard_view,2026-08-05
11814,44,1158,login,2026-08-01
11815,44,1154,report_created,2026-07-26
11816,44,1159,login,2026-07-23
11817,44,1146,login,2026-07-21
11818,44,1162,dashboard_view,2026-08-02
11819,44,1153,report_created,2026-08-04
11820,44,1162,report_created,2026-07-18
11821,44,1160,report_created,2026-07-16
11822,44,1151,integration_used,2026-08-05
11823,44,1163,dashboard_view,2026-07-21
11824,45,1171,export,2026-02-20
11825,45,1172,export,2026-02-16
11826,45,1166,dashboard_view,2026-03-02
11827,45,1165,dashboard_view,2026-02-16
11828,45,1167,dashboard_view,2026-02-28
11829,45,1169,dashboard_view,2026-02-27
11830,45,1171,login,2026-03-03
11831,45,1165,dashboard_view,2026-02-18
11832,45,1167,integration_used,2026-02-22
11833,45,1165,login,2026-02-23
11834,45,1165,report_created,2026-02-28
11835,45,1172,login,2026-02-28
11836,45,1169,dashboard_view,2026-03-04
11837,45,1172,export,2026-02-25
11838,45,1168,report_created,2026-02-15
11839,45,1170,login,2026-03-05
11840,45,1169,dashboard_view,2026-03-08
11841,45,1166,integration_used,2026-03-01
11842,45,1172,dashboard_view,2026-02-22
11843,45,1165,export,2026-02-18
11844,45,1172,report_created,2026-03-02
11845,45,1168,dashboard_view,2026-02-22
11846,45,1169,integration_used,2026-03-06
11847,45,1171,login,2026-02-23
11848,45,1169,dashboard_view,2026-03-03
11849,45,1167,report_created,2026-02-16
11850,45,1167,export,2026-02-25
11851,45,1168,export,2026-03-03
11852,45,1168,integration_used,2026-03-06
11853,45,1166,dashboard_view,2026-02-13
11854,45,1168,export,2026-03-13
11855,45,1168,report_created,2026-03-05
11856,45,1168,dashboard_view,2026-02-21
11857,45,1165,dashboard_view,2026-03-08
11858,45,1171,login,2026-03-04
11859,45,1167,report_created,2026-03-09
11860,45,1172,report_created,2026-02-12
11861,45,1165,integration_used,2026-02-21
11862,45,1170,export,2026-03-07
11863,45,1167,dashboard_view,2026-03-12
11864,45,1168,login,2026-03-02
11865,45,1170,login,2026-02-12
11866,45,1171,dashboard_view,2026-03-12
11867,45,1168,dashboard_view,2026-02-15
11868,45,1170,login,2026-03-10
11869,45,1166,report_created,2026-04-01
11870,45,1170,export,2026-03-26
11871,45,1165,integration_used,2026-03-18
11872,45,1169,login,2026-03-23
11873,45,1169,dashboard_view,2026-04-08
11874,45,1169,export,2026-04-02
11875,45,1169,login,2026-04-10
11876,45,1167,report_created,2026-04-01
11877,45,1166,report_created,2026-04-08
11878,45,1168,login,2026-03-27
11879,45,1172,integration_used,2026-03-19
11880,45,1166,login,2026-03-25
11881,45,1168,report_created,2026-03-17
11882,45,1165,dashboard_view,2026-04-01
11883,45,1169,report_created,2026-03-24
11884,45,1166,export,2026-03-24
11885,45,1166,export,2026-04-02
11886,45,1170,export,2026-04-01
11887,45,1166,export,2026-03-15
11888,45,1171,dashboard_view,2026-03-18
11889,45,1167,dashboard_view,2026-03-27
11890,45,1169,dashboard_view,2026-03-30
11891,45,1165,export,2026-03-17
11892,45,1166,export,2026-03-20
11893,45,1167,login,2026-03-16
11894,45,1170,export,2026-03-15
11895,45,1168,dashboard_view,2026-04-02
11896,45,1165,login,2026-03-16
11897,45,1172,login,2026-03-30
11898,45,1170,report_created,2026-04-11
11899,45,1167,report_created,2026-04-11
11900,45,1171,report_created,2026-03-27
11901,45,1171,export,2026-03-24
11902,45,1172,login,2026-03-15
11903,45,1169,dashboard_view,2026-04-06
11904,45,1171,integration_used,2026-04-12
11905,45,1165,integration_used,2026-03-20
11906,45,1165,login,2026-04-09
11907,45,1166,report_created,2026-03-14
11908,45,1171,login,2026-03-20
11909,45,1165,dashboard_view,2026-03-20
11910,45,1167,integration_used,2026-03-28
11911,45,1166,integration_used,2026-03-26
11912,45,1168,report_created,2026-04-11
11913,45,1171,login,2026-03-22
11914,45,1171,integration_used,2026-04-05
11915,45,1166,integration_used,2026-03-30
11916,45,1172,integration_used,2026-03-21
11917,45,1170,integration_used,2026-04-10
11918,45,1170,export,2026-03-14
11919,45,1170,login,2026-04-22
11920,45,1171,export,2026-05-02
11921,45,1167,export,2026-04-30
11922,45,1167,login,2026-04-26
11923,45,1165,dashboard_view,2026-04-27
11924,45,1172,login,2026-05-07
11925,45,1166,report_created,2026-04-21
11926,45,1172,dashboard_view,2026-05-08
11927,45,1172,report_created,2026-05-06
11928,45,1171,login,2026-05-03
11929,45,1172,dashboard_view,2026-04-26
11930,45,1165,dashboard_view,2026-04-25
11931,45,1165,export,2026-04-18
11932,45,1172,integration_used,2026-04-14
11933,45,1170,report_created,2026-05-09
11934,45,1170,integration_used,2026-05-03
11935,45,1168,export,2026-04-29
11936,45,1166,export,2026-05-04
11937,45,1172,integration_used,2026-05-04
11938,45,1165,export,2026-04-29
11939,45,1171,report_created,2026-04-28
11940,45,1166,integration_used,2026-04-15
11941,45,1170,export,2026-04-18
11942,45,1166,export,2026-05-10
11943,45,1169,export,2026-05-01
11944,45,1165,integration_used,2026-05-01
11945,45,1170,export,2026-04-16
11946,45,1168,dashboard_view,2026-05-03
11947,45,1166,login,2026-04-26
11948,45,1172,integration_used,2026-05-06
11949,45,1167,login,2026-05-12
11950,45,1167,integration_used,2026-05-01
11951,45,1170,report_created,2026-04-29
11952,45,1168,export,2026-05-05
11953,45,1172,dashboard_view,2026-04-27
11954,45,1165,dashboard_view,2026-04-21
11955,45,1166,export,2026-04-30
11956,45,1172,integration_used,2026-05-09
11957,45,1167,export,2026-04-16
11958,45,1166,report_created,2026-05-01
11959,45,1172,dashboard_view,2026-04-21
11960,45,1166,report_created,2026-06-07
11961,45,1165,report_created,2026-06-07
11962,45,1169,report_created,2026-06-01
11963,45,1165,login,2026-05-21
11964,45,1170,integration_used,2026-06-02
11965,45,1165,login,2026-05-26
11966,45,1168,export,2026-05-24
11967,45,1171,export,2026-05-22
11968,45,1168,integration_used,2026-05-26
11969,45,1172,report_created,2026-06-07
11970,45,1171,export,2026-06-08
11971,45,1168,dashboard_view,2026-06-11
11972,45,1169,integration_used,2026-06-04
11973,45,1168,login,2026-05-18
11974,45,1165,integration_used,2026-06-11
11975,45,1166,dashboard_view,2026-06-02
11976,45,1170,integration_used,2026-06-06
11977,45,1169,dashboard_view,2026-05-23
11978,45,1165,report_created,2026-05-27
11979,45,1166,integration_used,2026-05-28
11980,45,1171,report_created,2026-06-01
11981,45,1171,export,2026-05-18
11982,45,1167,integration_used,2026-05-26
11983,45,1172,dashboard_view,2026-05-20
11984,45,1170,integration_used,2026-06-08
11985,45,1171,dashboard_view,2026-06-06
11986,45,1170,export,2026-06-07
11987,45,1170,export,2026-05-22
11988,45,1165,dashboard_view,2026-06-11
11989,45,1167,login,2026-06-04
11990,45,1167,report_created,2026-06-04
11991,45,1165,export,2026-05-31
11992,45,1172,login,2026-05-28
11993,45,1167,login,2026-05-31
11994,45,1170,integration_used,2026-05-26
11995,45,1165,report_created,2026-05-16
11996,45,1166,integration_used,2026-05-13
11997,45,1167,integration_used,2026-05-18
11998,45,1165,login,2026-06-01
11999,45,1171,export,2026-05-30
12000,45,1166,dashboard_view,2026-06-14
12001,45,1168,dashboard_view,2026-06-23
12002,45,1172,integration_used,2026-06-25
12003,45,1169,report_created,2026-06-17
12004,45,1172,integration_used,2026-06-21
12005,45,1165,integration_used,2026-06-23
12006,45,1171,dashboard_view,2026-06-16
12007,45,1171,report_created,2026-07-09
12008,45,1167,export,2026-06-26
12009,45,1170,integration_used,2026-06-15
12010,45,1169,report_created,2026-07-02
12011,45,1167,dashboard_view,2026-07-11
12012,45,1167,report_created,2026-06-16
12013,45,1167,integration_used,2026-07-03
12014,45,1171,login,2026-07-05
12015,45,1168,export,2026-06-14
12016,45,1168,login,2026-06-27
12017,45,1169,login,2026-06-30
12018,45,1168,login,2026-07-09
12019,45,1165,dashboard_view,2026-06-19
12020,45,1171,export,2026-06-20
12021,45,1166,report_created,2026-06-12
12022,45,1166,dashboard_view,2026-06-22
12023,45,1171,export,2026-07-11
12024,45,1166,report_created,2026-07-11
12025,45,1172,login,2026-06-12
12026,45,1166,login,2026-06-15
12027,45,1167,report_created,2026-06-18
12028,45,1171,integration_used,2026-06-20
12029,45,1167,report_created,2026-06-13
12030,45,1172,integration_used,2026-06-28
12031,45,1168,login,2026-07-02
12032,45,1165,report_created,2026-07-04
12033,45,1166,login,2026-07-03
12034,45,1168,login,2026-06-17
12035,45,1166,integration_used,2026-07-08
12036,45,1166,login,2026-07-02
12037,45,1170,login,2026-06-12
12038,45,1168,report_created,2026-07-06
12039,45,1166,integration_used,2026-06-27
12040,45,1165,report_created,2026-07-02
12041,45,1172,integration_used,2026-07-10
12042,45,1170,login,2026-06-28
12043,45,1169,login,2026-06-16
12044,45,1171,login,2026-06-27
12045,45,1169,integration_used,2026-06-20
12046,45,1168,login,2026-08-08
12047,45,1168,report_created,2026-08-07
12048,45,1170,export,2026-07-17
12049,45,1169,export,2026-07-31
12050,45,1167,dashboard_view,2026-07-17
12051,45,1172,export,2026-07-31
12052,45,1169,login,2026-07-16
12053,45,1172,report_created,2026-07-18
12054,45,1165,dashboard_view,2026-08-03
12055,45,1172,report_created,2026-08-02
12056,45,1172,integration_used,2026-08-10
12057,45,1168,integration_used,2026-08-03
12058,45,1166,dashboard_view,2026-07-19
12059,45,1171,integration_used,2026-07-18
12060,45,1169,dashboard_view,2026-08-08
12061,45,1171,login,2026-08-01
12062,45,1165,export,2026-07-15
12063,45,1165,dashboard_view,2026-08-03
12064,45,1171,export,2026-07-17
12065,45,1170,login,2026-08-03
12066,45,1165,export,2026-07-30
12067,45,1171,login,2026-08-03
12068,45,1165,login,2026-08-08
12069,45,1171,report_created,2026-07-21
12070,45,1169,login,2026-07-28
12071,45,1167,dashboard_view,2026-07-31
12072,45,1171,export,2026-08-09
12073,45,1169,login,2026-08-10
12074,45,1169,report_created,2026-07-27
12075,45,1171,integration_used,2026-07-27
12076,45,1169,integration_used,2026-07-13
12077,45,1171,integration_used,2026-07-17
12078,45,1169,report_created,2026-07-25
12079,45,1166,login,2026-07-27
12080,45,1168,login,2026-07-29
12081,45,1165,export,2026-08-09
12082,45,1172,login,2026-08-10
12083,45,1172,dashboard_view,2026-07-26
12084,45,1172,integration_used,2026-07-31
12085,45,1169,dashboard_view,2026-07-22
12086,45,1168,login,2026-07-15
12087,45,1172,login,2026-07-25
12088,45,1166,login,2026-07-12
12089,45,1172,integration_used,2026-08-07
12090,45,1171,login,2026-07-15
12091,45,1165,integration_used,2026-08-02
12092,45,1165,login,2026-08-05
12093,45,1169,report_created,2026-08-01
12094,45,1166,report_created,2026-07-16
12095,45,1170,integration_used,2026-07-14
12096,45,1171,report_created,2026-07-27
12097,45,1168,dashboard_view,2026-08-03
12098,45,1169,integration_used,2026-07-20
12099,45,1171,report_created,2026-07-19
12100,45,1170,dashboard_view,2026-08-05
12101,45,1166,login,2026-07-26
12102,45,1168,dashboard_view,2026-07-18
12103,45,1170,login,2026-08-03
12104,45,1165,integration_used,2026-08-01
12105,46,1185,export,2026-02-21
12106,46,1184,export,2026-03-07
12107,46,1195,integration_used,2026-03-10
12108,46,1188,export,2026-02-21
12109,46,1180,export,2026-03-10
12110,46,1179,report_created,2026-02-23
12111,46,1186,dashboard_view,2026-02-19
12112,46,1181,export,2026-02-25
12113,46,1195,dashboard_view,2026-02-18
12114,46,1179,integration_used,2026-02-16
12115,46,1184,integration_used,2026-02-14
12116,46,1185,report_created,2026-02-14
12117,46,1194,integration_used,2026-03-06
12118,46,1177,export,2026-02-14
12119,46,1194,export,2026-02-16
12120,46,1190,login,2026-02-27
12121,46,1181,login,2026-02-19
12122,46,1180,integration_used,2026-03-05
12123,46,1179,login,2026-02-16
12124,46,1188,integration_used,2026-02-12
12125,46,1185,login,2026-02-27
12126,46,1186,report_created,2026-03-13
12127,46,1184,login,2026-02-24
12128,46,1188,dashboard_view,2026-02-14
12129,46,1183,integration_used,2026-02-27
12130,46,1177,login,2026-03-10
12131,46,1185,report_created,2026-03-09
12132,46,1173,integration_used,2026-03-01
12133,46,1190,dashboard_view,2026-02-22
12134,46,1184,report_created,2026-02-17
12135,46,1185,export,2026-03-04
12136,46,1179,integration_used,2026-02-15
12137,46,1190,integration_used,2026-02-19
12138,46,1187,login,2026-03-13
12139,46,1182,report_created,2026-02-20
12140,46,1184,login,2026-02-26
12141,46,1180,dashboard_view,2026-02-22
12142,46,1181,dashboard_view,2026-02-20
12143,46,1188,login,2026-02-19
12144,46,1196,export,2026-02-24
12145,46,1196,dashboard_view,2026-03-25
12146,46,1184,dashboard_view,2026-04-02
12147,46,1192,login,2026-03-17
12148,46,1183,integration_used,2026-04-12
12149,46,1178,login,2026-03-31
12150,46,1173,login,2026-04-11
12151,46,1176,login,2026-03-22
12152,46,1175,report_created,2026-03-17
12153,46,1186,export,2026-04-10
12154,46,1175,integration_used,2026-03-16
12155,46,1187,integration_used,2026-04-06
12156,46,1181,report_created,2026-03-18
12157,46,1196,integration_used,2026-03-24
12158,46,1175,login,2026-04-08
12159,46,1180,login,2026-04-12
12160,46,1194,integration_used,2026-03-20
12161,46,1189,dashboard_view,2026-04-08
12162,46,1189,report_created,2026-03-16
12163,46,1194,integration_used,2026-03-31
12164,46,1192,integration_used,2026-04-11
12165,46,1185,dashboard_view,2026-03-28
12166,46,1179,dashboard_view,2026-03-22
12167,46,1175,report_created,2026-04-11
12168,46,1194,integration_used,2026-04-04
12169,46,1176,export,2026-03-28
12170,46,1193,export,2026-04-05
12171,46,1184,export,2026-04-02
12172,46,1175,dashboard_view,2026-03-24
12173,46,1177,integration_used,2026-04-10
12174,46,1190,dashboard_view,2026-04-08
12175,46,1173,dashboard_view,2026-03-30
12176,46,1175,export,2026-03-27
12177,46,1182,export,2026-04-09
12178,46,1185,dashboard_view,2026-04-10
12179,46,1173,dashboard_view,2026-04-08
12180,46,1186,login,2026-04-04
12181,46,1195,export,2026-03-23
12182,46,1192,export,2026-04-05
12183,46,1189,report_created,2026-04-06
12184,46,1193,integration_used,2026-03-24
12185,46,1175,export,2026-03-30
12186,46,1186,login,2026-04-04
12187,46,1180,dashboard_view,2026-04-08
12188,46,1191,login,2026-03-22
12189,46,1195,dashboard_view,2026-03-25
12190,46,1194,report_created,2026-04-07
12191,46,1177,integration_used,2026-03-18
12192,46,1193,export,2026-04-17
12193,46,1187,login,2026-04-13
12194,46,1178,integration_used,2026-04-30
12195,46,1180,integration_used,2026-04-28
12196,46,1181,integration_used,2026-04-23
12197,46,1191,dashboard_view,2026-05-02
12198,46,1178,dashboard_view,2026-05-02
12199,46,1192,report_created,2026-04-29
12200,46,1181,integration_used,2026-05-03
12201,46,1181,dashboard_view,2026-04-18
12202,46,1196,export,2026-04-22
12203,46,1195,integration_used,2026-04-19
12204,46,1186,login,2026-04-26
12205,46,1176,report_created,2026-05-10
12206,46,1180,login,2026-05-05
12207,46,1186,login,2026-05-04
12208,46,1192,integration_used,2026-04-20
12209,46,1173,integration_used,2026-05-02
12210,46,1188,login,2026-04-27
12211,46,1183,report_created,2026-05-02
12212,46,1192,login,2026-04-21
12213,46,1193,export,2026-04-13
12214,46,1195,dashboard_view,2026-04-14
12215,46,1188,export,2026-04-26
12216,46,1192,dashboard_view,2026-05-11
12217,46,1184,login,2026-04-24
12218,46,1195,login,2026-05-08
12219,46,1195,report_created,2026-04-19
12220,46,1185,export,2026-05-05
12221,46,1178,export,2026-05-09
12222,46,1178,export,2026-04-14
12223,46,1185,login,2026-04-19
12224,46,1179,dashboard_view,2026-05-08
12225,46,1183,report_created,2026-04-26
12226,46,1175,login,2026-04-25
12227,46,1178,report_created,2026-04-23
12228,46,1184,integration_used,2026-04-21
12229,46,1191,export,2026-04-24
12230,46,1187,dashboard_view,2026-04-18
12231,46,1196,integration_used,2026-04-28
12232,46,1179,report_created,2026-04-23
12233,46,1188,integration_used,2026-04-15
12234,46,1183,report_created,2026-04-18
12235,46,1175,dashboard_view,2026-04-24
12236,46,1196,report_created,2026-05-28
12237,46,1194,login,2026-06-09
12238,46,1175,dashboard_view,2026-05-27
12239,46,1185,export,2026-05-13
12240,46,1173,integration_used,2026-06-05
12241,46,1186,report_created,2026-06-07
12242,46,1185,export,2026-05-22
12243,46,1186,login,2026-06-08
12244,46,1178,integration_used,2026-05-31
12245,46,1182,dashboard_view,2026-05-19
12246,46,1179,login,2026-06-05
12247,46,1173,login,2026-05-25
12248,46,1184,dashboard_view,2026-05-30
12249,46,1174,integration_used,2026-05-19
12250,46,1195,integration_used,2026-06-07
12251,46,1178,report_created,2026-05-22
12252,46,1193,dashboard_view,2026-05-25
12253,46,1189,dashboard_view,2026-05-28
12254,46,1178,login,2026-05-17
12255,46,1174,export,2026-05-14
12256,46,1194,integration_used,2026-05-20
12257,46,1189,login,2026-06-05
12258,46,1178,export,2026-05-22
12259,46,1180,export,2026-05-20
12260,46,1184,report_created,2026-05-18
12261,46,1190,dashboard_view,2026-05-31
12262,46,1178,export,2026-06-11
12263,46,1177,login,2026-06-11
12264,46,1192,login,2026-05-28
12265,46,1190,dashboard_view,2026-06-02
12266,46,1190,report_created,2026-05-27
12267,46,1194,export,2026-06-09
12268,46,1194,dashboard_view,2026-05-20
12269,46,1188,export,2026-05-23
12270,46,1179,export,2026-05-22
12271,46,1183,dashboard_view,2026-06-09
12272,46,1192,report_created,2026-05-19
12273,46,1184,login,2026-06-01
12274,46,1194,login,2026-05-20
12275,46,1173,login,2026-05-31
12276,46,1174,login,2026-05-26
12277,46,1192,integration_used,2026-06-02
12278,46,1181,dashboard_view,2026-05-20
12279,46,1177,dashboard_view,2026-05-29
12280,46,1179,login,2026-05-20
12281,46,1173,export,2026-06-05
12282,46,1173,dashboard_view,2026-05-28
12283,46,1177,report_created,2026-06-04
12284,46,1177,integration_used,2026-06-18
12285,46,1180,dashboard_view,2026-07-11
12286,46,1194,dashboard_view,2026-07-03
12287,46,1193,dashboard_view,2026-07-03
12288,46,1187,dashboard_view,2026-07-01
12289,46,1191,export,2026-07-08
12290,46,1191,integration_used,2026-07-07
12291,46,1173,integration_used,2026-06-14
12292,46,1176,export,2026-06-14
12293,46,1195,dashboard_view,2026-06-29
12294,46,1176,export,2026-06-28
12295,46,1192,integration_used,2026-06-29
12296,46,1188,report_created,2026-06-18
12297,46,1173,dashboard_view,2026-07-04
12298,46,1173,report_created,2026-07-03
12299,46,1181,report_created,2026-06-12
12300,46,1175,export,2026-07-11
12301,46,1176,export,2026-06-28
12302,46,1181,export,2026-06-23
12303,46,1173,integration_used,2026-07-11
12304,46,1182,report_created,2026-07-02
12305,46,1190,login,2026-07-11
12306,46,1183,login,2026-06-18
12307,46,1188,report_created,2026-06-28
12308,46,1177,export,2026-06-23
12309,46,1195,integration_used,2026-07-06
12310,46,1173,dashboard_view,2026-06-23
12311,46,1182,login,2026-07-08
12312,46,1184,report_created,2026-07-11
12313,46,1173,integration_used,2026-06-21
12314,46,1186,integration_used,2026-06-22
12315,46,1195,login,2026-06-28
12316,46,1196,dashboard_view,2026-06-18
12317,46,1176,dashboard_view,2026-07-01
12318,46,1195,report_created,2026-07-01
12319,46,1178,dashboard_view,2026-06-19
12320,46,1195,dashboard_view,2026-07-06
12321,46,1194,integration_used,2026-06-16
12322,46,1174,integration_used,2026-07-01
12323,46,1190,export,2026-07-05
12324,46,1193,report_created,2026-06-27
12325,46,1180,report_created,2026-06-30
12326,46,1196,report_created,2026-07-10
12327,46,1188,dashboard_view,2026-06-29
12328,46,1183,dashboard_view,2026-06-18
12329,46,1192,login,2026-06-30
12330,46,1175,report_created,2026-08-07
12331,46,1178,report_created,2026-07-15
12332,46,1183,export,2026-07-25
12333,46,1178,export,2026-07-27
12334,46,1195,integration_used,2026-07-24
12335,46,1190,export,2026-08-05
12336,46,1174,login,2026-08-03
12337,46,1187,integration_used,2026-08-02
12338,46,1191,dashboard_view,2026-08-10
12339,46,1173,report_created,2026-08-02
12340,46,1190,integration_used,2026-07-13
12341,46,1173,integration_used,2026-07-19
12342,46,1188,integration_used,2026-08-07
12343,46,1186,report_created,2026-08-08
12344,46,1177,integration_used,2026-08-05
12345,46,1180,report_created,2026-07-30
12346,46,1195,report_created,2026-07-17
12347,46,1194,report_created,2026-07-18
12348,46,1192,dashboard_view,2026-07-13
12349,46,1174,report_created,2026-07-31
12350,46,1191,export,2026-07-28
12351,46,1183,export,2026-07-27
12352,46,1192,login,2026-07-22
12353,46,1176,dashboard_view,2026-07-20
12354,46,1187,integration_used,2026-07-23
12355,46,1180,report_created,2026-08-10
12356,46,1183,export,2026-07-27
12357,46,1177,report_created,2026-07-27
12358,46,1183,login,2026-07-17
12359,46,1175,login,2026-07-29
12360,46,1190,report_created,2026-07-23
12361,46,1189,export,2026-07-23
12362,46,1174,login,2026-07-16
12363,46,1184,dashboard_view,2026-07-20
12364,46,1178,dashboard_view,2026-08-07
12365,46,1179,integration_used,2026-07-29
12366,46,1192,export,2026-07-17
12367,46,1174,integration_used,2026-08-10
12368,46,1179,export,2026-08-02
12369,46,1186,login,2026-07-20
12370,46,1177,integration_used,2026-07-20
12371,46,1193,integration_used,2026-07-23
12372,46,1191,dashboard_view,2026-07-22
12373,46,1173,export,2026-07-20
12374,46,1181,login,2026-07-29
12375,46,1196,dashboard_view,2026-08-07
12376,46,1196,integration_used,2026-07-15
12377,46,1192,export,2026-07-17
12378,47,1204,report_created,2026-03-10
12379,47,1203,login,2026-02-12
12380,47,1200,integration_used,2026-03-07
12381,47,1204,integration_used,2026-02-18
12382,47,1202,dashboard_view,2026-02-13
12383,47,1202,integration_used,2026-02-18
12384,47,1203,login,2026-02-25
12385,47,1201,dashboard_view,2026-02-17
12386,47,1204,dashboard_view,2026-03-01
12387,47,1197,integration_used,2026-02-19
12388,47,1197,login,2026-02-21
12389,47,1204,export,2026-03-06
12390,47,1201,integration_used,2026-02-22
12391,47,1201,report_created,2026-02-16
12392,47,1202,report_created,2026-02-27
12393,47,1201,login,2026-03-05
12394,47,1197,export,2026-02-27
12395,47,1199,export,2026-02-18
12396,47,1199,report_created,2026-03-01
12397,47,1201,dashboard_view,2026-02-21
12398,47,1201,export,2026-02-17
12399,47,1202,login,2026-02-23
12400,47,1203,report_created,2026-03-13
12401,47,1200,integration_used,2026-03-03
12402,47,1200,integration_used,2026-02-12
12403,47,1202,integration_used,2026-02-21
12404,47,1197,integration_used,2026-02-27
12405,47,1203,integration_used,2026-03-02
12406,47,1202,integration_used,2026-02-27
12407,47,1200,export,2026-02-12
12408,47,1202,integration_used,2026-02-28
12409,47,1198,export,2026-03-01
12410,47,1201,dashboard_view,2026-02-15
12411,47,1201,login,2026-02-20
12412,47,1204,dashboard_view,2026-02-15
12413,47,1197,login,2026-02-27
12414,47,1204,export,2026-02-27
12415,47,1198,dashboard_view,2026-02-13
12416,47,1202,login,2026-02-20
12417,47,1197,integration_used,2026-02-26
12418,47,1200,integration_used,2026-03-01
12419,47,1199,dashboard_view,2026-03-09
12420,47,1200,integration_used,2026-02-19
12421,47,1202,login,2026-03-04
12422,47,1200,dashboard_view,2026-02-13
12423,47,1203,integration_used,2026-02-23
12424,47,1202,integration_used,2026-03-09
12425,47,1202,login,2026-02-20
12426,47,1199,login,2026-03-06
12427,47,1203,dashboard_view,2026-04-02
12428,47,1199,dashboard_view,2026-03-29
12429,47,1202,report_created,2026-03-21
12430,47,1198,integration_used,2026-04-03
12431,47,1204,report_created,2026-04-08
12432,47,1197,dashboard_view,2026-04-06
12433,47,1199,report_created,2026-04-05
12434,47,1204,login,2026-03-28
12435,47,1201,integration_used,2026-03-30
12436,47,1202,login,2026-03-15
12437,47,1200,report_created,2026-03-21
12438,47,1202,report_created,2026-04-01
12439,47,1204,dashboard_view,2026-04-11
12440,47,1197,export,2026-04-11
12441,47,1198,report_created,2026-03-28
12442,47,1198,export,2026-04-06
12443,47,1201,report_created,2026-04-04
12444,47,1201,export,2026-03-18
12445,47,1203,dashboard_view,2026-04-09
12446,47,1198,integration_used,2026-03-26
12447,47,1200,integration_used,2026-03-14
12448,47,1198,dashboard_view,2026-03-23
12449,47,1204,login,2026-03-22
12450,47,1203,login,2026-04-02
12451,47,1204,export,2026-03-20
12452,47,1198,dashboard_view,2026-03-15
12453,47,1199,dashboard_view,2026-03-16
12454,47,1200,login,2026-03-23
12455,47,1202,report_created,2026-03-31
12456,47,1201,integration_used,2026-03-30
12457,47,1202,login,2026-04-05
12458,47,1201,report_created,2026-04-01
12459,47,1202,report_created,2026-03-18
12460,47,1202,dashboard_view,2026-04-11
12461,47,1203,report_created,2026-04-06
12462,47,1203,export,2026-04-12
12463,47,1204,integration_used,2026-03-28
12464,47,1201,dashboard_view,2026-03-14
12465,47,1200,dashboard_view,2026-03-23
12466,47,1204,dashboard_view,2026-03-30
12467,47,1197,export,2026-04-04
12468,47,1197,integration_used,2026-04-12
12469,47,1199,dashboard_view,2026-03-21
12470,47,1203,export,2026-03-25
12471,47,1203,integration_used,2026-04-14
12472,47,1197,dashboard_view,2026-05-07
12473,47,1199,integration_used,2026-05-11
12474,47,1204,report_created,2026-05-01
12475,47,1197,login,2026-04-30
12476,47,1204,integration_used,2026-04-18
12477,47,1197,export,2026-04-29
12478,47,1197,login,2026-04-13
12479,47,1202,login,2026-04-21
12480,47,1199,login,2026-05-11
12481,47,1200,dashboard_view,2026-04-24
12482,47,1201,integration_used,2026-05-03
12483,47,1197,export,2026-04-28
12484,47,1204,dashboard_view,2026-04-14
12485,47,1198,dashboard_view,2026-04-30
12486,47,1198,dashboard_view,2026-04-25
12487,47,1200,dashboard_view,2026-04-18
12488,47,1198,integration_used,2026-04-19
12489,47,1199,export,2026-04-24
12490,47,1199,login,2026-05-09
12491,47,1202,login,2026-05-05
12492,47,1204,dashboard_view,2026-05-10
12493,47,1199,export,2026-04-13
12494,47,1197,login,2026-04-15
12495,47,1199,dashboard_view,2026-04-14
12496,47,1200,export,2026-04-22
12497,47,1204,report_created,2026-04-19
12498,47,1199,login,2026-04-28
12499,47,1202,integration_used,2026-05-03
12500,47,1202,integration_used,2026-04-27
12501,47,1204,dashboard_view,2026-04-17
12502,47,1199,export,2026-05-11
12503,47,1200,dashboard_view,2026-05-08
12504,47,1197,dashboard_view,2026-05-10
12505,47,1203,integration_used,2026-04-24
12506,47,1197,report_created,2026-04-14
12507,47,1201,export,2026-04-29
12508,47,1202,integration_used,2026-04-26
12509,47,1202,report_created,2026-05-08
12510,47,1203,integration_used,2026-06-11
12511,47,1203,login,2026-05-16
12512,47,1203,report_created,2026-05-14
12513,47,1204,report_created,2026-06-07
12514,47,1202,report_created,2026-06-06
12515,47,1204,export,2026-06-05
12516,47,1204,report_created,2026-05-20
12517,47,1204,integration_used,2026-05-27
12518,47,1201,export,2026-06-11
12519,47,1197,integration_used,2026-05-17
12520,47,1201,report_created,2026-05-29
12521,47,1204,export,2026-05-28
12522,47,1197,login,2026-05-29
12523,47,1199,integration_used,2026-05-14
12524,47,1204,dashboard_view,2026-05-13
12525,47,1201,export,2026-06-07
12526,47,1197,integration_used,2026-05-17
12527,47,1199,dashboard_view,2026-05-26
12528,47,1203,login,2026-05-21
12529,47,1203,login,2026-06-03
12530,47,1204,login,2026-06-11
12531,47,1202,export,2026-06-05
12532,47,1198,integration_used,2026-05-22
12533,47,1203,report_created,2026-06-10
12534,47,1203,export,2026-05-19
12535,47,1197,dashboard_view,2026-05-17
12536,47,1198,export,2026-05-20
12537,47,1203,export,2026-06-02
12538,47,1202,login,2026-05-22
12539,47,1199,integration_used,2026-05-28
12540,47,1200,login,2026-05-14
12541,47,1199,report_created,2026-05-18
12542,47,1199,report_created,2026-05-25
12543,47,1200,report_created,2026-05-31
12544,47,1198,export,2026-05-16
12545,47,1197,integration_used,2026-06-09
12546,47,1198,integration_used,2026-05-23
12547,47,1201,login,2026-05-25
12548,47,1204,login,2026-06-11
12549,47,1204,integration_used,2026-06-11
12550,47,1203,login,2026-05-27
12551,47,1202,login,2026-06-06
12552,47,1204,login,2026-05-28
12553,47,1197,report_created,2026-05-27
12554,47,1197,dashboard_view,2026-06-02
12555,47,1203,integration_used,2026-06-24
12556,47,1202,export,2026-06-18
12557,47,1203,dashboard_view,2026-06-27
12558,47,1201,login,2026-06-28
12559,47,1197,login,2026-07-01
12560,47,1198,integration_used,2026-07-10
12561,47,1197,export,2026-07-10
12562,47,1197,login,2026-06-15
12563,47,1204,report_created,2026-06-24
12564,47,1197,dashboard_view,2026-06-18
12565,47,1197,login,2026-06-30
12566,47,1199,report_created,2026-06-30
12567,47,1204,dashboard_view,2026-07-06
12568,47,1199,login,2026-07-10
12569,47,1197,dashboard_view,2026-06-20
12570,47,1204,integration_used,2026-06-30
12571,47,1204,export,2026-07-03
12572,47,1202,dashboard_view,2026-06-21
12573,47,1203,integration_used,2026-07-01
12574,47,1204,report_created,2026-06-18
12575,47,1201,dashboard_view,2026-06-15
12576,47,1202,export,2026-07-07
12577,47,1201,dashboard_view,2026-06-20
12578,47,1197,login,2026-07-02
12579,47,1203,login,2026-07-02
12580,47,1202,dashboard_view,2026-06-17
12581,47,1204,login,2026-07-02
12582,47,1202,dashboard_view,2026-07-09
12583,47,1200,integration_used,2026-06-27
12584,47,1200,export,2026-06-14
12585,47,1203,export,2026-06-16
12586,47,1204,integration_used,2026-06-29
12587,47,1203,login,2026-07-17
12588,47,1202,export,2026-07-31
12589,47,1198,export,2026-07-16
12590,47,1201,login,2026-07-22
12591,47,1202,report_created,2026-07-25
12592,47,1203,integration_used,2026-07-25
12593,47,1198,report_created,2026-08-02
12594,47,1197,login,2026-07-25
12595,47,1200,report_created,2026-07-15
12596,47,1203,report_created,2026-08-05
12597,47,1197,report_created,2026-07-20
12598,47,1204,report_created,2026-08-02
12599,47,1202,integration_used,2026-08-10
12600,47,1203,dashboard_view,2026-08-04
12601,47,1201,dashboard_view,2026-07-30
12602,47,1202,export,2026-08-06
12603,47,1198,login,2026-08-07
12604,47,1198,login,2026-07-19
12605,47,1202,login,2026-07-16
12606,47,1201,export,2026-07-28
12607,47,1202,dashboard_view,2026-07-22
12608,47,1199,dashboard_view,2026-08-08
12609,47,1202,integration_used,2026-07-15
12610,48,1208,dashboard_view,2026-02-25
12611,48,1206,export,2026-02-15
12612,48,1211,report_created,2026-02-21
12613,48,1222,login,2026-03-13
12614,48,1209,export,2026-03-09
12615,48,1213,report_created,2026-03-09
12616,48,1224,dashboard_view,2026-02-26
12617,48,1205,report_created,2026-03-03
12618,48,1214,dashboard_view,2026-02-24
12619,48,1223,export,2026-02-25
12620,48,1222,login,2026-02-14
12621,48,1224,login,2026-03-09
12622,48,1214,report_created,2026-02-26
12623,48,1224,integration_used,2026-02-18
12624,48,1213,report_created,2026-02-27
12625,48,1217,report_created,2026-03-13
12626,48,1210,dashboard_view,2026-02-23
12627,48,1219,export,2026-03-10
12628,48,1222,report_created,2026-02-12
12629,48,1220,dashboard_view,2026-02-16
12630,48,1207,export,2026-03-05
12631,48,1207,dashboard_view,2026-02-27
12632,48,1220,integration_used,2026-03-03
12633,48,1206,report_created,2026-02-16
12634,48,1216,dashboard_view,2026-02-16
12635,48,1224,dashboard_view,2026-02-15
12636,48,1218,export,2026-02-27
12637,48,1224,integration_used,2026-02-12
12638,48,1221,integration_used,2026-02-21
12639,48,1219,integration_used,2026-02-23
12640,48,1221,export,2026-02-27
12641,48,1215,report_created,2026-03-04
12642,48,1215,report_created,2026-02-25
12643,48,1219,report_created,2026-02-17
12644,48,1207,report_created,2026-03-06
12645,48,1205,integration_used,2026-03-10
12646,48,1209,integration_used,2026-02-18
12647,48,1211,login,2026-02-28
12648,48,1215,export,2026-02-22
12649,48,1210,export,2026-02-19
12650,48,1215,login,2026-02-20
12651,48,1223,report_created,2026-03-07
12652,48,1217,dashboard_view,2026-02-13
12653,48,1221,login,2026-02-22
12654,48,1208,report_created,2026-03-09
12655,48,1221,report_created,2026-03-04
12656,48,1220,dashboard_view,2026-02-22
12657,48,1218,report_created,2026-02-18
12658,48,1208,login,2026-03-14
12659,48,1216,integration_used,2026-03-30
12660,48,1217,dashboard_view,2026-04-08
12661,48,1212,login,2026-03-16
12662,48,1219,export,2026-04-12
12663,48,1215,report_created,2026-03-24
12664,48,1221,report_created,2026-04-12
12665,48,1212,export,2026-04-09
12666,48,1206,dashboard_view,2026-04-08
12667,48,1219,report_created,2026-03-23
12668,48,1212,login,2026-04-05
12669,48,1211,export,2026-03-17
12670,48,1210,export,2026-03-18
12671,48,1207,export,2026-03-26
12672,48,1225,dashboard_view,2026-03-23
12673,48,1214,export,2026-04-03
12674,48,1216,dashboard_view,2026-03-30
12675,48,1207,login,2026-03-18
12676,48,1209,login,2026-03-23
12677,48,1211,login,2026-03-26
12678,48,1220,dashboard_view,2026-03-26
12679,48,1222,export,2026-03-15
12680,48,1222,login,2026-03-19
12681,48,1217,login,2026-03-30
12682,48,1215,report_created,2026-03-21
12683,48,1216,integration_used,2026-03-24
12684,48,1215,export,2026-03-27
12685,48,1217,report_created,2026-04-05
12686,48,1218,report_created,2026-04-02
12687,48,1207,login,2026-03-27
12688,48,1210,integration_used,2026-03-23
12689,48,1221,report_created,2026-04-07
12690,48,1209,dashboard_view,2026-04-10
12691,48,1221,integration_used,2026-03-21
12692,48,1217,integration_used,2026-03-30
12693,48,1206,report_created,2026-03-14
12694,48,1224,export,2026-04-04
12695,48,1223,integration_used,2026-03-14
12696,48,1221,report_created,2026-03-19
12697,48,1210,integration_used,2026-03-26
12698,48,1210,integration_used,2026-03-21
12699,48,1214,login,2026-03-29
12700,48,1215,login,2026-04-08
12701,48,1212,dashboard_view,2026-04-10
12702,48,1210,integration_used,2026-03-17
12703,48,1222,export,2026-03-26
12704,48,1207,dashboard_view,2026-03-18
12705,48,1211,dashboard_view,2026-03-20
12706,48,1211,export,2026-04-15
12707,48,1217,export,2026-04-26
12708,48,1214,export,2026-05-08
12709,48,1220,export,2026-04-25
12710,48,1209,integration_used,2026-04-29
12711,48,1215,export,2026-05-07
12712,48,1209,export,2026-04-26
12713,48,1217,dashboard_view,2026-05-12
12714,48,1209,integration_used,2026-05-12
12715,48,1220,integration_used,2026-04-28
12716,48,1212,report_created,2026-04-16
12717,48,1219,login,2026-05-10
12718,48,1218,integration_used,2026-05-07
12719,48,1212,dashboard_view,2026-04-16
12720,48,1213,report_created,2026-04-22
12721,48,1225,report_created,2026-04-20
12722,48,1220,report_created,2026-05-05
12723,48,1218,dashboard_view,2026-05-07
12724,48,1225,export,2026-05-08
12725,48,1220,login,2026-04-22
12726,48,1206,report_created,2026-05-04
12727,48,1211,integration_used,2026-05-02
12728,48,1216,integration_used,2026-04-20
12729,48,1220,login,2026-05-06
12730,48,1209,export,2026-04-18
12731,48,1212,dashboard_view,2026-04-19
12732,48,1210,report_created,2026-04-25
12733,48,1219,login,2026-04-13
12734,48,1214,dashboard_view,2026-04-20
12735,48,1213,dashboard_view,2026-05-11
12736,48,1215,report_created,2026-05-02
12737,48,1214,export,2026-04-13
12738,48,1221,dashboard_view,2026-04-23
12739,48,1223,export,2026-04-17
12740,48,1219,login,2026-04-22
12741,48,1214,login,2026-05-09
12742,48,1218,integration_used,2026-04-27
12743,48,1222,login,2026-04-15
12744,48,1216,integration_used,2026-04-17
12745,48,1218,report_created,2026-04-22
12746,48,1225,dashboard_view,2026-05-28
12747,48,1221,report_created,2026-05-30
12748,48,1217,login,2026-05-23
12749,48,1214,integration_used,2026-06-03
12750,48,1213,export,2026-05-19
12751,48,1220,dashboard_view,2026-05-19
12752,48,1211,dashboard_view,2026-06-06
12753,48,1224,login,2026-05-15
12754,48,1210,integration_used,2026-06-02
12755,48,1224,report_created,2026-06-01
12756,48,1222,export,2026-05-28
12757,48,1205,export,2026-06-11
12758,48,1210,integration_used,2026-06-04
12759,48,1213,integration_used,2026-06-01
12760,48,1223,report_created,2026-05-21
12761,48,1210,report_created,2026-05-29
12762,48,1206,export,2026-05-27
12763,48,1205,integration_used,2026-05-22
12764,48,1224,dashboard_view,2026-06-01
12765,48,1206,dashboard_view,2026-06-09
12766,48,1206,dashboard_view,2026-06-04
12767,48,1223,login,2026-05-26
12768,48,1208,integration_used,2026-06-04
12769,48,1220,export,2026-06-09
12770,48,1209,dashboard_view,2026-05-25
12771,48,1212,export,2026-05-31
12772,48,1222,login,2026-05-23
12773,48,1215,integration_used,2026-05-14
12774,48,1207,integration_used,2026-06-10
12775,48,1205,report_created,2026-06-08
12776,48,1211,export,2026-06-05
12777,48,1213,dashboard_view,2026-05-16
12778,48,1215,export,2026-05-30
12779,48,1205,export,2026-06-07
12780,48,1220,integration_used,2026-06-06
12781,48,1219,report_created,2026-06-09
12782,48,1217,integration_used,2026-05-31
12783,48,1218,integration_used,2026-05-21
12784,48,1216,integration_used,2026-05-28
12785,48,1214,export,2026-05-31
12786,48,1215,report_created,2026-05-24
12787,48,1224,report_created,2026-05-24
12788,48,1216,report_created,2026-06-11
12789,48,1215,dashboard_view,2026-05-14
12790,48,1225,dashboard_view,2026-05-30
12791,48,1223,login,2026-05-20
12792,48,1219,report_created,2026-06-08
12793,48,1221,report_created,2026-05-31
12794,48,1207,dashboard_view,2026-05-25
12795,48,1224,dashboard_view,2026-05-31
12796,48,1215,report_created,2026-06-07
12797,48,1209,login,2026-05-17
12798,48,1221,integration_used,2026-06-21
12799,48,1210,login,2026-06-17
12800,48,1217,report_created,2026-06-21
12801,48,1208,login,2026-06-14
12802,48,1224,dashboard_view,2026-06-21
12803,48,1207,report_created,2026-07-02
12804,48,1220,report_created,2026-07-02
12805,48,1215,login,2026-07-07
12806,48,1211,dashboard_view,2026-07-10
12807,48,1220,export,2026-06-21
12808,48,1224,report_created,2026-06-13
12809,48,1219,login,2026-07-05
12810,48,1221,integration_used,2026-06-18
12811,48,1209,login,2026-07-02
12812,48,1211,report_created,2026-06-15
12813,48,1212,login,2026-07-06
12814,48,1210,report_created,2026-06-18
12815,48,1214,dashboard_view,2026-07-11
12816,48,1223,export,2026-07-05
12817,48,1212,login,2026-07-02
12818,48,1223,login,2026-07-03
12819,48,1210,login,2026-06-16
12820,48,1222,login,2026-06-13
12821,48,1216,dashboard_view,2026-06-19
12822,48,1216,integration_used,2026-06-26
12823,48,1215,integration_used,2026-06-23
12824,48,1206,login,2026-06-19
12825,48,1214,export,2026-06-12
12826,48,1224,report_created,2026-06-12
12827,48,1207,dashboard_view,2026-07-07
12828,48,1209,report_created,2026-07-01
12829,48,1218,login,2026-07-11
12830,48,1222,integration_used,2026-06-13
12831,48,1207,login,2026-06-16
12832,48,1211,report_created,2026-06-16
12833,48,1212,integration_used,2026-07-03
12834,48,1216,login,2026-06-26
12835,48,1211,integration_used,2026-07-05
12836,48,1224,dashboard_view,2026-06-28
12837,48,1219,integration_used,2026-06-28
12838,48,1218,dashboard_view,2026-07-09
12839,48,1220,report_created,2026-07-04
12840,48,1209,login,2026-07-08
12841,48,1209,dashboard_view,2026-07-11
12842,48,1224,dashboard_view,2026-07-09
12843,48,1221,dashboard_view,2026-07-09
12844,48,1206,report_created,2026-07-09
12845,48,1223,report_created,2026-06-14
12846,48,1222,dashboard_view,2026-07-10
12847,48,1224,integration_used,2026-06-25
12848,48,1206,integration_used,2026-06-24
12849,48,1225,login,2026-06-25
12850,48,1223,export,2026-06-29
12851,48,1214,report_created,2026-06-16
12852,48,1210,login,2026-07-05
12853,48,1223,integration_used,2026-07-08
12854,48,1223,integration_used,2026-07-10
12855,48,1209,dashboard_view,2026-07-09
12856,48,1211,export,2026-07-01
12857,48,1208,dashboard_view,2026-07-27
12858,48,1212,export,2026-07-17
12859,48,1225,export,2026-07-29
12860,48,1206,login,2026-08-01
12861,48,1220,login,2026-08-08
12862,48,1225,integration_used,2026-08-04
12863,48,1223,integration_used,2026-08-08
12864,48,1208,integration_used,2026-07-13
12865,48,1220,login,2026-08-01
12866,48,1215,login,2026-07-15
12867,48,1208,dashboard_view,2026-08-03
12868,48,1210,dashboard_view,2026-08-10
12869,48,1213,report_created,2026-07-16
12870,48,1223,export,2026-07-30
12871,48,1205,login,2026-07-26
12872,48,1213,integration_used,2026-07-13
12873,48,1220,export,2026-07-17
12874,48,1216,export,2026-08-09
12875,48,1219,dashboard_view,2026-07-30
12876,48,1216,export,2026-07-19
12877,48,1209,login,2026-08-03
12878,48,1217,dashboard_view,2026-07-17
12879,48,1208,login,2026-07-29
12880,48,1211,export,2026-07-20
12881,48,1225,login,2026-07-25
12882,48,1207,login,2026-07-21
12883,48,1215,export,2026-07-17
12884,48,1205,integration_used,2026-08-04
12885,48,1224,dashboard_view,2026-07-29
12886,48,1206,export,2026-07-28
12887,48,1219,login,2026-08-10
12888,48,1216,integration_used,2026-07-22
12889,48,1213,integration_used,2026-07-29
12890,48,1217,integration_used,2026-07-29
12891,48,1212,dashboard_view,2026-07-14
12892,48,1212,export,2026-08-04
12893,48,1206,export,2026-08-10
12894,48,1208,report_created,2026-07-18
12895,48,1221,login,2026-07-15
12896,48,1205,export,2026-07-23
12897,48,1207,login,2026-08-02
12898,48,1222,dashboard_view,2026-07-28
12899,48,1212,dashboard_view,2026-08-05
12900,48,1214,login,2026-08-04
12901,48,1217,integration_used,2026-07-31
12902,48,1220,report_created,2026-08-01
12903,48,1222,integration_used,2026-07-19
12904,48,1222,integration_used,2026-08-04
12905,48,1225,dashboard_view,2026-08-05
12906,48,1219,integration_used,2026-07-31
12907,48,1205,integration_used,2026-07-15
12908,49,1231,integration_used,2026-03-09
12909,49,1253,report_created,2026-02-13
12910,49,1243,dashboard_view,2026-02-15
12911,49,1247,integration_used,2026-03-02
12912,49,1236,report_created,2026-02-18
12913,49,1237,login,2026-03-03
12914,49,1232,login,2026-02-22
12915,49,1254,export,2026-02-23
12916,49,1251,dashboard_view,2026-03-13
12917,49,1235,dashboard_view,2026-02-25
12918,49,1250,dashboard_view,2026-02-17
12919,49,1239,integration_used,2026-02-26
12920,49,1243,dashboard_view,2026-02-12
12921,49,1243,export,2026-02-19
12922,49,1232,integration_used,2026-03-01
12923,49,1252,dashboard_view,2026-02-21
12924,49,1230,integration_used,2026-03-06
12925,49,1226,report_created,2026-03-12
12926,49,1248,export,2026-03-06
12927,49,1234,report_created,2026-02-27
12928,49,1242,export,2026-03-04
12929,49,1239,report_created,2026-02-13
12930,49,1242,export,2026-02-28
12931,49,1248,login,2026-03-05
12932,49,1238,export,2026-03-06
12933,49,1250,dashboard_view,2026-03-11
12934,49,1227,dashboard_view,2026-03-01
12935,49,1229,report_created,2026-02-27
12936,49,1237,dashboard_view,2026-02-13
12937,49,1244,export,2026-02-27
12938,49,1238,login,2026-03-12
12939,49,1234,integration_used,2026-03-02
12940,49,1235,integration_used,2026-03-13
12941,49,1229,report_created,2026-03-10
12942,49,1234,login,2026-02-16
12943,49,1237,dashboard_view,2026-02-27
12944,49,1243,report_created,2026-03-10
12945,49,1248,export,2026-03-07
12946,49,1254,login,2026-03-11
12947,49,1239,export,2026-02-24
12948,49,1229,report_created,2026-03-10
12949,49,1238,login,2026-02-12
12950,49,1253,export,2026-03-07
12951,49,1228,integration_used,2026-03-11
12952,49,1245,export,2026-03-08
12953,49,1249,login,2026-02-18
12954,49,1251,report_created,2026-03-03
12955,49,1236,report_created,2026-02-19
12956,49,1238,report_created,2026-03-02
12957,49,1231,export,2026-02-18
12958,49,1238,report_created,2026-03-27
12959,49,1253,dashboard_view,2026-03-19
12960,49,1241,login,2026-03-29
12961,49,1234,login,2026-03-18
12962,49,1232,report_created,2026-04-03
12963,49,1246,report_created,2026-03-22
12964,49,1234,integration_used,2026-04-02
12965,49,1237,export,2026-03-22
12966,49,1251,login,2026-03-30
12967,49,1226,login,2026-04-05
12968,49,1253,login,2026-04-10
12969,49,1245,dashboard_view,2026-03-30
12970,49,1230,dashboard_view,2026-03-28
12971,49,1233,export,2026-03-27
12972,49,1251,export,2026-03-25
12973,49,1234,dashboard_view,2026-03-22
12974,49,1248,export,2026-04-09
12975,49,1249,dashboard_view,2026-03-16
12976,49,1238,integration_used,2026-03-18
12977,49,1233,report_created,2026-03-26
12978,49,1247,login,2026-03-18
12979,49,1244,export,2026-04-02
12980,49,1226,integration_used,2026-03-18
12981,49,1232,login,2026-04-04
12982,49,1250,integration_used,2026-03-21
12983,49,1244,export,2026-04-10
12984,49,1247,report_created,2026-03-14
12985,49,1227,login,2026-03-26
12986,49,1228,export,2026-04-06
12987,49,1251,report_created,2026-03-21
12988,49,1253,login,2026-03-15
12989,49,1233,integration_used,2026-04-04
12990,49,1246,integration_used,2026-04-04
12991,49,1234,export,2026-04-06
12992,49,1252,login,2026-03-29
12993,49,1226,export,2026-03-21
12994,49,1231,export,2026-03-18
12995,49,1244,integration_used,2026-04-02
12996,49,1236,login,2026-03-15
12997,49,1235,dashboard_view,2026-03-18
12998,49,1245,report_created,2026-04-01
12999,49,1235,export,2026-03-24
13000,49,1244,report_created,2026-05-02
13001,49,1230,login,2026-04-16
13002,49,1249,export,2026-04-18
13003,49,1252,report_created,2026-04-20
13004,49,1253,dashboard_view,2026-04-29
13005,49,1241,dashboard_view,2026-05-02
13006,49,1242,login,2026-05-12
13007,49,1229,login,2026-04-29
13008,49,1246,dashboard_view,2026-04-28
13009,49,1234,export,2026-05-03
13010,49,1244,report_created,2026-04-21
13011,49,1248,report_created,2026-04-18
13012,49,1244,dashboard_view,2026-05-07
13013,49,1236,login,2026-04-21
13014,49,1252,dashboard_view,2026-04-29
13015,49,1243,dashboard_view,2026-05-05
13016,49,1239,integration_used,2026-05-04
13017,49,1245,login,2026-04-27
13018,49,1247,login,2026-04-21
13019,49,1227,export,2026-05-10
13020,49,1226,integration_used,2026-04-28
13021,49,1229,integration_used,2026-05-08
13022,49,1235,report_created,2026-04-22
13023,49,1240,login,2026-04-30
13024,49,1249,dashboard_view,2026-04-19
13025,49,1227,report_created,2026-04-15
13026,49,1253,integration_used,2026-04-18
13027,49,1235,report_created,2026-04-25
13028,49,1228,report_created,2026-04-20
13029,49,1231,dashboard_view,2026-04-22
13030,49,1236,report_created,2026-04-20
13031,49,1250,integration_used,2026-05-08
13032,49,1232,dashboard_view,2026-04-22
13033,49,1241,integration_used,2026-05-07
13034,49,1251,report_created,2026-04-27
13035,49,1253,export,2026-04-30
13036,49,1244,login,2026-04-25
13037,49,1247,login,2026-05-06
13038,49,1230,report_created,2026-04-29
13039,49,1238,export,2026-05-04
13040,49,1248,login,2026-04-27
13041,49,1252,report_created,2026-05-10
13042,49,1242,dashboard_view,2026-04-25
13043,49,1254,login,2026-04-19
13044,49,1252,export,2026-04-26
13045,49,1227,integration_used,2026-04-21
13046,49,1251,report_created,2026-04-23
13047,49,1228,login,2026-04-13
13048,49,1241,integration_used,2026-04-19
13049,49,1229,export,2026-05-09
13050,49,1229,report_created,2026-05-10
13051,49,1238,report_created,2026-05-04
13052,49,1238,login,2026-04-20
13053,49,1244,integration_used,2026-05-15
13054,49,1233,integration_used,2026-06-10
13055,49,1240,report_created,2026-05-31
13056,49,1231,report_created,2026-05-19
13057,49,1253,export,2026-05-13
13058,49,1232,integration_used,2026-05-19
13059,49,1243,report_created,2026-05-15
13060,49,1248,dashboard_view,2026-06-06
13061,49,1241,export,2026-05-19
13062,49,1235,export,2026-05-25
13063,49,1240,login,2026-06-11
13064,49,1241,integration_used,2026-05-25
13065,49,1254,dashboard_view,2026-06-08
13066,49,1236,dashboard_view,2026-06-04
13067,49,1236,login,2026-05-13
13068,49,1231,integration_used,2026-06-09
13069,49,1252,integration_used,2026-06-11
13070,49,1231,dashboard_view,2026-05-18
13071,49,1238,integration_used,2026-05-27
13072,49,1244,integration_used,2026-06-10
13073,49,1239,export,2026-05-21
13074,49,1239,login,2026-05-19
13075,49,1230,export,2026-05-25
13076,49,1237,dashboard_view,2026-05-13
13077,49,1243,integration_used,2026-06-05
13078,49,1246,export,2026-05-31
13079,49,1228,report_created,2026-05-29
13080,49,1238,integration_used,2026-05-18
13081,49,1230,login,2026-06-08
13082,49,1252,dashboard_view,2026-06-11
13083,49,1247,export,2026-05-19
13084,49,1226,integration_used,2026-05-16
13085,49,1252,export,2026-06-11
13086,49,1227,dashboard_view,2026-05-17
13087,49,1241,login,2026-05-26
13088,49,1242,integration_used,2026-05-22
13089,49,1250,export,2026-05-19
13090,49,1248,export,2026-05-20
13091,49,1250,integration_used,2026-05-17
13092,49,1233,login,2026-06-06
13093,49,1241,login,2026-05-17
13094,49,1244,integration_used,2026-05-14
13095,49,1233,integration_used,2026-06-03
13096,49,1245,export,2026-07-07
13097,49,1241,report_created,2026-06-18
13098,49,1243,export,2026-06-27
13099,49,1247,integration_used,2026-07-06
13100,49,1239,login,2026-06-30
13101,49,1253,report_created,2026-06-26
13102,49,1247,report_created,2026-06-14
13103,49,1251,export,2026-07-01
13104,49,1236,dashboard_view,2026-06-27
13105,49,1239,export,2026-06-26
13106,49,1237,report_created,2026-06-20
13107,49,1228,integration_used,2026-06-17
13108,49,1242,integration_used,2026-07-06
13109,49,1229,integration_used,2026-06-27
13110,49,1234,export,2026-06-26
13111,49,1244,login,2026-06-30
13112,49,1253,login,2026-06-12
13113,49,1232,report_created,2026-07-02
13114,49,1250,dashboard_view,2026-07-07
13115,49,1227,export,2026-07-06
13116,49,1231,integration_used,2026-06-29
13117,49,1233,dashboard_view,2026-07-10
13118,49,1230,export,2026-06-14
13119,49,1247,report_created,2026-06-13
13120,49,1237,report_created,2026-07-06
13121,49,1240,dashboard_view,2026-07-04
13122,49,1226,login,2026-06-22
13123,49,1240,report_created,2026-06-17
13124,49,1250,login,2026-06-17
13125,49,1249,dashboard_view,2026-06-29
13126,49,1236,export,2026-07-09
13127,49,1242,dashboard_view,2026-07-01
13128,49,1246,report_created,2026-07-07
13129,49,1240,export,2026-06-29
13130,49,1237,dashboard_view,2026-07-08
13131,49,1236,integration_used,2026-06-19
13132,49,1232,integration_used,2026-06-26
13133,49,1244,login,2026-07-11
13134,49,1249,report_created,2026-06-16
13135,49,1252,dashboard_view,2026-06-15
13136,49,1238,export,2026-06-18
13137,49,1245,dashboard_view,2026-06-12
13138,49,1232,export,2026-07-07
13139,49,1239,dashboard_view,2026-07-04
13140,49,1234,dashboard_view,2026-07-07
13141,49,1243,export,2026-06-30
13142,49,1231,integration_used,2026-06-17
13143,49,1233,dashboard_view,2026-06-27
13144,49,1254,dashboard_view,2026-06-16
13145,49,1241,dashboard_view,2026-06-20
13146,49,1231,integration_used,2026-07-01
13147,49,1232,login,2026-07-08
13148,49,1233,dashboard_view,2026-06-16
13149,49,1252,login,2026-07-17
13150,49,1226,integration_used,2026-07-24
13151,49,1235,dashboard_view,2026-08-06
13152,49,1234,login,2026-07-12
13153,49,1232,export,2026-07-18
13154,49,1226,dashboard_view,2026-08-02
13155,49,1232,dashboard_view,2026-08-03
13156,49,1247,integration_used,2026-08-07
13157,49,1254,integration_used,2026-07-16
13158,49,1232,report_created,2026-07-24
13159,49,1237,login,2026-07-29
13160,49,1230,export,2026-07-30
13161,49,1254,login,2026-07-24
13162,49,1234,dashboard_view,2026-07-27
13163,49,1240,integration_used,2026-08-07
13164,49,1242,report_created,2026-07-16
13165,49,1250,login,2026-07-12
13166,49,1241,integration_used,2026-07-28
13167,49,1247,integration_used,2026-07-29
13168,49,1226,export,2026-07-13
13169,49,1235,report_created,2026-07-30
13170,49,1235,dashboard_view,2026-08-01
13171,49,1229,export,2026-07-30
13172,49,1247,integration_used,2026-07-19
13173,49,1251,export,2026-08-03
13174,49,1245,dashboard_view,2026-07-20
13175,49,1239,login,2026-08-01
13176,49,1236,dashboard_view,2026-08-04
13177,49,1246,export,2026-07-15
13178,49,1232,integration_used,2026-07-21
13179,49,1239,integration_used,2026-07-25
13180,49,1237,dashboard_view,2026-07-22
13181,49,1234,dashboard_view,2026-07-18
13182,49,1242,dashboard_view,2026-07-24
13183,49,1246,integration_used,2026-07-16
13184,49,1227,integration_used,2026-08-03
13185,49,1240,integration_used,2026-07-22
13186,49,1240,integration_used,2026-07-12
13187,49,1253,dashboard_view,2026-08-04
13188,49,1228,report_created,2026-07-19
13189,49,1226,dashboard_view,2026-08-03
13190,49,1229,integration_used,2026-07-22
13191,49,1237,integration_used,2026-07-17
13192,49,1252,export,2026-07-20
13193,49,1237,report_created,2026-07-16
13194,49,1250,login,2026-08-08
13195,49,1230,login,2026-07-31
13196,49,1238,export,2026-07-28
13197,49,1254,integration_used,2026-07-12
13198,49,1238,login,2026-07-21
13199,49,1238,export,2026-07-21
13200,49,1233,export,2026-08-01
13201,49,1239,login,2026-07-26
13202,49,1253,integration_used,2026-08-01
13203,49,1244,integration_used,2026-07-20
13204,49,1239,dashboard_view,2026-08-03
13205,49,1243,report_created,2026-07-23
13206,49,1249,login,2026-07-22
13207,49,1254,login,2026-07-18
13208,49,1233,report_created,2026-07-25
13209,50,1257,export,2026-03-09
13210,50,1258,dashboard_view,2026-03-08
13211,50,1255,report_created,2026-03-03
13212,50,1259,export,2026-02-17
13213,50,1256,export,2026-02-12
13214,50,1257,integration_used,2026-03-07
13215,50,1260,dashboard_view,2026-02-28
13216,50,1259,report_created,2026-02-22
13217,50,1259,integration_used,2026-03-03
13218,50,1257,dashboard_view,2026-03-13
13219,50,1259,report_created,2026-02-23
13220,50,1257,report_created,2026-02-16
13221,50,1258,export,2026-03-02
13222,50,1260,report_created,2026-02-21
13223,50,1256,export,2026-03-11
13224,50,1255,export,2026-02-25
13225,50,1256,login,2026-03-12
13226,50,1256,login,2026-02-18
13227,50,1255,dashboard_view,2026-02-20
13228,50,1260,export,2026-02-16
13229,50,1256,export,2026-03-01
13230,50,1256,dashboard_view,2026-02-20
13231,50,1257,export,2026-02-18
13232,50,1260,export,2026-02-16
13233,50,1256,dashboard_view,2026-02-18
13234,50,1256,dashboard_view,2026-02-18
13235,50,1257,integration_used,2026-02-12
13236,50,1258,integration_used,2026-03-05
13237,50,1256,login,2026-02-22
13238,50,1258,export,2026-02-20
13239,50,1255,login,2026-02-16
13240,50,1259,login,2026-03-10
13241,50,1259,report_created,2026-03-13
13242,50,1259,export,2026-02-25
13243,50,1258,login,2026-02-18
13244,50,1260,dashboard_view,2026-02-27
13245,50,1260,export,2026-03-09
13246,50,1257,export,2026-03-04
13247,50,1259,integration_used,2026-02-13
13248,50,1260,dashboard_view,2026-02-19
13249,50,1259,integration_used,2026-04-01
13250,50,1257,report_created,2026-03-23
13251,50,1255,export,2026-03-28
13252,50,1255,integration_used,2026-03-18
13253,50,1260,integration_used,2026-04-12
13254,50,1256,login,2026-03-28
13255,50,1258,report_created,2026-04-03
13256,50,1260,login,2026-03-26
13257,50,1255,report_created,2026-04-03
13258,50,1258,dashboard_view,2026-03-17
13259,50,1260,export,2026-04-04
13260,50,1258,report_created,2026-03-25
13261,50,1257,export,2026-03-14
13262,50,1256,dashboard_view,2026-03-21
13263,50,1259,integration_used,2026-03-29
13264,50,1255,report_created,2026-03-20
13265,50,1256,integration_used,2026-03-27
13266,50,1255,report_created,2026-03-22
13267,50,1258,report_created,2026-03-30
13268,50,1255,dashboard_view,2026-03-26
13269,50,1258,report_created,2026-03-26
13270,50,1260,export,2026-03-29
13271,50,1255,integration_used,2026-03-25
13272,50,1259,dashboard_view,2026-03-27
13273,50,1258,dashboard_view,2026-04-04
13274,50,1257,login,2026-04-01
13275,50,1259,export,2026-03-17
13276,50,1259,integration_used,2026-04-02
13277,50,1256,login,2026-03-27
13278,50,1258,report_created,2026-04-07
13279,50,1255,dashboard_view,2026-04-08
13280,50,1255,integration_used,2026-03-27
13281,50,1260,export,2026-03-25
13282,50,1257,integration_used,2026-03-31
13283,50,1260,report_created,2026-04-07
13284,50,1256,dashboard_view,2026-04-03
13285,50,1257,integration_used,2026-04-04
13286,50,1258,report_created,2026-03-24
13287,50,1256,dashboard_view,2026-04-09
13288,50,1255,report_created,2026-03-22
13289,50,1258,dashboard_view,2026-04-11
13290,50,1259,login,2026-03-29
13291,50,1255,integration_used,2026-03-27
13292,50,1255,report_created,2026-04-06
13293,50,1257,integration_used,2026-03-30
13294,50,1257,export,2026-03-31
13295,50,1255,report_created,2026-03-15
13296,50,1259,login,2026-03-18
13297,50,1256,export,2026-03-28
13298,50,1257,report_created,2026-03-29
13299,50,1258,integration_used,2026-04-19
13300,50,1255,login,2026-04-21
13301,50,1258,dashboard_view,2026-05-10
13302,50,1256,report_created,2026-05-09
13303,50,1255,dashboard_view,2026-04-18
13304,50,1260,export,2026-04-24
13305,50,1260,report_created,2026-05-02
13306,50,1259,export,2026-04-17
13307,50,1260,login,2026-04-26
13308,50,1260,login,2026-04-24
13309,50,1255,report_created,2026-04-17
13310,50,1255,integration_used,2026-05-02
13311,50,1259,dashboard_view,2026-05-05
13312,50,1256,dashboard_view,2026-05-01
13313,50,1259,export,2026-04-29
13314,50,1255,dashboard_view,2026-05-09
13315,50,1259,report_created,2026-05-02
13316,50,1260,login,2026-05-12
13317,50,1256,report_created,2026-04-24
13318,50,1258,integration_used,2026-05-06
13319,50,1255,login,2026-05-09
13320,50,1255,report_created,2026-05-07
13321,50,1257,export,2026-04-15
13322,50,1255,login,2026-04-25
13323,50,1257,login,2026-04-25
13324,50,1258,login,2026-04-19
13325,50,1259,integration_used,2026-05-03
13326,50,1259,integration_used,2026-04-18
13327,50,1255,export,2026-05-06
13328,50,1260,report_created,2026-04-17
13329,50,1255,report_created,2026-04-14
13330,50,1257,integration_used,2026-05-09
13331,50,1255,integration_used,2026-04-21
13332,50,1256,integration_used,2026-04-16
13333,50,1258,export,2026-04-25
13334,50,1255,export,2026-04-26
13335,50,1260,login,2026-04-27
13336,50,1258,integration_used,2026-05-12
13337,50,1255,report_created,2026-04-22
13338,50,1259,integration_used,2026-05-08
13339,50,1256,dashboard_view,2026-04-20
13340,50,1259,report_created,2026-04-13
13341,50,1255,login,2026-04-27
13342,50,1259,login,2026-04-29
13343,50,1256,dashboard_view,2026-04-24
13344,50,1256,dashboard_view,2026-04-16
13345,50,1255,dashboard_view,2026-04-18
13346,50,1257,report_created,2026-04-24
13347,50,1256,login,2026-05-08
13348,50,1259,report_created,2026-04-15
13349,50,1255,login,2026-04-21
13350,50,1256,login,2026-04-27
13351,50,1258,report_created,2026-04-27
13352,50,1259,report_created,2026-04-25
13353,50,1256,export,2026-05-20
13354,50,1257,login,2026-05-25
13355,50,1258,login,2026-05-30
13356,50,1255,dashboard_view,2026-05-20
13357,50,1258,dashboard_view,2026-05-17
13358,50,1260,dashboard_view,2026-06-10
13359,50,1255,integration_used,2026-05-30
13360,50,1257,export,2026-06-09
13361,50,1257,login,2026-05-27
13362,50,1256,login,2026-06-08
13363,50,1259,login,2026-05-29
13364,50,1260,integration_used,2026-06-09
13365,50,1255,login,2026-05-14
13366,50,1260,dashboard_view,2026-05-19
13367,50,1260,dashboard_view,2026-05-20
13368,50,1260,integration_used,2026-05-23
13369,50,1256,login,2026-06-05
13370,50,1256,report_created,2026-06-01
13371,50,1259,integration_used,2026-05-15
13372,50,1258,dashboard_view,2026-05-24
13373,50,1255,dashboard_view,2026-05-29
13374,50,1256,report_created,2026-06-08
13375,50,1260,integration_used,2026-06-01
13376,50,1258,integration_used,2026-05-25
13377,50,1260,login,2026-05-23
13378,50,1255,integration_used,2026-05-14
13379,50,1260,login,2026-05-30
13380,50,1259,export,2026-05-18
13381,50,1259,report_created,2026-06-10
13382,50,1257,report_created,2026-06-11
13383,50,1256,login,2026-06-09
13384,50,1256,login,2026-05-18
13385,50,1256,export,2026-05-17
13386,50,1255,login,2026-05-26
13387,50,1258,report_created,2026-05-17
13388,50,1255,integration_used,2026-05-20
13389,50,1255,report_created,2026-06-03
13390,50,1260,export,2026-05-17
13391,50,1255,integration_used,2026-05-14
13392,50,1260,integration_used,2026-06-09
13393,50,1258,login,2026-05-13
13394,50,1257,integration_used,2026-06-10
13395,50,1256,export,2026-06-03
13396,50,1259,report_created,2026-06-01
13397,50,1257,report_created,2026-05-24
13398,50,1255,export,2026-05-16
13399,50,1255,report_created,2026-05-24
13400,50,1259,export,2026-06-10
13401,50,1256,export,2026-05-20
13402,50,1257,export,2026-06-01
13403,50,1258,integration_used,2026-05-23
13404,50,1256,integration_used,2026-05-21
13405,50,1259,login,2026-06-21
13406,50,1258,dashboard_view,2026-07-03
13407,50,1259,login,2026-07-03
13408,50,1257,integration_used,2026-07-07
13409,50,1260,report_created,2026-07-11
13410,50,1259,export,2026-06-30
13411,50,1260,export,2026-06-27
13412,50,1256,dashboard_view,2026-07-01
13413,50,1260,integration_used,2026-06-17
13414,50,1257,export,2026-06-27
13415,50,1258,login,2026-06-22
13416,50,1259,report_created,2026-06-16
13417,50,1256,login,2026-07-10
13418,50,1258,report_created,2026-06-14
13419,50,1258,integration_used,2026-07-07
13420,50,1260,login,2026-06-29
13421,50,1258,export,2026-07-02
13422,50,1259,integration_used,2026-07-01
13423,50,1255,export,2026-07-07
13424,50,1256,export,2026-06-22
13425,50,1258,login,2026-07-09
13426,50,1258,dashboard_view,2026-06-29
13427,50,1260,export,2026-06-24
13428,50,1258,dashboard_view,2026-07-11
13429,50,1257,integration_used,2026-06-22
13430,50,1256,export,2026-07-03
13431,50,1259,export,2026-06-22
13432,50,1258,login,2026-06-21
13433,50,1255,report_created,2026-06-29
13434,50,1258,export,2026-07-06
13435,50,1260,report_created,2026-06-26
13436,50,1255,login,2026-07-06
13437,50,1257,export,2026-06-15
13438,50,1256,login,2026-07-05
13439,50,1260,report_created,2026-07-07
13440,50,1256,dashboard_view,2026-07-03
13441,50,1256,dashboard_view,2026-07-01
13442,50,1257,export,2026-06-15
13443,50,1255,integration_used,2026-07-11
13444,50,1257,integration_used,2026-06-18
13445,50,1259,integration_used,2026-07-02
13446,50,1258,login,2026-06-13
13447,50,1258,login,2026-07-06
13448,50,1257,login,2026-06-14
13449,50,1257,dashboard_view,2026-06-17
13450,50,1255,report_created,2026-06-21
13451,50,1260,dashboard_view,2026-06-13
13452,50,1257,login,2026-07-05
13453,50,1256,login,2026-06-18
13454,50,1259,report_created,2026-07-03
13455,50,1258,report_created,2026-07-11
13456,50,1259,integration_used,2026-06-15
13457,50,1256,dashboard_view,2026-07-02
13458,50,1256,dashboard_view,2026-07-07
13459,50,1260,login,2026-06-19
13460,50,1255,login,2026-06-22
13461,50,1259,report_created,2026-08-02
13462,50,1260,login,2026-08-03
13463,50,1257,login,2026-07-12
13464,50,1257,login,2026-07-14
13465,50,1259,export,2026-07-12
13466,50,1259,report_created,2026-08-03
13467,50,1260,dashboard_view,2026-07-12
13468,50,1260,export,2026-07-15
13469,50,1258,integration_used,2026-07-23
13470,50,1256,report_created,2026-07-19
13471,50,1255,dashboard_view,2026-07-17
13472,50,1255,login,2026-07-12
13473,50,1258,integration_used,2026-07-12
13474,50,1256,login,2026-08-03
13475,50,1256,integration_used,2026-07-26
13476,50,1259,integration_used,2026-07-14
13477,50,1255,login,2026-07-25
13478,50,1260,login,2026-08-10
13479,50,1260,export,2026-07-23
13480,50,1256,report_created,2026-07-14
13481,50,1256,report_created,2026-07-28
13482,50,1258,integration_used,2026-07-25
13483,50,1258,dashboard_view,2026-07-16
13484,50,1260,report_created,2026-07-31
13485,50,1259,export,2026-07-26
13486,50,1257,report_created,2026-07-17
13487,50,1256,dashboard_view,2026-07-28
13488,50,1260,integration_used,2026-08-01
13489,50,1259,dashboard_view,2026-07-24
13490,50,1256,export,2026-07-18
13491,50,1260,report_created,2026-08-06
13492,50,1257,dashboard_view,2026-08-01
13493,50,1256,report_created,2026-07-21
13494,50,1256,login,2026-07-31
13495,50,1255,export,2026-07-13
13496,50,1259,integration_used,2026-07-20
13497,50,1256,login,2026-07-24
13498,50,1257,dashboard_view,2026-08-09
13499,50,1257,report_created,2026-07-31
13500,50,1256,integration_used,2026-07-24
13501,50,1256,export,2026-07-25
13502,50,1256,report_created,2026-08-10
13503,50,1258,export,2026-07-29
13504,50,1258,export,2026-07-29
13505,50,1260,integration_used,2026-08-09
13506,50,1256,integration_used,2026-07-24
13507,50,1258,report_created,2026-08-01
13508,50,1260,integration_used,2026-07-19
13509,50,1258,dashboard_view,2026-08-08
